ISO-10303-21;
HEADER;
FILE_DESCRIPTION(('Open CASCADE Model'),'2;1');
FILE_NAME('Open CASCADE Shape Model','2026-01-07T15:06:24',('Author'),(
    'Open CASCADE'),'Open CASCADE STEP processor 7.5','Open CASCADE 7.5'
  ,'Unknown');
FILE_SCHEMA(('AUTOMOTIVE_DESIGN { 1 0 10303 214 1 1 1 1 }'));
ENDSEC;
DATA;
#1 = APPLICATION_PROTOCOL_DEFINITION('international standard',
  'automotive_design',2000,#2);
#2 = APPLICATION_CONTEXT(
  'core data for automotive mechanical design processes');
#3 = SHAPE_DEFINITION_REPRESENTATION(#4,#10);
#4 = PRODUCT_DEFINITION_SHAPE('','',#5);
#5 = PRODUCT_DEFINITION('design','',#6,#9);
#6 = PRODUCT_DEFINITION_FORMATION('','',#7);
#7 = PRODUCT('PCB','PCB','',(#8));
#8 = PRODUCT_CONTEXT('',#2,'mechanical');
#9 = PRODUCT_DEFINITION_CONTEXT('part definition',#2,'design');
#10 = SHAPE_REPRESENTATION('',(#11,#15,#19,#23),#27);
#11 = AXIS2_PLACEMENT_3D('',#12,#13,#14);
#12 = CARTESIAN_POINT('',(0.,0.,0.));
#13 = DIRECTION('',(0.,0.,1.));
#14 = DIRECTION('',(1.,0.,-0.));
#15 = AXIS2_PLACEMENT_3D('',#16,#17,#18);
#16 = CARTESIAN_POINT('',(0.,0.,0.));
#17 = DIRECTION('',(0.,0.,1.));
#18 = DIRECTION('',(1.,0.,-0.));
#19 = AXIS2_PLACEMENT_3D('',#20,#21,#22);
#20 = CARTESIAN_POINT('',(0.,0.,0.));
#21 = DIRECTION('',(0.,0.,1.));
#22 = DIRECTION('',(1.,0.,-0.));
#23 = AXIS2_PLACEMENT_3D('',#24,#25,#26);
#24 = CARTESIAN_POINT('',(0.,0.,0.));
#25 = DIRECTION('',(0.,0.,1.));
#26 = DIRECTION('',(1.,0.,-0.));
#27 = ( GEOMETRIC_REPRESENTATION_CONTEXT(3) 
GLOBAL_UNCERTAINTY_ASSIGNED_CONTEXT((#31)) GLOBAL_UNIT_ASSIGNED_CONTEXT(
(#28,#29,#30)) REPRESENTATION_CONTEXT('Context #1',
  '3D Context with UNIT and UNCERTAINTY') );
#28 = ( LENGTH_UNIT() NAMED_UNIT(*) SI_UNIT(.MILLI.,.METRE.) );
#29 = ( NAMED_UNIT(*) PLANE_ANGLE_UNIT() SI_UNIT($,.RADIAN.) );
#30 = ( NAMED_UNIT(*) SI_UNIT($,.STERADIAN.) SOLID_ANGLE_UNIT() );
#31 = UNCERTAINTY_MEASURE_WITH_UNIT(LENGTH_MEASURE(1.E-07),#28,
  'distance_accuracy_value','confusion accuracy');
#32 = PRODUCT_RELATED_PRODUCT_CATEGORY('part',$,(#7));
#33 = SHAPE_DEFINITION_REPRESENTATION(#34,#40);
#34 = PRODUCT_DEFINITION_SHAPE('','',#35);
#35 = PRODUCT_DEFINITION('design','',#36,#39);
#36 = PRODUCT_DEFINITION_FORMATION('','',#37);
#37 = PRODUCT('Board','Board','',(#38));
#38 = PRODUCT_CONTEXT('',#2,'mechanical');
#39 = PRODUCT_DEFINITION_CONTEXT('part definition',#2,'design');
#40 = SHAPE_REPRESENTATION('',(#11,#41),#45);
#41 = AXIS2_PLACEMENT_3D('',#42,#43,#44);
#42 = CARTESIAN_POINT('',(0.,0.,-0.41148));
#43 = DIRECTION('',(0.,0.,1.));
#44 = DIRECTION('',(1.,0.,-0.));
#45 = ( GEOMETRIC_REPRESENTATION_CONTEXT(3) 
GLOBAL_UNCERTAINTY_ASSIGNED_CONTEXT((#49)) GLOBAL_UNIT_ASSIGNED_CONTEXT(
(#46,#47,#48)) REPRESENTATION_CONTEXT('Context #1',
  '3D Context with UNIT and UNCERTAINTY') );
#46 = ( LENGTH_UNIT() NAMED_UNIT(*) SI_UNIT(.MILLI.,.METRE.) );
#47 = ( NAMED_UNIT(*) PLANE_ANGLE_UNIT() SI_UNIT($,.RADIAN.) );
#48 = ( NAMED_UNIT(*) SI_UNIT($,.STERADIAN.) SOLID_ANGLE_UNIT() );
#49 = UNCERTAINTY_MEASURE_WITH_UNIT(LENGTH_MEASURE(1.E-07),#46,
  'distance_accuracy_value','confusion accuracy');
#50 = ADVANCED_BREP_SHAPE_REPRESENTATION('',(#11,#51),#8687);
#51 = MANIFOLD_SOLID_BREP('',#52);
#52 = CLOSED_SHELL('',(#53,#93,#126,#157,#190,#221,#254,#285,#309,#342,
    #375,#408,#441,#474,#507,#540,#573,#606,#639,#672,#705,#738,#771,
    #804,#837,#870,#903,#936,#969,#1002,#1035,#1068,#1101,#1134,#1167,
    #1200,#1233,#1266,#1299,#1332,#1365,#1398,#1431,#1464,#1497,#1530,
    #1563,#1596,#1629,#1662,#1695,#1728,#1761,#1794,#1827,#1860,#1893,
    #1926,#1959,#1992,#2025,#2058,#2091,#2124,#2157,#2190,#2223,#2256,
    #2289,#2322,#2355,#2388,#2421,#2454,#2487,#2520,#2553,#2586,#2619,
    #2652,#2685,#2718,#2751,#2784,#2817,#2850,#2883,#2916,#2949,#2982,
    #3015,#3048,#3081,#3114,#3147,#3180,#3213,#3246,#3279,#3312,#3345,
    #3378,#3411,#3444,#3477,#3510,#3543,#3576,#3609,#3642,#3675,#3708,
    #3741,#3774,#3807,#3840,#3873,#3906,#3939,#3972,#4005,#4038,#4071,
    #4104,#4137,#4170,#4203,#4236,#4269,#4302,#4335,#4368,#4401,#4434,
    #4467,#4500,#4533,#4566,#4599,#4632,#4665,#4698,#4731,#4764,#4797,
    #4830,#4863,#4896,#4929,#4962,#4995,#5028,#5061,#5094,#5127,#5160,
    #5193,#5226,#5259,#5292,#5325,#5358,#5391,#5424,#5457,#5490,#5523,
    #5556,#5589,#5622,#5655,#5688,#5721,#5754,#5787,#5820,#5853,#5886,
    #5919,#5952,#5985,#6018,#6051,#6084,#6117,#6150,#6183,#6216,#6249,
    #6282,#6315,#6348,#6381,#6414,#6447,#6480,#6513,#6546,#6579,#6612,
    #6645,#6678,#6711,#6744,#6777,#6810,#6843,#6876,#6909,#6942,#6975,
    #7008,#7041,#7074,#7107,#7140,#7173,#7206,#7239,#7272,#7305,#7338,
    #7371,#8029));
#53 = ADVANCED_FACE('',(#54),#88,.T.);
#54 = FACE_BOUND('',#55,.T.);
#55 = EDGE_LOOP('',(#56,#66,#74,#82));
#56 = ORIENTED_EDGE('',*,*,#57,.T.);
#57 = EDGE_CURVE('',#58,#60,#62,.T.);
#58 = VERTEX_POINT('',#59);
#59 = CARTESIAN_POINT('',(-8.881784161837E-16,9.8,0.));
#60 = VERTEX_POINT('',#61);
#61 = CARTESIAN_POINT('',(-8.881784161837E-16,9.8,0.41148));
#62 = LINE('',#63,#64);
#63 = CARTESIAN_POINT('',(-8.881784161837E-16,9.8,0.));
#64 = VECTOR('',#65,1.);
#65 = DIRECTION('',(0.,0.,1.));
#66 = ORIENTED_EDGE('',*,*,#67,.T.);
#67 = EDGE_CURVE('',#60,#68,#70,.T.);
#68 = VERTEX_POINT('',#69);
#69 = CARTESIAN_POINT('',(1.7763568394E-15,26.925,0.41148));
#70 = LINE('',#71,#72);
#71 = CARTESIAN_POINT('',(0.,9.8,0.41148));
#72 = VECTOR('',#73,1.);
#73 = DIRECTION('',(0.,1.,0.));
#74 = ORIENTED_EDGE('',*,*,#75,.F.);
#75 = EDGE_CURVE('',#76,#68,#78,.T.);
#76 = VERTEX_POINT('',#77);
#77 = CARTESIAN_POINT('',(1.7763568394E-15,26.925,0.));
#78 = LINE('',#79,#80);
#79 = CARTESIAN_POINT('',(1.7763568394E-15,26.925,0.));
#80 = VECTOR('',#81,1.);
#81 = DIRECTION('',(0.,0.,1.));
#82 = ORIENTED_EDGE('',*,*,#83,.F.);
#83 = EDGE_CURVE('',#58,#76,#84,.T.);
#84 = LINE('',#85,#86);
#85 = CARTESIAN_POINT('',(0.,9.8,0.));
#86 = VECTOR('',#87,1.);
#87 = DIRECTION('',(0.,1.,0.));
#88 = PLANE('',#89);
#89 = AXIS2_PLACEMENT_3D('',#90,#91,#92);
#90 = CARTESIAN_POINT('',(0.,9.8,0.));
#91 = DIRECTION('',(-1.,0.,0.));
#92 = DIRECTION('',(0.,1.,0.));
#93 = ADVANCED_FACE('',(#94),#121,.T.);
#94 = FACE_BOUND('',#95,.T.);
#95 = EDGE_LOOP('',(#96,#97,#106,#114));
#96 = ORIENTED_EDGE('',*,*,#75,.T.);
#97 = ORIENTED_EDGE('',*,*,#98,.T.);
#98 = EDGE_CURVE('',#68,#99,#101,.T.);
#99 = VERTEX_POINT('',#100);
#100 = CARTESIAN_POINT('',(9.8,36.725,0.41148));
#101 = CIRCLE('',#102,9.798793177774);
#102 = AXIS2_PLACEMENT_3D('',#103,#104,#105);
#103 = CARTESIAN_POINT('',(9.798793103448,26.926206896552,0.41148));
#104 = DIRECTION('',(0.,0.,-1.));
#105 = DIRECTION('',(-0.999999992415,-1.231678768826E-04,-0.));
#106 = ORIENTED_EDGE('',*,*,#107,.F.);
#107 = EDGE_CURVE('',#108,#99,#110,.T.);
#108 = VERTEX_POINT('',#109);
#109 = CARTESIAN_POINT('',(9.8,36.725,0.));
#110 = LINE('',#111,#112);
#111 = CARTESIAN_POINT('',(9.8,36.725,0.));
#112 = VECTOR('',#113,1.);
#113 = DIRECTION('',(0.,0.,1.));
#114 = ORIENTED_EDGE('',*,*,#115,.F.);
#115 = EDGE_CURVE('',#76,#108,#116,.T.);
#116 = CIRCLE('',#117,9.798793177774);
#117 = AXIS2_PLACEMENT_3D('',#118,#119,#120);
#118 = CARTESIAN_POINT('',(9.798793103448,26.926206896552,0.));
#119 = DIRECTION('',(0.,0.,-1.));
#120 = DIRECTION('',(-0.999999992415,-1.231678768826E-04,-0.));
#121 = CYLINDRICAL_SURFACE('',#122,9.798793177774);
#122 = AXIS2_PLACEMENT_3D('',#123,#124,#125);
#123 = CARTESIAN_POINT('',(9.798793103448,26.926206896552,0.));
#124 = DIRECTION('',(0.,0.,-1.));
#125 = DIRECTION('',(-0.999999992415,-1.231678768826E-04,-0.));
#126 = ADVANCED_FACE('',(#127),#152,.T.);
#127 = FACE_BOUND('',#128,.T.);
#128 = EDGE_LOOP('',(#129,#130,#138,#146));
#129 = ORIENTED_EDGE('',*,*,#107,.T.);
#130 = ORIENTED_EDGE('',*,*,#131,.T.);
#131 = EDGE_CURVE('',#99,#132,#134,.T.);
#132 = VERTEX_POINT('',#133);
#133 = CARTESIAN_POINT('',(42.3,36.725,0.41148));
#134 = LINE('',#135,#136);
#135 = CARTESIAN_POINT('',(9.8,36.725,0.41148));
#136 = VECTOR('',#137,1.);
#137 = DIRECTION('',(1.,0.,0.));
#138 = ORIENTED_EDGE('',*,*,#139,.F.);
#139 = EDGE_CURVE('',#140,#132,#142,.T.);
#140 = VERTEX_POINT('',#141);
#141 = CARTESIAN_POINT('',(42.3,36.725,0.));
#142 = LINE('',#143,#144);
#143 = CARTESIAN_POINT('',(42.3,36.725,0.));
#144 = VECTOR('',#145,1.);
#145 = DIRECTION('',(0.,0.,1.));
#146 = ORIENTED_EDGE('',*,*,#147,.F.);
#147 = EDGE_CURVE('',#108,#140,#148,.T.);
#148 = LINE('',#149,#150);
#149 = CARTESIAN_POINT('',(9.8,36.725,0.));
#150 = VECTOR('',#151,1.);
#151 = DIRECTION('',(1.,0.,0.));
#152 = PLANE('',#153);
#153 = AXIS2_PLACEMENT_3D('',#154,#155,#156);
#154 = CARTESIAN_POINT('',(9.8,36.725,0.));
#155 = DIRECTION('',(0.,1.,0.));
#156 = DIRECTION('',(1.,0.,0.));
#157 = ADVANCED_FACE('',(#158),#185,.T.);
#158 = FACE_BOUND('',#159,.T.);
#159 = EDGE_LOOP('',(#160,#161,#170,#178));
#160 = ORIENTED_EDGE('',*,*,#139,.T.);
#161 = ORIENTED_EDGE('',*,*,#162,.T.);
#162 = EDGE_CURVE('',#132,#163,#165,.T.);
#163 = VERTEX_POINT('',#164);
#164 = CARTESIAN_POINT('',(52.1,26.925,0.41148));
#165 = CIRCLE('',#166,9.798793177774);
#166 = AXIS2_PLACEMENT_3D('',#167,#168,#169);
#167 = CARTESIAN_POINT('',(42.301206896552,26.926206896552,0.41148));
#168 = DIRECTION('',(0.,0.,-1.));
#169 = DIRECTION('',(-1.231678768822E-04,0.999999992415,0.));
#170 = ORIENTED_EDGE('',*,*,#171,.F.);
#171 = EDGE_CURVE('',#172,#163,#174,.T.);
#172 = VERTEX_POINT('',#173);
#173 = CARTESIAN_POINT('',(52.1,26.925,0.));
#174 = LINE('',#175,#176);
#175 = CARTESIAN_POINT('',(52.1,26.925,0.));
#176 = VECTOR('',#177,1.);
#177 = DIRECTION('',(0.,0.,1.));
#178 = ORIENTED_EDGE('',*,*,#179,.F.);
#179 = EDGE_CURVE('',#140,#172,#180,.T.);
#180 = CIRCLE('',#181,9.798793177774);
#181 = AXIS2_PLACEMENT_3D('',#182,#183,#184);
#182 = CARTESIAN_POINT('',(42.301206896552,26.926206896552,0.));
#183 = DIRECTION('',(0.,0.,-1.));
#184 = DIRECTION('',(-1.231678768822E-04,0.999999992415,0.));
#185 = CYLINDRICAL_SURFACE('',#186,9.798793177774);
#186 = AXIS2_PLACEMENT_3D('',#187,#188,#189);
#187 = CARTESIAN_POINT('',(42.301206896552,26.926206896552,0.));
#188 = DIRECTION('',(0.,0.,-1.));
#189 = DIRECTION('',(-1.231678768822E-04,0.999999992415,0.));
#190 = ADVANCED_FACE('',(#191),#216,.T.);
#191 = FACE_BOUND('',#192,.T.);
#192 = EDGE_LOOP('',(#193,#194,#202,#210));
#193 = ORIENTED_EDGE('',*,*,#171,.T.);
#194 = ORIENTED_EDGE('',*,*,#195,.T.);
#195 = EDGE_CURVE('',#163,#196,#198,.T.);
#196 = VERTEX_POINT('',#197);
#197 = CARTESIAN_POINT('',(52.1,9.8,0.41148));
#198 = LINE('',#199,#200);
#199 = CARTESIAN_POINT('',(52.1,26.925,0.41148));
#200 = VECTOR('',#201,1.);
#201 = DIRECTION('',(0.,-1.,0.));
#202 = ORIENTED_EDGE('',*,*,#203,.F.);
#203 = EDGE_CURVE('',#204,#196,#206,.T.);
#204 = VERTEX_POINT('',#205);
#205 = CARTESIAN_POINT('',(52.1,9.8,0.));
#206 = LINE('',#207,#208);
#207 = CARTESIAN_POINT('',(52.1,9.8,0.));
#208 = VECTOR('',#209,1.);
#209 = DIRECTION('',(0.,0.,1.));
#210 = ORIENTED_EDGE('',*,*,#211,.F.);
#211 = EDGE_CURVE('',#172,#204,#212,.T.);
#212 = LINE('',#213,#214);
#213 = CARTESIAN_POINT('',(52.1,26.925,0.));
#214 = VECTOR('',#215,1.);
#215 = DIRECTION('',(0.,-1.,0.));
#216 = PLANE('',#217);
#217 = AXIS2_PLACEMENT_3D('',#218,#219,#220);
#218 = CARTESIAN_POINT('',(52.1,26.925,0.));
#219 = DIRECTION('',(1.,0.,-0.));
#220 = DIRECTION('',(0.,-1.,0.));
#221 = ADVANCED_FACE('',(#222),#249,.T.);
#222 = FACE_BOUND('',#223,.T.);
#223 = EDGE_LOOP('',(#224,#225,#234,#242));
#224 = ORIENTED_EDGE('',*,*,#203,.T.);
#225 = ORIENTED_EDGE('',*,*,#226,.T.);
#226 = EDGE_CURVE('',#196,#227,#229,.T.);
#227 = VERTEX_POINT('',#228);
#228 = CARTESIAN_POINT('',(42.3,0.,0.41148));
#229 = CIRCLE('',#230,9.798793177774);
#230 = AXIS2_PLACEMENT_3D('',#231,#232,#233);
#231 = CARTESIAN_POINT('',(42.301206896552,9.798793103448,0.41148));
#232 = DIRECTION('',(0.,0.,-1.));
#233 = DIRECTION('',(0.999999992415,1.231678768824E-04,0.));
#234 = ORIENTED_EDGE('',*,*,#235,.F.);
#235 = EDGE_CURVE('',#236,#227,#238,.T.);
#236 = VERTEX_POINT('',#237);
#237 = CARTESIAN_POINT('',(42.3,0.,0.));
#238 = LINE('',#239,#240);
#239 = CARTESIAN_POINT('',(42.3,0.,0.));
#240 = VECTOR('',#241,1.);
#241 = DIRECTION('',(0.,0.,1.));
#242 = ORIENTED_EDGE('',*,*,#243,.F.);
#243 = EDGE_CURVE('',#204,#236,#244,.T.);
#244 = CIRCLE('',#245,9.798793177774);
#245 = AXIS2_PLACEMENT_3D('',#246,#247,#248);
#246 = CARTESIAN_POINT('',(42.301206896552,9.798793103448,0.));
#247 = DIRECTION('',(0.,0.,-1.));
#248 = DIRECTION('',(0.999999992415,1.231678768824E-04,0.));
#249 = CYLINDRICAL_SURFACE('',#250,9.798793177774);
#250 = AXIS2_PLACEMENT_3D('',#251,#252,#253);
#251 = CARTESIAN_POINT('',(42.301206896552,9.798793103448,0.));
#252 = DIRECTION('',(0.,0.,-1.));
#253 = DIRECTION('',(0.999999992415,1.231678768824E-04,0.));
#254 = ADVANCED_FACE('',(#255),#280,.T.);
#255 = FACE_BOUND('',#256,.T.);
#256 = EDGE_LOOP('',(#257,#258,#266,#274));
#257 = ORIENTED_EDGE('',*,*,#235,.T.);
#258 = ORIENTED_EDGE('',*,*,#259,.T.);
#259 = EDGE_CURVE('',#227,#260,#262,.T.);
#260 = VERTEX_POINT('',#261);
#261 = CARTESIAN_POINT('',(9.8,0.,0.41148));
#262 = LINE('',#263,#264);
#263 = CARTESIAN_POINT('',(42.3,0.,0.41148));
#264 = VECTOR('',#265,1.);
#265 = DIRECTION('',(-1.,0.,0.));
#266 = ORIENTED_EDGE('',*,*,#267,.F.);
#267 = EDGE_CURVE('',#268,#260,#270,.T.);
#268 = VERTEX_POINT('',#269);
#269 = CARTESIAN_POINT('',(9.8,0.,0.));
#270 = LINE('',#271,#272);
#271 = CARTESIAN_POINT('',(9.8,0.,0.));
#272 = VECTOR('',#273,1.);
#273 = DIRECTION('',(0.,0.,1.));
#274 = ORIENTED_EDGE('',*,*,#275,.F.);
#275 = EDGE_CURVE('',#236,#268,#276,.T.);
#276 = LINE('',#277,#278);
#277 = CARTESIAN_POINT('',(42.3,0.,0.));
#278 = VECTOR('',#279,1.);
#279 = DIRECTION('',(-1.,0.,0.));
#280 = PLANE('',#281);
#281 = AXIS2_PLACEMENT_3D('',#282,#283,#284);
#282 = CARTESIAN_POINT('',(42.3,0.,0.));
#283 = DIRECTION('',(0.,-1.,0.));
#284 = DIRECTION('',(-1.,0.,0.));
#285 = ADVANCED_FACE('',(#286),#304,.T.);
#286 = FACE_BOUND('',#287,.T.);
#287 = EDGE_LOOP('',(#288,#289,#296,#297));
#288 = ORIENTED_EDGE('',*,*,#267,.T.);
#289 = ORIENTED_EDGE('',*,*,#290,.T.);
#290 = EDGE_CURVE('',#260,#60,#291,.T.);
#291 = CIRCLE('',#292,9.798793177774);
#292 = AXIS2_PLACEMENT_3D('',#293,#294,#295);
#293 = CARTESIAN_POINT('',(9.798793103448,9.798793103448,0.41148));
#294 = DIRECTION('',(0.,0.,-1.));
#295 = DIRECTION('',(1.23167876883E-04,-0.999999992415,0.));
#296 = ORIENTED_EDGE('',*,*,#57,.F.);
#297 = ORIENTED_EDGE('',*,*,#298,.F.);
#298 = EDGE_CURVE('',#268,#58,#299,.T.);
#299 = CIRCLE('',#300,9.798793177774);
#300 = AXIS2_PLACEMENT_3D('',#301,#302,#303);
#301 = CARTESIAN_POINT('',(9.798793103448,9.798793103448,0.));
#302 = DIRECTION('',(0.,0.,-1.));
#303 = DIRECTION('',(1.23167876883E-04,-0.999999992415,0.));
#304 = CYLINDRICAL_SURFACE('',#305,9.798793177774);
#305 = AXIS2_PLACEMENT_3D('',#306,#307,#308);
#306 = CARTESIAN_POINT('',(9.798793103448,9.798793103448,0.));
#307 = DIRECTION('',(0.,0.,-1.));
#308 = DIRECTION('',(1.23167876883E-04,-0.999999992415,0.));
#309 = ADVANCED_FACE('',(#310),#337,.F.);
#310 = FACE_BOUND('',#311,.T.);
#311 = EDGE_LOOP('',(#312,#322,#329,#330));
#312 = ORIENTED_EDGE('',*,*,#313,.T.);
#313 = EDGE_CURVE('',#314,#316,#318,.T.);
#314 = VERTEX_POINT('',#315);
#315 = CARTESIAN_POINT('',(4.82,12.013,0.));
#316 = VERTEX_POINT('',#317);
#317 = CARTESIAN_POINT('',(4.82,12.013,0.41148));
#318 = LINE('',#319,#320);
#319 = CARTESIAN_POINT('',(4.82,12.013,0.));
#320 = VECTOR('',#321,1.);
#321 = DIRECTION('',(0.,0.,1.));
#322 = ORIENTED_EDGE('',*,*,#323,.T.);
#323 = EDGE_CURVE('',#316,#316,#324,.T.);
#324 = CIRCLE('',#325,0.5);
#325 = AXIS2_PLACEMENT_3D('',#326,#327,#328);
#326 = CARTESIAN_POINT('',(4.32,12.013,0.41148));
#327 = DIRECTION('',(0.,0.,1.));
#328 = DIRECTION('',(1.,0.,-0.));
#329 = ORIENTED_EDGE('',*,*,#313,.F.);
#330 = ORIENTED_EDGE('',*,*,#331,.F.);
#331 = EDGE_CURVE('',#314,#314,#332,.T.);
#332 = CIRCLE('',#333,0.5);
#333 = AXIS2_PLACEMENT_3D('',#334,#335,#336);
#334 = CARTESIAN_POINT('',(4.32,12.013,0.));
#335 = DIRECTION('',(0.,0.,1.));
#336 = DIRECTION('',(1.,0.,-0.));
#337 = CYLINDRICAL_SURFACE('',#338,0.5);
#338 = AXIS2_PLACEMENT_3D('',#339,#340,#341);
#339 = CARTESIAN_POINT('',(4.32,12.013,0.));
#340 = DIRECTION('',(-0.,-0.,-1.));
#341 = DIRECTION('',(1.,0.,-0.));
#342 = ADVANCED_FACE('',(#343),#370,.F.);
#343 = FACE_BOUND('',#344,.T.);
#344 = EDGE_LOOP('',(#345,#355,#362,#363));
#345 = ORIENTED_EDGE('',*,*,#346,.T.);
#346 = EDGE_CURVE('',#347,#349,#351,.T.);
#347 = VERTEX_POINT('',#348);
#348 = CARTESIAN_POINT('',(9.4,7.8,0.));
#349 = VERTEX_POINT('',#350);
#350 = CARTESIAN_POINT('',(9.4,7.8,0.41148));
#351 = LINE('',#352,#353);
#352 = CARTESIAN_POINT('',(9.4,7.8,0.));
#353 = VECTOR('',#354,1.);
#354 = DIRECTION('',(0.,0.,1.));
#355 = ORIENTED_EDGE('',*,*,#356,.T.);
#356 = EDGE_CURVE('',#349,#349,#357,.T.);
#357 = CIRCLE('',#358,1.6);
#358 = AXIS2_PLACEMENT_3D('',#359,#360,#361);
#359 = CARTESIAN_POINT('',(7.8,7.8,0.41148));
#360 = DIRECTION('',(0.,0.,1.));
#361 = DIRECTION('',(1.,0.,-0.));
#362 = ORIENTED_EDGE('',*,*,#346,.F.);
#363 = ORIENTED_EDGE('',*,*,#364,.F.);
#364 = EDGE_CURVE('',#347,#347,#365,.T.);
#365 = CIRCLE('',#366,1.6);
#366 = AXIS2_PLACEMENT_3D('',#367,#368,#369);
#367 = CARTESIAN_POINT('',(7.8,7.8,0.));
#368 = DIRECTION('',(0.,0.,1.));
#369 = DIRECTION('',(1.,0.,-0.));
#370 = CYLINDRICAL_SURFACE('',#371,1.6);
#371 = AXIS2_PLACEMENT_3D('',#372,#373,#374);
#372 = CARTESIAN_POINT('',(7.8,7.8,0.));
#373 = DIRECTION('',(-0.,-0.,-1.));
#374 = DIRECTION('',(1.,0.,-0.));
#375 = ADVANCED_FACE('',(#376),#403,.F.);
#376 = FACE_BOUND('',#377,.T.);
#377 = EDGE_LOOP('',(#378,#388,#395,#396));
#378 = ORIENTED_EDGE('',*,*,#379,.T.);
#379 = EDGE_CURVE('',#380,#382,#384,.T.);
#380 = VERTEX_POINT('',#381);
#381 = CARTESIAN_POINT('',(12.44,9.473,0.));
#382 = VERTEX_POINT('',#383);
#383 = CARTESIAN_POINT('',(12.44,9.473,0.41148));
#384 = LINE('',#385,#386);
#385 = CARTESIAN_POINT('',(12.44,9.473,0.));
#386 = VECTOR('',#387,1.);
#387 = DIRECTION('',(0.,0.,1.));
#388 = ORIENTED_EDGE('',*,*,#389,.T.);
#389 = EDGE_CURVE('',#382,#382,#390,.T.);
#390 = CIRCLE('',#391,0.5);
#391 = AXIS2_PLACEMENT_3D('',#392,#393,#394);
#392 = CARTESIAN_POINT('',(11.94,9.473,0.41148));
#393 = DIRECTION('',(0.,0.,1.));
#394 = DIRECTION('',(1.,0.,-0.));
#395 = ORIENTED_EDGE('',*,*,#379,.F.);
#396 = ORIENTED_EDGE('',*,*,#397,.F.);
#397 = EDGE_CURVE('',#380,#380,#398,.T.);
#398 = CIRCLE('',#399,0.5);
#399 = AXIS2_PLACEMENT_3D('',#400,#401,#402);
#400 = CARTESIAN_POINT('',(11.94,9.473,0.));
#401 = DIRECTION('',(0.,0.,1.));
#402 = DIRECTION('',(1.,0.,-0.));
#403 = CYLINDRICAL_SURFACE('',#404,0.5);
#404 = AXIS2_PLACEMENT_3D('',#405,#406,#407);
#405 = CARTESIAN_POINT('',(11.94,9.473,0.));
#406 = DIRECTION('',(-0.,-0.,-1.));
#407 = DIRECTION('',(1.,0.,-0.));
#408 = ADVANCED_FACE('',(#409),#436,.F.);
#409 = FACE_BOUND('',#410,.T.);
#410 = EDGE_LOOP('',(#411,#421,#428,#429));
#411 = ORIENTED_EDGE('',*,*,#412,.T.);
#412 = EDGE_CURVE('',#413,#415,#417,.T.);
#413 = VERTEX_POINT('',#414);
#414 = CARTESIAN_POINT('',(2.28,12.013,0.));
#415 = VERTEX_POINT('',#416);
#416 = CARTESIAN_POINT('',(2.28,12.013,0.41148));
#417 = LINE('',#418,#419);
#418 = CARTESIAN_POINT('',(2.28,12.013,0.));
#419 = VECTOR('',#420,1.);
#420 = DIRECTION('',(0.,0.,1.));
#421 = ORIENTED_EDGE('',*,*,#422,.T.);
#422 = EDGE_CURVE('',#415,#415,#423,.T.);
#423 = CIRCLE('',#424,0.5);
#424 = AXIS2_PLACEMENT_3D('',#425,#426,#427);
#425 = CARTESIAN_POINT('',(1.78,12.013,0.41148));
#426 = DIRECTION('',(0.,0.,1.));
#427 = DIRECTION('',(1.,0.,-0.));
#428 = ORIENTED_EDGE('',*,*,#412,.F.);
#429 = ORIENTED_EDGE('',*,*,#430,.F.);
#430 = EDGE_CURVE('',#413,#413,#431,.T.);
#431 = CIRCLE('',#432,0.5);
#432 = AXIS2_PLACEMENT_3D('',#433,#434,#435);
#433 = CARTESIAN_POINT('',(1.78,12.013,0.));
#434 = DIRECTION('',(0.,0.,1.));
#435 = DIRECTION('',(1.,0.,-0.));
#436 = CYLINDRICAL_SURFACE('',#437,0.5);
#437 = AXIS2_PLACEMENT_3D('',#438,#439,#440);
#438 = CARTESIAN_POINT('',(1.78,12.013,0.));
#439 = DIRECTION('',(-0.,-0.,-1.));
#440 = DIRECTION('',(1.,0.,-0.));
#441 = ADVANCED_FACE('',(#442),#469,.F.);
#442 = FACE_BOUND('',#443,.T.);
#443 = EDGE_LOOP('',(#444,#454,#461,#462));
#444 = ORIENTED_EDGE('',*,*,#445,.T.);
#445 = EDGE_CURVE('',#446,#448,#450,.T.);
#446 = VERTEX_POINT('',#447);
#447 = CARTESIAN_POINT('',(9.9,12.013,0.));
#448 = VERTEX_POINT('',#449);
#449 = CARTESIAN_POINT('',(9.9,12.013,0.41148));
#450 = LINE('',#451,#452);
#451 = CARTESIAN_POINT('',(9.9,12.013,0.));
#452 = VECTOR('',#453,1.);
#453 = DIRECTION('',(0.,0.,1.));
#454 = ORIENTED_EDGE('',*,*,#455,.T.);
#455 = EDGE_CURVE('',#448,#448,#456,.T.);
#456 = CIRCLE('',#457,0.5);
#457 = AXIS2_PLACEMENT_3D('',#458,#459,#460);
#458 = CARTESIAN_POINT('',(9.4,12.013,0.41148));
#459 = DIRECTION('',(0.,0.,1.));
#460 = DIRECTION('',(1.,0.,-0.));
#461 = ORIENTED_EDGE('',*,*,#445,.F.);
#462 = ORIENTED_EDGE('',*,*,#463,.F.);
#463 = EDGE_CURVE('',#446,#446,#464,.T.);
#464 = CIRCLE('',#465,0.5);
#465 = AXIS2_PLACEMENT_3D('',#466,#467,#468);
#466 = CARTESIAN_POINT('',(9.4,12.013,0.));
#467 = DIRECTION('',(0.,0.,1.));
#468 = DIRECTION('',(1.,0.,-0.));
#469 = CYLINDRICAL_SURFACE('',#470,0.5);
#470 = AXIS2_PLACEMENT_3D('',#471,#472,#473);
#471 = CARTESIAN_POINT('',(9.4,12.013,0.));
#472 = DIRECTION('',(-0.,-0.,-1.));
#473 = DIRECTION('',(1.,0.,-0.));
#474 = ADVANCED_FACE('',(#475),#502,.F.);
#475 = FACE_BOUND('',#476,.T.);
#476 = EDGE_LOOP('',(#477,#487,#494,#495));
#477 = ORIENTED_EDGE('',*,*,#478,.T.);
#478 = EDGE_CURVE('',#479,#481,#483,.T.);
#479 = VERTEX_POINT('',#480);
#480 = CARTESIAN_POINT('',(7.36,12.013,0.));
#481 = VERTEX_POINT('',#482);
#482 = CARTESIAN_POINT('',(7.36,12.013,0.41148));
#483 = LINE('',#484,#485);
#484 = CARTESIAN_POINT('',(7.36,12.013,0.));
#485 = VECTOR('',#486,1.);
#486 = DIRECTION('',(0.,0.,1.));
#487 = ORIENTED_EDGE('',*,*,#488,.T.);
#488 = EDGE_CURVE('',#481,#481,#489,.T.);
#489 = CIRCLE('',#490,0.5);
#490 = AXIS2_PLACEMENT_3D('',#491,#492,#493);
#491 = CARTESIAN_POINT('',(6.86,12.013,0.41148));
#492 = DIRECTION('',(0.,0.,1.));
#493 = DIRECTION('',(1.,0.,-0.));
#494 = ORIENTED_EDGE('',*,*,#478,.F.);
#495 = ORIENTED_EDGE('',*,*,#496,.F.);
#496 = EDGE_CURVE('',#479,#479,#497,.T.);
#497 = CIRCLE('',#498,0.5);
#498 = AXIS2_PLACEMENT_3D('',#499,#500,#501);
#499 = CARTESIAN_POINT('',(6.86,12.013,0.));
#500 = DIRECTION('',(0.,0.,1.));
#501 = DIRECTION('',(1.,0.,-0.));
#502 = CYLINDRICAL_SURFACE('',#503,0.5);
#503 = AXIS2_PLACEMENT_3D('',#504,#505,#506);
#504 = CARTESIAN_POINT('',(6.86,12.013,0.));
#505 = DIRECTION('',(-0.,-0.,-1.));
#506 = DIRECTION('',(1.,0.,-0.));
#507 = ADVANCED_FACE('',(#508),#535,.F.);
#508 = FACE_BOUND('',#509,.T.);
#509 = EDGE_LOOP('',(#510,#520,#527,#528));
#510 = ORIENTED_EDGE('',*,*,#511,.T.);
#511 = EDGE_CURVE('',#512,#514,#516,.T.);
#512 = VERTEX_POINT('',#513);
#513 = CARTESIAN_POINT('',(12.44,6.933,0.));
#514 = VERTEX_POINT('',#515);
#515 = CARTESIAN_POINT('',(12.44,6.933,0.41148));
#516 = LINE('',#517,#518);
#517 = CARTESIAN_POINT('',(12.44,6.933,0.));
#518 = VECTOR('',#519,1.);
#519 = DIRECTION('',(0.,0.,1.));
#520 = ORIENTED_EDGE('',*,*,#521,.T.);
#521 = EDGE_CURVE('',#514,#514,#522,.T.);
#522 = CIRCLE('',#523,0.5);
#523 = AXIS2_PLACEMENT_3D('',#524,#525,#526);
#524 = CARTESIAN_POINT('',(11.94,6.933,0.41148));
#525 = DIRECTION('',(0.,0.,1.));
#526 = DIRECTION('',(1.,0.,-0.));
#527 = ORIENTED_EDGE('',*,*,#511,.F.);
#528 = ORIENTED_EDGE('',*,*,#529,.F.);
#529 = EDGE_CURVE('',#512,#512,#530,.T.);
#530 = CIRCLE('',#531,0.5);
#531 = AXIS2_PLACEMENT_3D('',#532,#533,#534);
#532 = CARTESIAN_POINT('',(11.94,6.933,0.));
#533 = DIRECTION('',(0.,0.,1.));
#534 = DIRECTION('',(1.,0.,-0.));
#535 = CYLINDRICAL_SURFACE('',#536,0.5);
#536 = AXIS2_PLACEMENT_3D('',#537,#538,#539);
#537 = CARTESIAN_POINT('',(11.94,6.933,0.));
#538 = DIRECTION('',(-0.,-0.,-1.));
#539 = DIRECTION('',(1.,0.,-0.));
#540 = ADVANCED_FACE('',(#541),#568,.F.);
#541 = FACE_BOUND('',#542,.T.);
#542 = EDGE_LOOP('',(#543,#553,#560,#561));
#543 = ORIENTED_EDGE('',*,*,#544,.T.);
#544 = EDGE_CURVE('',#545,#547,#549,.T.);
#545 = VERTEX_POINT('',#546);
#546 = CARTESIAN_POINT('',(12.58,1.78,0.));
#547 = VERTEX_POINT('',#548);
#548 = CARTESIAN_POINT('',(12.58,1.78,0.41148));
#549 = LINE('',#550,#551);
#550 = CARTESIAN_POINT('',(12.58,1.78,0.));
#551 = VECTOR('',#552,1.);
#552 = DIRECTION('',(0.,0.,1.));
#553 = ORIENTED_EDGE('',*,*,#554,.T.);
#554 = EDGE_CURVE('',#547,#547,#555,.T.);
#555 = CIRCLE('',#556,0.5);
#556 = AXIS2_PLACEMENT_3D('',#557,#558,#559);
#557 = CARTESIAN_POINT('',(12.08,1.78,0.41148));
#558 = DIRECTION('',(0.,0.,1.));
#559 = DIRECTION('',(1.,0.,-0.));
#560 = ORIENTED_EDGE('',*,*,#544,.F.);
#561 = ORIENTED_EDGE('',*,*,#562,.F.);
#562 = EDGE_CURVE('',#545,#545,#563,.T.);
#563 = CIRCLE('',#564,0.5);
#564 = AXIS2_PLACEMENT_3D('',#565,#566,#567);
#565 = CARTESIAN_POINT('',(12.08,1.78,0.));
#566 = DIRECTION('',(0.,0.,1.));
#567 = DIRECTION('',(1.,0.,-0.));
#568 = CYLINDRICAL_SURFACE('',#569,0.5);
#569 = AXIS2_PLACEMENT_3D('',#570,#571,#572);
#570 = CARTESIAN_POINT('',(12.08,1.78,0.));
#571 = DIRECTION('',(-0.,-0.,-1.));
#572 = DIRECTION('',(1.,0.,-0.));
#573 = ADVANCED_FACE('',(#574),#601,.F.);
#574 = FACE_BOUND('',#575,.T.);
#575 = EDGE_LOOP('',(#576,#586,#593,#594));
#576 = ORIENTED_EDGE('',*,*,#577,.T.);
#577 = EDGE_CURVE('',#578,#580,#582,.T.);
#578 = VERTEX_POINT('',#579);
#579 = CARTESIAN_POINT('',(12.58,4.32,0.));
#580 = VERTEX_POINT('',#581);
#581 = CARTESIAN_POINT('',(12.58,4.32,0.41148));
#582 = LINE('',#583,#584);
#583 = CARTESIAN_POINT('',(12.58,4.32,0.));
#584 = VECTOR('',#585,1.);
#585 = DIRECTION('',(0.,0.,1.));
#586 = ORIENTED_EDGE('',*,*,#587,.T.);
#587 = EDGE_CURVE('',#580,#580,#588,.T.);
#588 = CIRCLE('',#589,0.5);
#589 = AXIS2_PLACEMENT_3D('',#590,#591,#592);
#590 = CARTESIAN_POINT('',(12.08,4.32,0.41148));
#591 = DIRECTION('',(0.,0.,1.));
#592 = DIRECTION('',(1.,0.,-0.));
#593 = ORIENTED_EDGE('',*,*,#577,.F.);
#594 = ORIENTED_EDGE('',*,*,#595,.F.);
#595 = EDGE_CURVE('',#578,#578,#596,.T.);
#596 = CIRCLE('',#597,0.5);
#597 = AXIS2_PLACEMENT_3D('',#598,#599,#600);
#598 = CARTESIAN_POINT('',(12.08,4.32,0.));
#599 = DIRECTION('',(0.,0.,1.));
#600 = DIRECTION('',(1.,0.,-0.));
#601 = CYLINDRICAL_SURFACE('',#602,0.5);
#602 = AXIS2_PLACEMENT_3D('',#603,#604,#605);
#603 = CARTESIAN_POINT('',(12.08,4.32,0.));
#604 = DIRECTION('',(-0.,-0.,-1.));
#605 = DIRECTION('',(1.,0.,-0.));
#606 = ADVANCED_FACE('',(#607),#634,.F.);
#607 = FACE_BOUND('',#608,.T.);
#608 = EDGE_LOOP('',(#609,#619,#626,#627));
#609 = ORIENTED_EDGE('',*,*,#610,.T.);
#610 = EDGE_CURVE('',#611,#613,#615,.T.);
#611 = VERTEX_POINT('',#612);
#612 = CARTESIAN_POINT('',(14.98,12.013,0.));
#613 = VERTEX_POINT('',#614);
#614 = CARTESIAN_POINT('',(14.98,12.013,0.41148));
#615 = LINE('',#616,#617);
#616 = CARTESIAN_POINT('',(14.98,12.013,0.));
#617 = VECTOR('',#618,1.);
#618 = DIRECTION('',(0.,0.,1.));
#619 = ORIENTED_EDGE('',*,*,#620,.T.);
#620 = EDGE_CURVE('',#613,#613,#621,.T.);
#621 = CIRCLE('',#622,0.5);
#622 = AXIS2_PLACEMENT_3D('',#623,#624,#625);
#623 = CARTESIAN_POINT('',(14.48,12.013,0.41148));
#624 = DIRECTION('',(0.,0.,1.));
#625 = DIRECTION('',(1.,0.,-0.));
#626 = ORIENTED_EDGE('',*,*,#610,.F.);
#627 = ORIENTED_EDGE('',*,*,#628,.F.);
#628 = EDGE_CURVE('',#611,#611,#629,.T.);
#629 = CIRCLE('',#630,0.5);
#630 = AXIS2_PLACEMENT_3D('',#631,#632,#633);
#631 = CARTESIAN_POINT('',(14.48,12.013,0.));
#632 = DIRECTION('',(0.,0.,1.));
#633 = DIRECTION('',(1.,0.,-0.));
#634 = CYLINDRICAL_SURFACE('',#635,0.5);
#635 = AXIS2_PLACEMENT_3D('',#636,#637,#638);
#636 = CARTESIAN_POINT('',(14.48,12.013,0.));
#637 = DIRECTION('',(-0.,-0.,-1.));
#638 = DIRECTION('',(1.,0.,-0.));
#639 = ADVANCED_FACE('',(#640),#667,.F.);
#640 = FACE_BOUND('',#641,.T.);
#641 = EDGE_LOOP('',(#642,#652,#659,#660));
#642 = ORIENTED_EDGE('',*,*,#643,.T.);
#643 = EDGE_CURVE('',#644,#646,#648,.T.);
#644 = VERTEX_POINT('',#645);
#645 = CARTESIAN_POINT('',(12.44,12.013,0.));
#646 = VERTEX_POINT('',#647);
#647 = CARTESIAN_POINT('',(12.44,12.013,0.41148));
#648 = LINE('',#649,#650);
#649 = CARTESIAN_POINT('',(12.44,12.013,0.));
#650 = VECTOR('',#651,1.);
#651 = DIRECTION('',(0.,0.,1.));
#652 = ORIENTED_EDGE('',*,*,#653,.T.);
#653 = EDGE_CURVE('',#646,#646,#654,.T.);
#654 = CIRCLE('',#655,0.5);
#655 = AXIS2_PLACEMENT_3D('',#656,#657,#658);
#656 = CARTESIAN_POINT('',(11.94,12.013,0.41148));
#657 = DIRECTION('',(0.,0.,1.));
#658 = DIRECTION('',(1.,0.,-0.));
#659 = ORIENTED_EDGE('',*,*,#643,.F.);
#660 = ORIENTED_EDGE('',*,*,#661,.F.);
#661 = EDGE_CURVE('',#644,#644,#662,.T.);
#662 = CIRCLE('',#663,0.5);
#663 = AXIS2_PLACEMENT_3D('',#664,#665,#666);
#664 = CARTESIAN_POINT('',(11.94,12.013,0.));
#665 = DIRECTION('',(0.,0.,1.));
#666 = DIRECTION('',(1.,0.,-0.));
#667 = CYLINDRICAL_SURFACE('',#668,0.5);
#668 = AXIS2_PLACEMENT_3D('',#669,#670,#671);
#669 = CARTESIAN_POINT('',(11.94,12.013,0.));
#670 = DIRECTION('',(-0.,-0.,-1.));
#671 = DIRECTION('',(1.,0.,-0.));
#672 = ADVANCED_FACE('',(#673),#700,.F.);
#673 = FACE_BOUND('',#674,.T.);
#674 = EDGE_LOOP('',(#675,#685,#692,#693));
#675 = ORIENTED_EDGE('',*,*,#676,.T.);
#676 = EDGE_CURVE('',#677,#679,#681,.T.);
#677 = VERTEX_POINT('',#678);
#678 = CARTESIAN_POINT('',(14.98,6.933,0.));
#679 = VERTEX_POINT('',#680);
#680 = CARTESIAN_POINT('',(14.98,6.933,0.41148));
#681 = LINE('',#682,#683);
#682 = CARTESIAN_POINT('',(14.98,6.933,0.));
#683 = VECTOR('',#684,1.);
#684 = DIRECTION('',(0.,0.,1.));
#685 = ORIENTED_EDGE('',*,*,#686,.T.);
#686 = EDGE_CURVE('',#679,#679,#687,.T.);
#687 = CIRCLE('',#688,0.5);
#688 = AXIS2_PLACEMENT_3D('',#689,#690,#691);
#689 = CARTESIAN_POINT('',(14.48,6.933,0.41148));
#690 = DIRECTION('',(0.,0.,1.));
#691 = DIRECTION('',(1.,0.,-0.));
#692 = ORIENTED_EDGE('',*,*,#676,.F.);
#693 = ORIENTED_EDGE('',*,*,#694,.F.);
#694 = EDGE_CURVE('',#677,#677,#695,.T.);
#695 = CIRCLE('',#696,0.5);
#696 = AXIS2_PLACEMENT_3D('',#697,#698,#699);
#697 = CARTESIAN_POINT('',(14.48,6.933,0.));
#698 = DIRECTION('',(0.,0.,1.));
#699 = DIRECTION('',(1.,0.,-0.));
#700 = CYLINDRICAL_SURFACE('',#701,0.5);
#701 = AXIS2_PLACEMENT_3D('',#702,#703,#704);
#702 = CARTESIAN_POINT('',(14.48,6.933,0.));
#703 = DIRECTION('',(-0.,-0.,-1.));
#704 = DIRECTION('',(1.,0.,-0.));
#705 = ADVANCED_FACE('',(#706),#733,.F.);
#706 = FACE_BOUND('',#707,.T.);
#707 = EDGE_LOOP('',(#708,#718,#725,#726));
#708 = ORIENTED_EDGE('',*,*,#709,.T.);
#709 = EDGE_CURVE('',#710,#712,#714,.T.);
#710 = VERTEX_POINT('',#711);
#711 = CARTESIAN_POINT('',(14.98,9.473,0.));
#712 = VERTEX_POINT('',#713);
#713 = CARTESIAN_POINT('',(14.98,9.473,0.41148));
#714 = LINE('',#715,#716);
#715 = CARTESIAN_POINT('',(14.98,9.473,0.));
#716 = VECTOR('',#717,1.);
#717 = DIRECTION('',(0.,0.,1.));
#718 = ORIENTED_EDGE('',*,*,#719,.T.);
#719 = EDGE_CURVE('',#712,#712,#720,.T.);
#720 = CIRCLE('',#721,0.5);
#721 = AXIS2_PLACEMENT_3D('',#722,#723,#724);
#722 = CARTESIAN_POINT('',(14.48,9.473,0.41148));
#723 = DIRECTION('',(0.,0.,1.));
#724 = DIRECTION('',(1.,0.,-0.));
#725 = ORIENTED_EDGE('',*,*,#709,.F.);
#726 = ORIENTED_EDGE('',*,*,#727,.F.);
#727 = EDGE_CURVE('',#710,#710,#728,.T.);
#728 = CIRCLE('',#729,0.5);
#729 = AXIS2_PLACEMENT_3D('',#730,#731,#732);
#730 = CARTESIAN_POINT('',(14.48,9.473,0.));
#731 = DIRECTION('',(0.,0.,1.));
#732 = DIRECTION('',(1.,0.,-0.));
#733 = CYLINDRICAL_SURFACE('',#734,0.5);
#734 = AXIS2_PLACEMENT_3D('',#735,#736,#737);
#735 = CARTESIAN_POINT('',(14.48,9.473,0.));
#736 = DIRECTION('',(-0.,-0.,-1.));
#737 = DIRECTION('',(1.,0.,-0.));
#738 = ADVANCED_FACE('',(#739),#766,.F.);
#739 = FACE_BOUND('',#740,.T.);
#740 = EDGE_LOOP('',(#741,#751,#758,#759));
#741 = ORIENTED_EDGE('',*,*,#742,.T.);
#742 = EDGE_CURVE('',#743,#745,#747,.T.);
#743 = VERTEX_POINT('',#744);
#744 = CARTESIAN_POINT('',(2.28,14.553,0.));
#745 = VERTEX_POINT('',#746);
#746 = CARTESIAN_POINT('',(2.28,14.553,0.41148));
#747 = LINE('',#748,#749);
#748 = CARTESIAN_POINT('',(2.28,14.553,0.));
#749 = VECTOR('',#750,1.);
#750 = DIRECTION('',(0.,0.,1.));
#751 = ORIENTED_EDGE('',*,*,#752,.T.);
#752 = EDGE_CURVE('',#745,#745,#753,.T.);
#753 = CIRCLE('',#754,0.5);
#754 = AXIS2_PLACEMENT_3D('',#755,#756,#757);
#755 = CARTESIAN_POINT('',(1.78,14.553,0.41148));
#756 = DIRECTION('',(0.,0.,1.));
#757 = DIRECTION('',(1.,0.,-0.));
#758 = ORIENTED_EDGE('',*,*,#742,.F.);
#759 = ORIENTED_EDGE('',*,*,#760,.F.);
#760 = EDGE_CURVE('',#743,#743,#761,.T.);
#761 = CIRCLE('',#762,0.5);
#762 = AXIS2_PLACEMENT_3D('',#763,#764,#765);
#763 = CARTESIAN_POINT('',(1.78,14.553,0.));
#764 = DIRECTION('',(0.,0.,1.));
#765 = DIRECTION('',(1.,0.,-0.));
#766 = CYLINDRICAL_SURFACE('',#767,0.5);
#767 = AXIS2_PLACEMENT_3D('',#768,#769,#770);
#768 = CARTESIAN_POINT('',(1.78,14.553,0.));
#769 = DIRECTION('',(-0.,-0.,-1.));
#770 = DIRECTION('',(1.,0.,-0.));
#771 = ADVANCED_FACE('',(#772),#799,.F.);
#772 = FACE_BOUND('',#773,.T.);
#773 = EDGE_LOOP('',(#774,#784,#791,#792));
#774 = ORIENTED_EDGE('',*,*,#775,.T.);
#775 = EDGE_CURVE('',#776,#778,#780,.T.);
#776 = VERTEX_POINT('',#777);
#777 = CARTESIAN_POINT('',(7.36,14.553,0.));
#778 = VERTEX_POINT('',#779);
#779 = CARTESIAN_POINT('',(7.36,14.553,0.41148));
#780 = LINE('',#781,#782);
#781 = CARTESIAN_POINT('',(7.36,14.553,0.));
#782 = VECTOR('',#783,1.);
#783 = DIRECTION('',(0.,0.,1.));
#784 = ORIENTED_EDGE('',*,*,#785,.T.);
#785 = EDGE_CURVE('',#778,#778,#786,.T.);
#786 = CIRCLE('',#787,0.5);
#787 = AXIS2_PLACEMENT_3D('',#788,#789,#790);
#788 = CARTESIAN_POINT('',(6.86,14.553,0.41148));
#789 = DIRECTION('',(0.,0.,1.));
#790 = DIRECTION('',(1.,0.,-0.));
#791 = ORIENTED_EDGE('',*,*,#775,.F.);
#792 = ORIENTED_EDGE('',*,*,#793,.F.);
#793 = EDGE_CURVE('',#776,#776,#794,.T.);
#794 = CIRCLE('',#795,0.5);
#795 = AXIS2_PLACEMENT_3D('',#796,#797,#798);
#796 = CARTESIAN_POINT('',(6.86,14.553,0.));
#797 = DIRECTION('',(0.,0.,1.));
#798 = DIRECTION('',(1.,0.,-0.));
#799 = CYLINDRICAL_SURFACE('',#800,0.5);
#800 = AXIS2_PLACEMENT_3D('',#801,#802,#803);
#801 = CARTESIAN_POINT('',(6.86,14.553,0.));
#802 = DIRECTION('',(-0.,-0.,-1.));
#803 = DIRECTION('',(1.,0.,-0.));
#804 = ADVANCED_FACE('',(#805),#832,.F.);
#805 = FACE_BOUND('',#806,.T.);
#806 = EDGE_LOOP('',(#807,#817,#824,#825));
#807 = ORIENTED_EDGE('',*,*,#808,.T.);
#808 = EDGE_CURVE('',#809,#811,#813,.T.);
#809 = VERTEX_POINT('',#810);
#810 = CARTESIAN_POINT('',(4.82,14.553,0.));
#811 = VERTEX_POINT('',#812);
#812 = CARTESIAN_POINT('',(4.82,14.553,0.41148));
#813 = LINE('',#814,#815);
#814 = CARTESIAN_POINT('',(4.82,14.553,0.));
#815 = VECTOR('',#816,1.);
#816 = DIRECTION('',(0.,0.,1.));
#817 = ORIENTED_EDGE('',*,*,#818,.T.);
#818 = EDGE_CURVE('',#811,#811,#819,.T.);
#819 = CIRCLE('',#820,0.5);
#820 = AXIS2_PLACEMENT_3D('',#821,#822,#823);
#821 = CARTESIAN_POINT('',(4.32,14.553,0.41148));
#822 = DIRECTION('',(0.,0.,1.));
#823 = DIRECTION('',(1.,0.,-0.));
#824 = ORIENTED_EDGE('',*,*,#808,.F.);
#825 = ORIENTED_EDGE('',*,*,#826,.F.);
#826 = EDGE_CURVE('',#809,#809,#827,.T.);
#827 = CIRCLE('',#828,0.5);
#828 = AXIS2_PLACEMENT_3D('',#829,#830,#831);
#829 = CARTESIAN_POINT('',(4.32,14.553,0.));
#830 = DIRECTION('',(0.,0.,1.));
#831 = DIRECTION('',(1.,0.,-0.));
#832 = CYLINDRICAL_SURFACE('',#833,0.5);
#833 = AXIS2_PLACEMENT_3D('',#834,#835,#836);
#834 = CARTESIAN_POINT('',(4.32,14.553,0.));
#835 = DIRECTION('',(-0.,-0.,-1.));
#836 = DIRECTION('',(1.,0.,-0.));
#837 = ADVANCED_FACE('',(#838),#865,.F.);
#838 = FACE_BOUND('',#839,.T.);
#839 = EDGE_LOOP('',(#840,#850,#857,#858));
#840 = ORIENTED_EDGE('',*,*,#841,.T.);
#841 = EDGE_CURVE('',#842,#844,#846,.T.);
#842 = VERTEX_POINT('',#843);
#843 = CARTESIAN_POINT('',(2.28,17.093,0.));
#844 = VERTEX_POINT('',#845);
#845 = CARTESIAN_POINT('',(2.28,17.093,0.41148));
#846 = LINE('',#847,#848);
#847 = CARTESIAN_POINT('',(2.28,17.093,0.));
#848 = VECTOR('',#849,1.);
#849 = DIRECTION('',(0.,0.,1.));
#850 = ORIENTED_EDGE('',*,*,#851,.T.);
#851 = EDGE_CURVE('',#844,#844,#852,.T.);
#852 = CIRCLE('',#853,0.5);
#853 = AXIS2_PLACEMENT_3D('',#854,#855,#856);
#854 = CARTESIAN_POINT('',(1.78,17.093,0.41148));
#855 = DIRECTION('',(0.,0.,1.));
#856 = DIRECTION('',(1.,0.,-0.));
#857 = ORIENTED_EDGE('',*,*,#841,.F.);
#858 = ORIENTED_EDGE('',*,*,#859,.F.);
#859 = EDGE_CURVE('',#842,#842,#860,.T.);
#860 = CIRCLE('',#861,0.5);
#861 = AXIS2_PLACEMENT_3D('',#862,#863,#864);
#862 = CARTESIAN_POINT('',(1.78,17.093,0.));
#863 = DIRECTION('',(0.,0.,1.));
#864 = DIRECTION('',(1.,0.,-0.));
#865 = CYLINDRICAL_SURFACE('',#866,0.5);
#866 = AXIS2_PLACEMENT_3D('',#867,#868,#869);
#867 = CARTESIAN_POINT('',(1.78,17.093,0.));
#868 = DIRECTION('',(-0.,-0.,-1.));
#869 = DIRECTION('',(1.,0.,-0.));
#870 = ADVANCED_FACE('',(#871),#898,.F.);
#871 = FACE_BOUND('',#872,.T.);
#872 = EDGE_LOOP('',(#873,#883,#890,#891));
#873 = ORIENTED_EDGE('',*,*,#874,.T.);
#874 = EDGE_CURVE('',#875,#877,#879,.T.);
#875 = VERTEX_POINT('',#876);
#876 = CARTESIAN_POINT('',(7.36,17.093,0.));
#877 = VERTEX_POINT('',#878);
#878 = CARTESIAN_POINT('',(7.36,17.093,0.41148));
#879 = LINE('',#880,#881);
#880 = CARTESIAN_POINT('',(7.36,17.093,0.));
#881 = VECTOR('',#882,1.);
#882 = DIRECTION('',(0.,0.,1.));
#883 = ORIENTED_EDGE('',*,*,#884,.T.);
#884 = EDGE_CURVE('',#877,#877,#885,.T.);
#885 = CIRCLE('',#886,0.5);
#886 = AXIS2_PLACEMENT_3D('',#887,#888,#889);
#887 = CARTESIAN_POINT('',(6.86,17.093,0.41148));
#888 = DIRECTION('',(0.,0.,1.));
#889 = DIRECTION('',(1.,0.,-0.));
#890 = ORIENTED_EDGE('',*,*,#874,.F.);
#891 = ORIENTED_EDGE('',*,*,#892,.F.);
#892 = EDGE_CURVE('',#875,#875,#893,.T.);
#893 = CIRCLE('',#894,0.5);
#894 = AXIS2_PLACEMENT_3D('',#895,#896,#897);
#895 = CARTESIAN_POINT('',(6.86,17.093,0.));
#896 = DIRECTION('',(0.,0.,1.));
#897 = DIRECTION('',(1.,0.,-0.));
#898 = CYLINDRICAL_SURFACE('',#899,0.5);
#899 = AXIS2_PLACEMENT_3D('',#900,#901,#902);
#900 = CARTESIAN_POINT('',(6.86,17.093,0.));
#901 = DIRECTION('',(-0.,-0.,-1.));
#902 = DIRECTION('',(1.,0.,-0.));
#903 = ADVANCED_FACE('',(#904),#931,.F.);
#904 = FACE_BOUND('',#905,.T.);
#905 = EDGE_LOOP('',(#906,#916,#923,#924));
#906 = ORIENTED_EDGE('',*,*,#907,.T.);
#907 = EDGE_CURVE('',#908,#910,#912,.T.);
#908 = VERTEX_POINT('',#909);
#909 = CARTESIAN_POINT('',(4.82,17.093,0.));
#910 = VERTEX_POINT('',#911);
#911 = CARTESIAN_POINT('',(4.82,17.093,0.41148));
#912 = LINE('',#913,#914);
#913 = CARTESIAN_POINT('',(4.82,17.093,0.));
#914 = VECTOR('',#915,1.);
#915 = DIRECTION('',(0.,0.,1.));
#916 = ORIENTED_EDGE('',*,*,#917,.T.);
#917 = EDGE_CURVE('',#910,#910,#918,.T.);
#918 = CIRCLE('',#919,0.5);
#919 = AXIS2_PLACEMENT_3D('',#920,#921,#922);
#920 = CARTESIAN_POINT('',(4.32,17.093,0.41148));
#921 = DIRECTION('',(0.,0.,1.));
#922 = DIRECTION('',(1.,0.,-0.));
#923 = ORIENTED_EDGE('',*,*,#907,.F.);
#924 = ORIENTED_EDGE('',*,*,#925,.F.);
#925 = EDGE_CURVE('',#908,#908,#926,.T.);
#926 = CIRCLE('',#927,0.5);
#927 = AXIS2_PLACEMENT_3D('',#928,#929,#930);
#928 = CARTESIAN_POINT('',(4.32,17.093,0.));
#929 = DIRECTION('',(0.,0.,1.));
#930 = DIRECTION('',(1.,0.,-0.));
#931 = CYLINDRICAL_SURFACE('',#932,0.5);
#932 = AXIS2_PLACEMENT_3D('',#933,#934,#935);
#933 = CARTESIAN_POINT('',(4.32,17.093,0.));
#934 = DIRECTION('',(-0.,-0.,-1.));
#935 = DIRECTION('',(1.,0.,-0.));
#936 = ADVANCED_FACE('',(#937),#964,.F.);
#937 = FACE_BOUND('',#938,.T.);
#938 = EDGE_LOOP('',(#939,#949,#956,#957));
#939 = ORIENTED_EDGE('',*,*,#940,.T.);
#940 = EDGE_CURVE('',#941,#943,#945,.T.);
#941 = VERTEX_POINT('',#942);
#942 = CARTESIAN_POINT('',(9.9,14.553,0.));
#943 = VERTEX_POINT('',#944);
#944 = CARTESIAN_POINT('',(9.9,14.553,0.41148));
#945 = LINE('',#946,#947);
#946 = CARTESIAN_POINT('',(9.9,14.553,0.));
#947 = VECTOR('',#948,1.);
#948 = DIRECTION('',(0.,0.,1.));
#949 = ORIENTED_EDGE('',*,*,#950,.T.);
#950 = EDGE_CURVE('',#943,#943,#951,.T.);
#951 = CIRCLE('',#952,0.5);
#952 = AXIS2_PLACEMENT_3D('',#953,#954,#955);
#953 = CARTESIAN_POINT('',(9.4,14.553,0.41148));
#954 = DIRECTION('',(0.,0.,1.));
#955 = DIRECTION('',(1.,0.,-0.));
#956 = ORIENTED_EDGE('',*,*,#940,.F.);
#957 = ORIENTED_EDGE('',*,*,#958,.F.);
#958 = EDGE_CURVE('',#941,#941,#959,.T.);
#959 = CIRCLE('',#960,0.5);
#960 = AXIS2_PLACEMENT_3D('',#961,#962,#963);
#961 = CARTESIAN_POINT('',(9.4,14.553,0.));
#962 = DIRECTION('',(0.,0.,1.));
#963 = DIRECTION('',(1.,0.,-0.));
#964 = CYLINDRICAL_SURFACE('',#965,0.5);
#965 = AXIS2_PLACEMENT_3D('',#966,#967,#968);
#966 = CARTESIAN_POINT('',(9.4,14.553,0.));
#967 = DIRECTION('',(-0.,-0.,-1.));
#968 = DIRECTION('',(1.,0.,-0.));
#969 = ADVANCED_FACE('',(#970),#997,.F.);
#970 = FACE_BOUND('',#971,.T.);
#971 = EDGE_LOOP('',(#972,#982,#989,#990));
#972 = ORIENTED_EDGE('',*,*,#973,.T.);
#973 = EDGE_CURVE('',#974,#976,#978,.T.);
#974 = VERTEX_POINT('',#975);
#975 = CARTESIAN_POINT('',(14.98,14.553,0.));
#976 = VERTEX_POINT('',#977);
#977 = CARTESIAN_POINT('',(14.98,14.553,0.41148));
#978 = LINE('',#979,#980);
#979 = CARTESIAN_POINT('',(14.98,14.553,0.));
#980 = VECTOR('',#981,1.);
#981 = DIRECTION('',(0.,0.,1.));
#982 = ORIENTED_EDGE('',*,*,#983,.T.);
#983 = EDGE_CURVE('',#976,#976,#984,.T.);
#984 = CIRCLE('',#985,0.5);
#985 = AXIS2_PLACEMENT_3D('',#986,#987,#988);
#986 = CARTESIAN_POINT('',(14.48,14.553,0.41148));
#987 = DIRECTION('',(0.,0.,1.));
#988 = DIRECTION('',(1.,0.,-0.));
#989 = ORIENTED_EDGE('',*,*,#973,.F.);
#990 = ORIENTED_EDGE('',*,*,#991,.F.);
#991 = EDGE_CURVE('',#974,#974,#992,.T.);
#992 = CIRCLE('',#993,0.5);
#993 = AXIS2_PLACEMENT_3D('',#994,#995,#996);
#994 = CARTESIAN_POINT('',(14.48,14.553,0.));
#995 = DIRECTION('',(0.,0.,1.));
#996 = DIRECTION('',(1.,0.,-0.));
#997 = CYLINDRICAL_SURFACE('',#998,0.5);
#998 = AXIS2_PLACEMENT_3D('',#999,#1000,#1001);
#999 = CARTESIAN_POINT('',(14.48,14.553,0.));
#1000 = DIRECTION('',(-0.,-0.,-1.));
#1001 = DIRECTION('',(1.,0.,-0.));
#1002 = ADVANCED_FACE('',(#1003),#1030,.F.);
#1003 = FACE_BOUND('',#1004,.T.);
#1004 = EDGE_LOOP('',(#1005,#1015,#1022,#1023));
#1005 = ORIENTED_EDGE('',*,*,#1006,.T.);
#1006 = EDGE_CURVE('',#1007,#1009,#1011,.T.);
#1007 = VERTEX_POINT('',#1008);
#1008 = CARTESIAN_POINT('',(12.44,14.553,0.));
#1009 = VERTEX_POINT('',#1010);
#1010 = CARTESIAN_POINT('',(12.44,14.553,0.41148));
#1011 = LINE('',#1012,#1013);
#1012 = CARTESIAN_POINT('',(12.44,14.553,0.));
#1013 = VECTOR('',#1014,1.);
#1014 = DIRECTION('',(0.,0.,1.));
#1015 = ORIENTED_EDGE('',*,*,#1016,.T.);
#1016 = EDGE_CURVE('',#1009,#1009,#1017,.T.);
#1017 = CIRCLE('',#1018,0.5);
#1018 = AXIS2_PLACEMENT_3D('',#1019,#1020,#1021);
#1019 = CARTESIAN_POINT('',(11.94,14.553,0.41148));
#1020 = DIRECTION('',(0.,0.,1.));
#1021 = DIRECTION('',(1.,0.,-0.));
#1022 = ORIENTED_EDGE('',*,*,#1006,.F.);
#1023 = ORIENTED_EDGE('',*,*,#1024,.F.);
#1024 = EDGE_CURVE('',#1007,#1007,#1025,.T.);
#1025 = CIRCLE('',#1026,0.5);
#1026 = AXIS2_PLACEMENT_3D('',#1027,#1028,#1029);
#1027 = CARTESIAN_POINT('',(11.94,14.553,0.));
#1028 = DIRECTION('',(0.,0.,1.));
#1029 = DIRECTION('',(1.,0.,-0.));
#1030 = CYLINDRICAL_SURFACE('',#1031,0.5);
#1031 = AXIS2_PLACEMENT_3D('',#1032,#1033,#1034);
#1032 = CARTESIAN_POINT('',(11.94,14.553,0.));
#1033 = DIRECTION('',(-0.,-0.,-1.));
#1034 = DIRECTION('',(1.,0.,-0.));
#1035 = ADVANCED_FACE('',(#1036),#1063,.F.);
#1036 = FACE_BOUND('',#1037,.T.);
#1037 = EDGE_LOOP('',(#1038,#1048,#1055,#1056));
#1038 = ORIENTED_EDGE('',*,*,#1039,.T.);
#1039 = EDGE_CURVE('',#1040,#1042,#1044,.T.);
#1040 = VERTEX_POINT('',#1041);
#1041 = CARTESIAN_POINT('',(9.9,17.093,0.));
#1042 = VERTEX_POINT('',#1043);
#1043 = CARTESIAN_POINT('',(9.9,17.093,0.41148));
#1044 = LINE('',#1045,#1046);
#1045 = CARTESIAN_POINT('',(9.9,17.093,0.));
#1046 = VECTOR('',#1047,1.);
#1047 = DIRECTION('',(0.,0.,1.));
#1048 = ORIENTED_EDGE('',*,*,#1049,.T.);
#1049 = EDGE_CURVE('',#1042,#1042,#1050,.T.);
#1050 = CIRCLE('',#1051,0.5);
#1051 = AXIS2_PLACEMENT_3D('',#1052,#1053,#1054);
#1052 = CARTESIAN_POINT('',(9.4,17.093,0.41148));
#1053 = DIRECTION('',(0.,0.,1.));
#1054 = DIRECTION('',(1.,0.,-0.));
#1055 = ORIENTED_EDGE('',*,*,#1039,.F.);
#1056 = ORIENTED_EDGE('',*,*,#1057,.F.);
#1057 = EDGE_CURVE('',#1040,#1040,#1058,.T.);
#1058 = CIRCLE('',#1059,0.5);
#1059 = AXIS2_PLACEMENT_3D('',#1060,#1061,#1062);
#1060 = CARTESIAN_POINT('',(9.4,17.093,0.));
#1061 = DIRECTION('',(0.,0.,1.));
#1062 = DIRECTION('',(1.,0.,-0.));
#1063 = CYLINDRICAL_SURFACE('',#1064,0.5);
#1064 = AXIS2_PLACEMENT_3D('',#1065,#1066,#1067);
#1065 = CARTESIAN_POINT('',(9.4,17.093,0.));
#1066 = DIRECTION('',(-0.,-0.,-1.));
#1067 = DIRECTION('',(1.,0.,-0.));
#1068 = ADVANCED_FACE('',(#1069),#1096,.F.);
#1069 = FACE_BOUND('',#1070,.T.);
#1070 = EDGE_LOOP('',(#1071,#1081,#1088,#1089));
#1071 = ORIENTED_EDGE('',*,*,#1072,.T.);
#1072 = EDGE_CURVE('',#1073,#1075,#1077,.T.);
#1073 = VERTEX_POINT('',#1074);
#1074 = CARTESIAN_POINT('',(9.9,19.633,0.));
#1075 = VERTEX_POINT('',#1076);
#1076 = CARTESIAN_POINT('',(9.9,19.633,0.41148));
#1077 = LINE('',#1078,#1079);
#1078 = CARTESIAN_POINT('',(9.9,19.633,0.));
#1079 = VECTOR('',#1080,1.);
#1080 = DIRECTION('',(0.,0.,1.));
#1081 = ORIENTED_EDGE('',*,*,#1082,.T.);
#1082 = EDGE_CURVE('',#1075,#1075,#1083,.T.);
#1083 = CIRCLE('',#1084,0.5);
#1084 = AXIS2_PLACEMENT_3D('',#1085,#1086,#1087);
#1085 = CARTESIAN_POINT('',(9.4,19.633,0.41148));
#1086 = DIRECTION('',(0.,0.,1.));
#1087 = DIRECTION('',(1.,0.,-0.));
#1088 = ORIENTED_EDGE('',*,*,#1072,.F.);
#1089 = ORIENTED_EDGE('',*,*,#1090,.F.);
#1090 = EDGE_CURVE('',#1073,#1073,#1091,.T.);
#1091 = CIRCLE('',#1092,0.5);
#1092 = AXIS2_PLACEMENT_3D('',#1093,#1094,#1095);
#1093 = CARTESIAN_POINT('',(9.4,19.633,0.));
#1094 = DIRECTION('',(0.,0.,1.));
#1095 = DIRECTION('',(1.,0.,-0.));
#1096 = CYLINDRICAL_SURFACE('',#1097,0.5);
#1097 = AXIS2_PLACEMENT_3D('',#1098,#1099,#1100);
#1098 = CARTESIAN_POINT('',(9.4,19.633,0.));
#1099 = DIRECTION('',(-0.,-0.,-1.));
#1100 = DIRECTION('',(1.,0.,-0.));
#1101 = ADVANCED_FACE('',(#1102),#1129,.F.);
#1102 = FACE_BOUND('',#1103,.T.);
#1103 = EDGE_LOOP('',(#1104,#1114,#1121,#1122));
#1104 = ORIENTED_EDGE('',*,*,#1105,.T.);
#1105 = EDGE_CURVE('',#1106,#1108,#1110,.T.);
#1106 = VERTEX_POINT('',#1107);
#1107 = CARTESIAN_POINT('',(14.98,17.093,0.));
#1108 = VERTEX_POINT('',#1109);
#1109 = CARTESIAN_POINT('',(14.98,17.093,0.41148));
#1110 = LINE('',#1111,#1112);
#1111 = CARTESIAN_POINT('',(14.98,17.093,0.));
#1112 = VECTOR('',#1113,1.);
#1113 = DIRECTION('',(0.,0.,1.));
#1114 = ORIENTED_EDGE('',*,*,#1115,.T.);
#1115 = EDGE_CURVE('',#1108,#1108,#1116,.T.);
#1116 = CIRCLE('',#1117,0.5);
#1117 = AXIS2_PLACEMENT_3D('',#1118,#1119,#1120);
#1118 = CARTESIAN_POINT('',(14.48,17.093,0.41148));
#1119 = DIRECTION('',(0.,0.,1.));
#1120 = DIRECTION('',(1.,0.,-0.));
#1121 = ORIENTED_EDGE('',*,*,#1105,.F.);
#1122 = ORIENTED_EDGE('',*,*,#1123,.F.);
#1123 = EDGE_CURVE('',#1106,#1106,#1124,.T.);
#1124 = CIRCLE('',#1125,0.5);
#1125 = AXIS2_PLACEMENT_3D('',#1126,#1127,#1128);
#1126 = CARTESIAN_POINT('',(14.48,17.093,0.));
#1127 = DIRECTION('',(0.,0.,1.));
#1128 = DIRECTION('',(1.,0.,-0.));
#1129 = CYLINDRICAL_SURFACE('',#1130,0.5);
#1130 = AXIS2_PLACEMENT_3D('',#1131,#1132,#1133);
#1131 = CARTESIAN_POINT('',(14.48,17.093,0.));
#1132 = DIRECTION('',(-0.,-0.,-1.));
#1133 = DIRECTION('',(1.,0.,-0.));
#1134 = ADVANCED_FACE('',(#1135),#1162,.F.);
#1135 = FACE_BOUND('',#1136,.T.);
#1136 = EDGE_LOOP('',(#1137,#1147,#1154,#1155));
#1137 = ORIENTED_EDGE('',*,*,#1138,.T.);
#1138 = EDGE_CURVE('',#1139,#1141,#1143,.T.);
#1139 = VERTEX_POINT('',#1140);
#1140 = CARTESIAN_POINT('',(12.44,17.093,0.));
#1141 = VERTEX_POINT('',#1142);
#1142 = CARTESIAN_POINT('',(12.44,17.093,0.41148));
#1143 = LINE('',#1144,#1145);
#1144 = CARTESIAN_POINT('',(12.44,17.093,0.));
#1145 = VECTOR('',#1146,1.);
#1146 = DIRECTION('',(0.,0.,1.));
#1147 = ORIENTED_EDGE('',*,*,#1148,.T.);
#1148 = EDGE_CURVE('',#1141,#1141,#1149,.T.);
#1149 = CIRCLE('',#1150,0.5);
#1150 = AXIS2_PLACEMENT_3D('',#1151,#1152,#1153);
#1151 = CARTESIAN_POINT('',(11.94,17.093,0.41148));
#1152 = DIRECTION('',(0.,0.,1.));
#1153 = DIRECTION('',(1.,0.,-0.));
#1154 = ORIENTED_EDGE('',*,*,#1138,.F.);
#1155 = ORIENTED_EDGE('',*,*,#1156,.F.);
#1156 = EDGE_CURVE('',#1139,#1139,#1157,.T.);
#1157 = CIRCLE('',#1158,0.5);
#1158 = AXIS2_PLACEMENT_3D('',#1159,#1160,#1161);
#1159 = CARTESIAN_POINT('',(11.94,17.093,0.));
#1160 = DIRECTION('',(0.,0.,1.));
#1161 = DIRECTION('',(1.,0.,-0.));
#1162 = CYLINDRICAL_SURFACE('',#1163,0.5);
#1163 = AXIS2_PLACEMENT_3D('',#1164,#1165,#1166);
#1164 = CARTESIAN_POINT('',(11.94,17.093,0.));
#1165 = DIRECTION('',(-0.,-0.,-1.));
#1166 = DIRECTION('',(1.,0.,-0.));
#1167 = ADVANCED_FACE('',(#1168),#1195,.F.);
#1168 = FACE_BOUND('',#1169,.T.);
#1169 = EDGE_LOOP('',(#1170,#1180,#1187,#1188));
#1170 = ORIENTED_EDGE('',*,*,#1171,.T.);
#1171 = EDGE_CURVE('',#1172,#1174,#1176,.T.);
#1172 = VERTEX_POINT('',#1173);
#1173 = CARTESIAN_POINT('',(15.12,1.78,0.));
#1174 = VERTEX_POINT('',#1175);
#1175 = CARTESIAN_POINT('',(15.12,1.78,0.41148));
#1176 = LINE('',#1177,#1178);
#1177 = CARTESIAN_POINT('',(15.12,1.78,0.));
#1178 = VECTOR('',#1179,1.);
#1179 = DIRECTION('',(0.,0.,1.));
#1180 = ORIENTED_EDGE('',*,*,#1181,.T.);
#1181 = EDGE_CURVE('',#1174,#1174,#1182,.T.);
#1182 = CIRCLE('',#1183,0.5);
#1183 = AXIS2_PLACEMENT_3D('',#1184,#1185,#1186);
#1184 = CARTESIAN_POINT('',(14.62,1.78,0.41148));
#1185 = DIRECTION('',(0.,0.,1.));
#1186 = DIRECTION('',(1.,0.,-0.));
#1187 = ORIENTED_EDGE('',*,*,#1171,.F.);
#1188 = ORIENTED_EDGE('',*,*,#1189,.F.);
#1189 = EDGE_CURVE('',#1172,#1172,#1190,.T.);
#1190 = CIRCLE('',#1191,0.5);
#1191 = AXIS2_PLACEMENT_3D('',#1192,#1193,#1194);
#1192 = CARTESIAN_POINT('',(14.62,1.78,0.));
#1193 = DIRECTION('',(0.,0.,1.));
#1194 = DIRECTION('',(1.,0.,-0.));
#1195 = CYLINDRICAL_SURFACE('',#1196,0.5);
#1196 = AXIS2_PLACEMENT_3D('',#1197,#1198,#1199);
#1197 = CARTESIAN_POINT('',(14.62,1.78,0.));
#1198 = DIRECTION('',(-0.,-0.,-1.));
#1199 = DIRECTION('',(1.,0.,-0.));
#1200 = ADVANCED_FACE('',(#1201),#1228,.F.);
#1201 = FACE_BOUND('',#1202,.T.);
#1202 = EDGE_LOOP('',(#1203,#1213,#1220,#1221));
#1203 = ORIENTED_EDGE('',*,*,#1204,.T.);
#1204 = EDGE_CURVE('',#1205,#1207,#1209,.T.);
#1205 = VERTEX_POINT('',#1206);
#1206 = CARTESIAN_POINT('',(17.66,1.78,0.));
#1207 = VERTEX_POINT('',#1208);
#1208 = CARTESIAN_POINT('',(17.66,1.78,0.41148));
#1209 = LINE('',#1210,#1211);
#1210 = CARTESIAN_POINT('',(17.66,1.78,0.));
#1211 = VECTOR('',#1212,1.);
#1212 = DIRECTION('',(0.,0.,1.));
#1213 = ORIENTED_EDGE('',*,*,#1214,.T.);
#1214 = EDGE_CURVE('',#1207,#1207,#1215,.T.);
#1215 = CIRCLE('',#1216,0.5);
#1216 = AXIS2_PLACEMENT_3D('',#1217,#1218,#1219);
#1217 = CARTESIAN_POINT('',(17.16,1.78,0.41148));
#1218 = DIRECTION('',(0.,0.,1.));
#1219 = DIRECTION('',(1.,0.,-0.));
#1220 = ORIENTED_EDGE('',*,*,#1204,.F.);
#1221 = ORIENTED_EDGE('',*,*,#1222,.F.);
#1222 = EDGE_CURVE('',#1205,#1205,#1223,.T.);
#1223 = CIRCLE('',#1224,0.5);
#1224 = AXIS2_PLACEMENT_3D('',#1225,#1226,#1227);
#1225 = CARTESIAN_POINT('',(17.16,1.78,0.));
#1226 = DIRECTION('',(0.,0.,1.));
#1227 = DIRECTION('',(1.,0.,-0.));
#1228 = CYLINDRICAL_SURFACE('',#1229,0.5);
#1229 = AXIS2_PLACEMENT_3D('',#1230,#1231,#1232);
#1230 = CARTESIAN_POINT('',(17.16,1.78,0.));
#1231 = DIRECTION('',(-0.,-0.,-1.));
#1232 = DIRECTION('',(1.,0.,-0.));
#1233 = ADVANCED_FACE('',(#1234),#1261,.F.);
#1234 = FACE_BOUND('',#1235,.T.);
#1235 = EDGE_LOOP('',(#1236,#1246,#1253,#1254));
#1236 = ORIENTED_EDGE('',*,*,#1237,.T.);
#1237 = EDGE_CURVE('',#1238,#1240,#1242,.T.);
#1238 = VERTEX_POINT('',#1239);
#1239 = CARTESIAN_POINT('',(15.12,4.32,0.));
#1240 = VERTEX_POINT('',#1241);
#1241 = CARTESIAN_POINT('',(15.12,4.32,0.41148));
#1242 = LINE('',#1243,#1244);
#1243 = CARTESIAN_POINT('',(15.12,4.32,0.));
#1244 = VECTOR('',#1245,1.);
#1245 = DIRECTION('',(0.,0.,1.));
#1246 = ORIENTED_EDGE('',*,*,#1247,.T.);
#1247 = EDGE_CURVE('',#1240,#1240,#1248,.T.);
#1248 = CIRCLE('',#1249,0.5);
#1249 = AXIS2_PLACEMENT_3D('',#1250,#1251,#1252);
#1250 = CARTESIAN_POINT('',(14.62,4.32,0.41148));
#1251 = DIRECTION('',(0.,0.,1.));
#1252 = DIRECTION('',(1.,0.,-0.));
#1253 = ORIENTED_EDGE('',*,*,#1237,.F.);
#1254 = ORIENTED_EDGE('',*,*,#1255,.F.);
#1255 = EDGE_CURVE('',#1238,#1238,#1256,.T.);
#1256 = CIRCLE('',#1257,0.5);
#1257 = AXIS2_PLACEMENT_3D('',#1258,#1259,#1260);
#1258 = CARTESIAN_POINT('',(14.62,4.32,0.));
#1259 = DIRECTION('',(0.,0.,1.));
#1260 = DIRECTION('',(1.,0.,-0.));
#1261 = CYLINDRICAL_SURFACE('',#1262,0.5);
#1262 = AXIS2_PLACEMENT_3D('',#1263,#1264,#1265);
#1263 = CARTESIAN_POINT('',(14.62,4.32,0.));
#1264 = DIRECTION('',(-0.,-0.,-1.));
#1265 = DIRECTION('',(1.,0.,-0.));
#1266 = ADVANCED_FACE('',(#1267),#1294,.F.);
#1267 = FACE_BOUND('',#1268,.T.);
#1268 = EDGE_LOOP('',(#1269,#1279,#1286,#1287));
#1269 = ORIENTED_EDGE('',*,*,#1270,.T.);
#1270 = EDGE_CURVE('',#1271,#1273,#1275,.T.);
#1271 = VERTEX_POINT('',#1272);
#1272 = CARTESIAN_POINT('',(17.52,9.473,0.));
#1273 = VERTEX_POINT('',#1274);
#1274 = CARTESIAN_POINT('',(17.52,9.473,0.41148));
#1275 = LINE('',#1276,#1277);
#1276 = CARTESIAN_POINT('',(17.52,9.473,0.));
#1277 = VECTOR('',#1278,1.);
#1278 = DIRECTION('',(0.,0.,1.));
#1279 = ORIENTED_EDGE('',*,*,#1280,.T.);
#1280 = EDGE_CURVE('',#1273,#1273,#1281,.T.);
#1281 = CIRCLE('',#1282,0.5);
#1282 = AXIS2_PLACEMENT_3D('',#1283,#1284,#1285);
#1283 = CARTESIAN_POINT('',(17.02,9.473,0.41148));
#1284 = DIRECTION('',(0.,0.,1.));
#1285 = DIRECTION('',(1.,0.,-0.));
#1286 = ORIENTED_EDGE('',*,*,#1270,.F.);
#1287 = ORIENTED_EDGE('',*,*,#1288,.F.);
#1288 = EDGE_CURVE('',#1271,#1271,#1289,.T.);
#1289 = CIRCLE('',#1290,0.5);
#1290 = AXIS2_PLACEMENT_3D('',#1291,#1292,#1293);
#1291 = CARTESIAN_POINT('',(17.02,9.473,0.));
#1292 = DIRECTION('',(0.,0.,1.));
#1293 = DIRECTION('',(1.,0.,-0.));
#1294 = CYLINDRICAL_SURFACE('',#1295,0.5);
#1295 = AXIS2_PLACEMENT_3D('',#1296,#1297,#1298);
#1296 = CARTESIAN_POINT('',(17.02,9.473,0.));
#1297 = DIRECTION('',(-0.,-0.,-1.));
#1298 = DIRECTION('',(1.,0.,-0.));
#1299 = ADVANCED_FACE('',(#1300),#1327,.F.);
#1300 = FACE_BOUND('',#1301,.T.);
#1301 = EDGE_LOOP('',(#1302,#1312,#1319,#1320));
#1302 = ORIENTED_EDGE('',*,*,#1303,.T.);
#1303 = EDGE_CURVE('',#1304,#1306,#1308,.T.);
#1304 = VERTEX_POINT('',#1305);
#1305 = CARTESIAN_POINT('',(17.66,4.32,0.));
#1306 = VERTEX_POINT('',#1307);
#1307 = CARTESIAN_POINT('',(17.66,4.32,0.41148));
#1308 = LINE('',#1309,#1310);
#1309 = CARTESIAN_POINT('',(17.66,4.32,0.));
#1310 = VECTOR('',#1311,1.);
#1311 = DIRECTION('',(0.,0.,1.));
#1312 = ORIENTED_EDGE('',*,*,#1313,.T.);
#1313 = EDGE_CURVE('',#1306,#1306,#1314,.T.);
#1314 = CIRCLE('',#1315,0.5);
#1315 = AXIS2_PLACEMENT_3D('',#1316,#1317,#1318);
#1316 = CARTESIAN_POINT('',(17.16,4.32,0.41148));
#1317 = DIRECTION('',(0.,0.,1.));
#1318 = DIRECTION('',(1.,0.,-0.));
#1319 = ORIENTED_EDGE('',*,*,#1303,.F.);
#1320 = ORIENTED_EDGE('',*,*,#1321,.F.);
#1321 = EDGE_CURVE('',#1304,#1304,#1322,.T.);
#1322 = CIRCLE('',#1323,0.5);
#1323 = AXIS2_PLACEMENT_3D('',#1324,#1325,#1326);
#1324 = CARTESIAN_POINT('',(17.16,4.32,0.));
#1325 = DIRECTION('',(0.,0.,1.));
#1326 = DIRECTION('',(1.,0.,-0.));
#1327 = CYLINDRICAL_SURFACE('',#1328,0.5);
#1328 = AXIS2_PLACEMENT_3D('',#1329,#1330,#1331);
#1329 = CARTESIAN_POINT('',(17.16,4.32,0.));
#1330 = DIRECTION('',(-0.,-0.,-1.));
#1331 = DIRECTION('',(1.,0.,-0.));
#1332 = ADVANCED_FACE('',(#1333),#1360,.F.);
#1333 = FACE_BOUND('',#1334,.T.);
#1334 = EDGE_LOOP('',(#1335,#1345,#1352,#1353));
#1335 = ORIENTED_EDGE('',*,*,#1336,.T.);
#1336 = EDGE_CURVE('',#1337,#1339,#1341,.T.);
#1337 = VERTEX_POINT('',#1338);
#1338 = CARTESIAN_POINT('',(17.52,6.933,0.));
#1339 = VERTEX_POINT('',#1340);
#1340 = CARTESIAN_POINT('',(17.52,6.933,0.41148));
#1341 = LINE('',#1342,#1343);
#1342 = CARTESIAN_POINT('',(17.52,6.933,0.));
#1343 = VECTOR('',#1344,1.);
#1344 = DIRECTION('',(0.,0.,1.));
#1345 = ORIENTED_EDGE('',*,*,#1346,.T.);
#1346 = EDGE_CURVE('',#1339,#1339,#1347,.T.);
#1347 = CIRCLE('',#1348,0.5);
#1348 = AXIS2_PLACEMENT_3D('',#1349,#1350,#1351);
#1349 = CARTESIAN_POINT('',(17.02,6.933,0.41148));
#1350 = DIRECTION('',(0.,0.,1.));
#1351 = DIRECTION('',(1.,0.,-0.));
#1352 = ORIENTED_EDGE('',*,*,#1336,.F.);
#1353 = ORIENTED_EDGE('',*,*,#1354,.F.);
#1354 = EDGE_CURVE('',#1337,#1337,#1355,.T.);
#1355 = CIRCLE('',#1356,0.5);
#1356 = AXIS2_PLACEMENT_3D('',#1357,#1358,#1359);
#1357 = CARTESIAN_POINT('',(17.02,6.933,0.));
#1358 = DIRECTION('',(0.,0.,1.));
#1359 = DIRECTION('',(1.,0.,-0.));
#1360 = CYLINDRICAL_SURFACE('',#1361,0.5);
#1361 = AXIS2_PLACEMENT_3D('',#1362,#1363,#1364);
#1362 = CARTESIAN_POINT('',(17.02,6.933,0.));
#1363 = DIRECTION('',(-0.,-0.,-1.));
#1364 = DIRECTION('',(1.,0.,-0.));
#1365 = ADVANCED_FACE('',(#1366),#1393,.F.);
#1366 = FACE_BOUND('',#1367,.T.);
#1367 = EDGE_LOOP('',(#1368,#1378,#1385,#1386));
#1368 = ORIENTED_EDGE('',*,*,#1369,.T.);
#1369 = EDGE_CURVE('',#1370,#1372,#1374,.T.);
#1370 = VERTEX_POINT('',#1371);
#1371 = CARTESIAN_POINT('',(20.2,4.32,0.));
#1372 = VERTEX_POINT('',#1373);
#1373 = CARTESIAN_POINT('',(20.2,4.32,0.41148));
#1374 = LINE('',#1375,#1376);
#1375 = CARTESIAN_POINT('',(20.2,4.32,0.));
#1376 = VECTOR('',#1377,1.);
#1377 = DIRECTION('',(0.,0.,1.));
#1378 = ORIENTED_EDGE('',*,*,#1379,.T.);
#1379 = EDGE_CURVE('',#1372,#1372,#1380,.T.);
#1380 = CIRCLE('',#1381,0.5);
#1381 = AXIS2_PLACEMENT_3D('',#1382,#1383,#1384);
#1382 = CARTESIAN_POINT('',(19.7,4.32,0.41148));
#1383 = DIRECTION('',(0.,0.,1.));
#1384 = DIRECTION('',(1.,0.,-0.));
#1385 = ORIENTED_EDGE('',*,*,#1369,.F.);
#1386 = ORIENTED_EDGE('',*,*,#1387,.F.);
#1387 = EDGE_CURVE('',#1370,#1370,#1388,.T.);
#1388 = CIRCLE('',#1389,0.5);
#1389 = AXIS2_PLACEMENT_3D('',#1390,#1391,#1392);
#1390 = CARTESIAN_POINT('',(19.7,4.32,0.));
#1391 = DIRECTION('',(0.,0.,1.));
#1392 = DIRECTION('',(1.,0.,-0.));
#1393 = CYLINDRICAL_SURFACE('',#1394,0.5);
#1394 = AXIS2_PLACEMENT_3D('',#1395,#1396,#1397);
#1395 = CARTESIAN_POINT('',(19.7,4.32,0.));
#1396 = DIRECTION('',(-0.,-0.,-1.));
#1397 = DIRECTION('',(1.,0.,-0.));
#1398 = ADVANCED_FACE('',(#1399),#1426,.F.);
#1399 = FACE_BOUND('',#1400,.T.);
#1400 = EDGE_LOOP('',(#1401,#1411,#1418,#1419));
#1401 = ORIENTED_EDGE('',*,*,#1402,.T.);
#1402 = EDGE_CURVE('',#1403,#1405,#1407,.T.);
#1403 = VERTEX_POINT('',#1404);
#1404 = CARTESIAN_POINT('',(22.74,1.78,0.));
#1405 = VERTEX_POINT('',#1406);
#1406 = CARTESIAN_POINT('',(22.74,1.78,0.41148));
#1407 = LINE('',#1408,#1409);
#1408 = CARTESIAN_POINT('',(22.74,1.78,0.));
#1409 = VECTOR('',#1410,1.);
#1410 = DIRECTION('',(0.,0.,1.));
#1411 = ORIENTED_EDGE('',*,*,#1412,.T.);
#1412 = EDGE_CURVE('',#1405,#1405,#1413,.T.);
#1413 = CIRCLE('',#1414,0.5);
#1414 = AXIS2_PLACEMENT_3D('',#1415,#1416,#1417);
#1415 = CARTESIAN_POINT('',(22.24,1.78,0.41148));
#1416 = DIRECTION('',(0.,0.,1.));
#1417 = DIRECTION('',(1.,0.,-0.));
#1418 = ORIENTED_EDGE('',*,*,#1402,.F.);
#1419 = ORIENTED_EDGE('',*,*,#1420,.F.);
#1420 = EDGE_CURVE('',#1403,#1403,#1421,.T.);
#1421 = CIRCLE('',#1422,0.5);
#1422 = AXIS2_PLACEMENT_3D('',#1423,#1424,#1425);
#1423 = CARTESIAN_POINT('',(22.24,1.78,0.));
#1424 = DIRECTION('',(0.,0.,1.));
#1425 = DIRECTION('',(1.,0.,-0.));
#1426 = CYLINDRICAL_SURFACE('',#1427,0.5);
#1427 = AXIS2_PLACEMENT_3D('',#1428,#1429,#1430);
#1428 = CARTESIAN_POINT('',(22.24,1.78,0.));
#1429 = DIRECTION('',(-0.,-0.,-1.));
#1430 = DIRECTION('',(1.,0.,-0.));
#1431 = ADVANCED_FACE('',(#1432),#1459,.F.);
#1432 = FACE_BOUND('',#1433,.T.);
#1433 = EDGE_LOOP('',(#1434,#1444,#1451,#1452));
#1434 = ORIENTED_EDGE('',*,*,#1435,.T.);
#1435 = EDGE_CURVE('',#1436,#1438,#1440,.T.);
#1436 = VERTEX_POINT('',#1437);
#1437 = CARTESIAN_POINT('',(20.2,1.78,0.));
#1438 = VERTEX_POINT('',#1439);
#1439 = CARTESIAN_POINT('',(20.2,1.78,0.41148));
#1440 = LINE('',#1441,#1442);
#1441 = CARTESIAN_POINT('',(20.2,1.78,0.));
#1442 = VECTOR('',#1443,1.);
#1443 = DIRECTION('',(0.,0.,1.));
#1444 = ORIENTED_EDGE('',*,*,#1445,.T.);
#1445 = EDGE_CURVE('',#1438,#1438,#1446,.T.);
#1446 = CIRCLE('',#1447,0.5);
#1447 = AXIS2_PLACEMENT_3D('',#1448,#1449,#1450);
#1448 = CARTESIAN_POINT('',(19.7,1.78,0.41148));
#1449 = DIRECTION('',(0.,0.,1.));
#1450 = DIRECTION('',(1.,0.,-0.));
#1451 = ORIENTED_EDGE('',*,*,#1435,.F.);
#1452 = ORIENTED_EDGE('',*,*,#1453,.F.);
#1453 = EDGE_CURVE('',#1436,#1436,#1454,.T.);
#1454 = CIRCLE('',#1455,0.5);
#1455 = AXIS2_PLACEMENT_3D('',#1456,#1457,#1458);
#1456 = CARTESIAN_POINT('',(19.7,1.78,0.));
#1457 = DIRECTION('',(0.,0.,1.));
#1458 = DIRECTION('',(1.,0.,-0.));
#1459 = CYLINDRICAL_SURFACE('',#1460,0.5);
#1460 = AXIS2_PLACEMENT_3D('',#1461,#1462,#1463);
#1461 = CARTESIAN_POINT('',(19.7,1.78,0.));
#1462 = DIRECTION('',(-0.,-0.,-1.));
#1463 = DIRECTION('',(1.,0.,-0.));
#1464 = ADVANCED_FACE('',(#1465),#1492,.F.);
#1465 = FACE_BOUND('',#1466,.T.);
#1466 = EDGE_LOOP('',(#1467,#1477,#1484,#1485));
#1467 = ORIENTED_EDGE('',*,*,#1468,.T.);
#1468 = EDGE_CURVE('',#1469,#1471,#1473,.T.);
#1469 = VERTEX_POINT('',#1470);
#1470 = CARTESIAN_POINT('',(22.6,6.933,0.));
#1471 = VERTEX_POINT('',#1472);
#1472 = CARTESIAN_POINT('',(22.6,6.933,0.41148));
#1473 = LINE('',#1474,#1475);
#1474 = CARTESIAN_POINT('',(22.6,6.933,0.));
#1475 = VECTOR('',#1476,1.);
#1476 = DIRECTION('',(0.,0.,1.));
#1477 = ORIENTED_EDGE('',*,*,#1478,.T.);
#1478 = EDGE_CURVE('',#1471,#1471,#1479,.T.);
#1479 = CIRCLE('',#1480,0.5);
#1480 = AXIS2_PLACEMENT_3D('',#1481,#1482,#1483);
#1481 = CARTESIAN_POINT('',(22.1,6.933,0.41148));
#1482 = DIRECTION('',(0.,0.,1.));
#1483 = DIRECTION('',(1.,0.,-0.));
#1484 = ORIENTED_EDGE('',*,*,#1468,.F.);
#1485 = ORIENTED_EDGE('',*,*,#1486,.F.);
#1486 = EDGE_CURVE('',#1469,#1469,#1487,.T.);
#1487 = CIRCLE('',#1488,0.5);
#1488 = AXIS2_PLACEMENT_3D('',#1489,#1490,#1491);
#1489 = CARTESIAN_POINT('',(22.1,6.933,0.));
#1490 = DIRECTION('',(0.,0.,1.));
#1491 = DIRECTION('',(1.,0.,-0.));
#1492 = CYLINDRICAL_SURFACE('',#1493,0.5);
#1493 = AXIS2_PLACEMENT_3D('',#1494,#1495,#1496);
#1494 = CARTESIAN_POINT('',(22.1,6.933,0.));
#1495 = DIRECTION('',(-0.,-0.,-1.));
#1496 = DIRECTION('',(1.,0.,-0.));
#1497 = ADVANCED_FACE('',(#1498),#1525,.F.);
#1498 = FACE_BOUND('',#1499,.T.);
#1499 = EDGE_LOOP('',(#1500,#1510,#1517,#1518));
#1500 = ORIENTED_EDGE('',*,*,#1501,.T.);
#1501 = EDGE_CURVE('',#1502,#1504,#1506,.T.);
#1502 = VERTEX_POINT('',#1503);
#1503 = CARTESIAN_POINT('',(20.06,6.933,0.));
#1504 = VERTEX_POINT('',#1505);
#1505 = CARTESIAN_POINT('',(20.06,6.933,0.41148));
#1506 = LINE('',#1507,#1508);
#1507 = CARTESIAN_POINT('',(20.06,6.933,0.));
#1508 = VECTOR('',#1509,1.);
#1509 = DIRECTION('',(0.,0.,1.));
#1510 = ORIENTED_EDGE('',*,*,#1511,.T.);
#1511 = EDGE_CURVE('',#1504,#1504,#1512,.T.);
#1512 = CIRCLE('',#1513,0.5);
#1513 = AXIS2_PLACEMENT_3D('',#1514,#1515,#1516);
#1514 = CARTESIAN_POINT('',(19.56,6.933,0.41148));
#1515 = DIRECTION('',(0.,0.,1.));
#1516 = DIRECTION('',(1.,0.,-0.));
#1517 = ORIENTED_EDGE('',*,*,#1501,.F.);
#1518 = ORIENTED_EDGE('',*,*,#1519,.F.);
#1519 = EDGE_CURVE('',#1502,#1502,#1520,.T.);
#1520 = CIRCLE('',#1521,0.5);
#1521 = AXIS2_PLACEMENT_3D('',#1522,#1523,#1524);
#1522 = CARTESIAN_POINT('',(19.56,6.933,0.));
#1523 = DIRECTION('',(0.,0.,1.));
#1524 = DIRECTION('',(1.,0.,-0.));
#1525 = CYLINDRICAL_SURFACE('',#1526,0.5);
#1526 = AXIS2_PLACEMENT_3D('',#1527,#1528,#1529);
#1527 = CARTESIAN_POINT('',(19.56,6.933,0.));
#1528 = DIRECTION('',(-0.,-0.,-1.));
#1529 = DIRECTION('',(1.,0.,-0.));
#1530 = ADVANCED_FACE('',(#1531),#1558,.F.);
#1531 = FACE_BOUND('',#1532,.T.);
#1532 = EDGE_LOOP('',(#1533,#1543,#1550,#1551));
#1533 = ORIENTED_EDGE('',*,*,#1534,.T.);
#1534 = EDGE_CURVE('',#1535,#1537,#1539,.T.);
#1535 = VERTEX_POINT('',#1536);
#1536 = CARTESIAN_POINT('',(22.74,4.32,0.));
#1537 = VERTEX_POINT('',#1538);
#1538 = CARTESIAN_POINT('',(22.74,4.32,0.41148));
#1539 = LINE('',#1540,#1541);
#1540 = CARTESIAN_POINT('',(22.74,4.32,0.));
#1541 = VECTOR('',#1542,1.);
#1542 = DIRECTION('',(0.,0.,1.));
#1543 = ORIENTED_EDGE('',*,*,#1544,.T.);
#1544 = EDGE_CURVE('',#1537,#1537,#1545,.T.);
#1545 = CIRCLE('',#1546,0.5);
#1546 = AXIS2_PLACEMENT_3D('',#1547,#1548,#1549);
#1547 = CARTESIAN_POINT('',(22.24,4.32,0.41148));
#1548 = DIRECTION('',(0.,0.,1.));
#1549 = DIRECTION('',(1.,0.,-0.));
#1550 = ORIENTED_EDGE('',*,*,#1534,.F.);
#1551 = ORIENTED_EDGE('',*,*,#1552,.F.);
#1552 = EDGE_CURVE('',#1535,#1535,#1553,.T.);
#1553 = CIRCLE('',#1554,0.5);
#1554 = AXIS2_PLACEMENT_3D('',#1555,#1556,#1557);
#1555 = CARTESIAN_POINT('',(22.24,4.32,0.));
#1556 = DIRECTION('',(0.,0.,1.));
#1557 = DIRECTION('',(1.,0.,-0.));
#1558 = CYLINDRICAL_SURFACE('',#1559,0.5);
#1559 = AXIS2_PLACEMENT_3D('',#1560,#1561,#1562);
#1560 = CARTESIAN_POINT('',(22.24,4.32,0.));
#1561 = DIRECTION('',(-0.,-0.,-1.));
#1562 = DIRECTION('',(1.,0.,-0.));
#1563 = ADVANCED_FACE('',(#1564),#1591,.F.);
#1564 = FACE_BOUND('',#1565,.T.);
#1565 = EDGE_LOOP('',(#1566,#1576,#1583,#1584));
#1566 = ORIENTED_EDGE('',*,*,#1567,.T.);
#1567 = EDGE_CURVE('',#1568,#1570,#1572,.T.);
#1568 = VERTEX_POINT('',#1569);
#1569 = CARTESIAN_POINT('',(25.14,6.933,0.));
#1570 = VERTEX_POINT('',#1571);
#1571 = CARTESIAN_POINT('',(25.14,6.933,0.41148));
#1572 = LINE('',#1573,#1574);
#1573 = CARTESIAN_POINT('',(25.14,6.933,0.));
#1574 = VECTOR('',#1575,1.);
#1575 = DIRECTION('',(0.,0.,1.));
#1576 = ORIENTED_EDGE('',*,*,#1577,.T.);
#1577 = EDGE_CURVE('',#1570,#1570,#1578,.T.);
#1578 = CIRCLE('',#1579,0.5);
#1579 = AXIS2_PLACEMENT_3D('',#1580,#1581,#1582);
#1580 = CARTESIAN_POINT('',(24.64,6.933,0.41148));
#1581 = DIRECTION('',(0.,0.,1.));
#1582 = DIRECTION('',(1.,0.,-0.));
#1583 = ORIENTED_EDGE('',*,*,#1567,.F.);
#1584 = ORIENTED_EDGE('',*,*,#1585,.F.);
#1585 = EDGE_CURVE('',#1568,#1568,#1586,.T.);
#1586 = CIRCLE('',#1587,0.5);
#1587 = AXIS2_PLACEMENT_3D('',#1588,#1589,#1590);
#1588 = CARTESIAN_POINT('',(24.64,6.933,0.));
#1589 = DIRECTION('',(0.,0.,1.));
#1590 = DIRECTION('',(1.,0.,-0.));
#1591 = CYLINDRICAL_SURFACE('',#1592,0.5);
#1592 = AXIS2_PLACEMENT_3D('',#1593,#1594,#1595);
#1593 = CARTESIAN_POINT('',(24.64,6.933,0.));
#1594 = DIRECTION('',(-0.,-0.,-1.));
#1595 = DIRECTION('',(1.,0.,-0.));
#1596 = ADVANCED_FACE('',(#1597),#1624,.F.);
#1597 = FACE_BOUND('',#1598,.T.);
#1598 = EDGE_LOOP('',(#1599,#1609,#1616,#1617));
#1599 = ORIENTED_EDGE('',*,*,#1600,.T.);
#1600 = EDGE_CURVE('',#1601,#1603,#1605,.T.);
#1601 = VERTEX_POINT('',#1602);
#1602 = CARTESIAN_POINT('',(17.52,12.013,0.));
#1603 = VERTEX_POINT('',#1604);
#1604 = CARTESIAN_POINT('',(17.52,12.013,0.41148));
#1605 = LINE('',#1606,#1607);
#1606 = CARTESIAN_POINT('',(17.52,12.013,0.));
#1607 = VECTOR('',#1608,1.);
#1608 = DIRECTION('',(0.,0.,1.));
#1609 = ORIENTED_EDGE('',*,*,#1610,.T.);
#1610 = EDGE_CURVE('',#1603,#1603,#1611,.T.);
#1611 = CIRCLE('',#1612,0.5);
#1612 = AXIS2_PLACEMENT_3D('',#1613,#1614,#1615);
#1613 = CARTESIAN_POINT('',(17.02,12.013,0.41148));
#1614 = DIRECTION('',(0.,0.,1.));
#1615 = DIRECTION('',(1.,0.,-0.));
#1616 = ORIENTED_EDGE('',*,*,#1600,.F.);
#1617 = ORIENTED_EDGE('',*,*,#1618,.F.);
#1618 = EDGE_CURVE('',#1601,#1601,#1619,.T.);
#1619 = CIRCLE('',#1620,0.5);
#1620 = AXIS2_PLACEMENT_3D('',#1621,#1622,#1623);
#1621 = CARTESIAN_POINT('',(17.02,12.013,0.));
#1622 = DIRECTION('',(0.,0.,1.));
#1623 = DIRECTION('',(1.,0.,-0.));
#1624 = CYLINDRICAL_SURFACE('',#1625,0.5);
#1625 = AXIS2_PLACEMENT_3D('',#1626,#1627,#1628);
#1626 = CARTESIAN_POINT('',(17.02,12.013,0.));
#1627 = DIRECTION('',(-0.,-0.,-1.));
#1628 = DIRECTION('',(1.,0.,-0.));
#1629 = ADVANCED_FACE('',(#1630),#1657,.F.);
#1630 = FACE_BOUND('',#1631,.T.);
#1631 = EDGE_LOOP('',(#1632,#1642,#1649,#1650));
#1632 = ORIENTED_EDGE('',*,*,#1633,.T.);
#1633 = EDGE_CURVE('',#1634,#1636,#1638,.T.);
#1634 = VERTEX_POINT('',#1635);
#1635 = CARTESIAN_POINT('',(20.06,9.473,0.));
#1636 = VERTEX_POINT('',#1637);
#1637 = CARTESIAN_POINT('',(20.06,9.473,0.41148));
#1638 = LINE('',#1639,#1640);
#1639 = CARTESIAN_POINT('',(20.06,9.473,0.));
#1640 = VECTOR('',#1641,1.);
#1641 = DIRECTION('',(0.,0.,1.));
#1642 = ORIENTED_EDGE('',*,*,#1643,.T.);
#1643 = EDGE_CURVE('',#1636,#1636,#1644,.T.);
#1644 = CIRCLE('',#1645,0.5);
#1645 = AXIS2_PLACEMENT_3D('',#1646,#1647,#1648);
#1646 = CARTESIAN_POINT('',(19.56,9.473,0.41148));
#1647 = DIRECTION('',(0.,0.,1.));
#1648 = DIRECTION('',(1.,0.,-0.));
#1649 = ORIENTED_EDGE('',*,*,#1633,.F.);
#1650 = ORIENTED_EDGE('',*,*,#1651,.F.);
#1651 = EDGE_CURVE('',#1634,#1634,#1652,.T.);
#1652 = CIRCLE('',#1653,0.5);
#1653 = AXIS2_PLACEMENT_3D('',#1654,#1655,#1656);
#1654 = CARTESIAN_POINT('',(19.56,9.473,0.));
#1655 = DIRECTION('',(0.,0.,1.));
#1656 = DIRECTION('',(1.,0.,-0.));
#1657 = CYLINDRICAL_SURFACE('',#1658,0.5);
#1658 = AXIS2_PLACEMENT_3D('',#1659,#1660,#1661);
#1659 = CARTESIAN_POINT('',(19.56,9.473,0.));
#1660 = DIRECTION('',(-0.,-0.,-1.));
#1661 = DIRECTION('',(1.,0.,-0.));
#1662 = ADVANCED_FACE('',(#1663),#1690,.F.);
#1663 = FACE_BOUND('',#1664,.T.);
#1664 = EDGE_LOOP('',(#1665,#1675,#1682,#1683));
#1665 = ORIENTED_EDGE('',*,*,#1666,.T.);
#1666 = EDGE_CURVE('',#1667,#1669,#1671,.T.);
#1667 = VERTEX_POINT('',#1668);
#1668 = CARTESIAN_POINT('',(20.06,12.013,0.));
#1669 = VERTEX_POINT('',#1670);
#1670 = CARTESIAN_POINT('',(20.06,12.013,0.41148));
#1671 = LINE('',#1672,#1673);
#1672 = CARTESIAN_POINT('',(20.06,12.013,0.));
#1673 = VECTOR('',#1674,1.);
#1674 = DIRECTION('',(0.,0.,1.));
#1675 = ORIENTED_EDGE('',*,*,#1676,.T.);
#1676 = EDGE_CURVE('',#1669,#1669,#1677,.T.);
#1677 = CIRCLE('',#1678,0.5);
#1678 = AXIS2_PLACEMENT_3D('',#1679,#1680,#1681);
#1679 = CARTESIAN_POINT('',(19.56,12.013,0.41148));
#1680 = DIRECTION('',(0.,0.,1.));
#1681 = DIRECTION('',(1.,0.,-0.));
#1682 = ORIENTED_EDGE('',*,*,#1666,.F.);
#1683 = ORIENTED_EDGE('',*,*,#1684,.F.);
#1684 = EDGE_CURVE('',#1667,#1667,#1685,.T.);
#1685 = CIRCLE('',#1686,0.5);
#1686 = AXIS2_PLACEMENT_3D('',#1687,#1688,#1689);
#1687 = CARTESIAN_POINT('',(19.56,12.013,0.));
#1688 = DIRECTION('',(0.,0.,1.));
#1689 = DIRECTION('',(1.,0.,-0.));
#1690 = CYLINDRICAL_SURFACE('',#1691,0.5);
#1691 = AXIS2_PLACEMENT_3D('',#1692,#1693,#1694);
#1692 = CARTESIAN_POINT('',(19.56,12.013,0.));
#1693 = DIRECTION('',(-0.,-0.,-1.));
#1694 = DIRECTION('',(1.,0.,-0.));
#1695 = ADVANCED_FACE('',(#1696),#1723,.F.);
#1696 = FACE_BOUND('',#1697,.T.);
#1697 = EDGE_LOOP('',(#1698,#1708,#1715,#1716));
#1698 = ORIENTED_EDGE('',*,*,#1699,.T.);
#1699 = EDGE_CURVE('',#1700,#1702,#1704,.T.);
#1700 = VERTEX_POINT('',#1701);
#1701 = CARTESIAN_POINT('',(17.52,14.553,0.));
#1702 = VERTEX_POINT('',#1703);
#1703 = CARTESIAN_POINT('',(17.52,14.553,0.41148));
#1704 = LINE('',#1705,#1706);
#1705 = CARTESIAN_POINT('',(17.52,14.553,0.));
#1706 = VECTOR('',#1707,1.);
#1707 = DIRECTION('',(0.,0.,1.));
#1708 = ORIENTED_EDGE('',*,*,#1709,.T.);
#1709 = EDGE_CURVE('',#1702,#1702,#1710,.T.);
#1710 = CIRCLE('',#1711,0.5);
#1711 = AXIS2_PLACEMENT_3D('',#1712,#1713,#1714);
#1712 = CARTESIAN_POINT('',(17.02,14.553,0.41148));
#1713 = DIRECTION('',(0.,0.,1.));
#1714 = DIRECTION('',(1.,0.,-0.));
#1715 = ORIENTED_EDGE('',*,*,#1699,.F.);
#1716 = ORIENTED_EDGE('',*,*,#1717,.F.);
#1717 = EDGE_CURVE('',#1700,#1700,#1718,.T.);
#1718 = CIRCLE('',#1719,0.5);
#1719 = AXIS2_PLACEMENT_3D('',#1720,#1721,#1722);
#1720 = CARTESIAN_POINT('',(17.02,14.553,0.));
#1721 = DIRECTION('',(0.,0.,1.));
#1722 = DIRECTION('',(1.,0.,-0.));
#1723 = CYLINDRICAL_SURFACE('',#1724,0.5);
#1724 = AXIS2_PLACEMENT_3D('',#1725,#1726,#1727);
#1725 = CARTESIAN_POINT('',(17.02,14.553,0.));
#1726 = DIRECTION('',(-0.,-0.,-1.));
#1727 = DIRECTION('',(1.,0.,-0.));
#1728 = ADVANCED_FACE('',(#1729),#1756,.F.);
#1729 = FACE_BOUND('',#1730,.T.);
#1730 = EDGE_LOOP('',(#1731,#1741,#1748,#1749));
#1731 = ORIENTED_EDGE('',*,*,#1732,.T.);
#1732 = EDGE_CURVE('',#1733,#1735,#1737,.T.);
#1733 = VERTEX_POINT('',#1734);
#1734 = CARTESIAN_POINT('',(17.52,17.093,0.));
#1735 = VERTEX_POINT('',#1736);
#1736 = CARTESIAN_POINT('',(17.52,17.093,0.41148));
#1737 = LINE('',#1738,#1739);
#1738 = CARTESIAN_POINT('',(17.52,17.093,0.));
#1739 = VECTOR('',#1740,1.);
#1740 = DIRECTION('',(0.,0.,1.));
#1741 = ORIENTED_EDGE('',*,*,#1742,.T.);
#1742 = EDGE_CURVE('',#1735,#1735,#1743,.T.);
#1743 = CIRCLE('',#1744,0.5);
#1744 = AXIS2_PLACEMENT_3D('',#1745,#1746,#1747);
#1745 = CARTESIAN_POINT('',(17.02,17.093,0.41148));
#1746 = DIRECTION('',(0.,0.,1.));
#1747 = DIRECTION('',(1.,0.,-0.));
#1748 = ORIENTED_EDGE('',*,*,#1732,.F.);
#1749 = ORIENTED_EDGE('',*,*,#1750,.F.);
#1750 = EDGE_CURVE('',#1733,#1733,#1751,.T.);
#1751 = CIRCLE('',#1752,0.5);
#1752 = AXIS2_PLACEMENT_3D('',#1753,#1754,#1755);
#1753 = CARTESIAN_POINT('',(17.02,17.093,0.));
#1754 = DIRECTION('',(0.,0.,1.));
#1755 = DIRECTION('',(1.,0.,-0.));
#1756 = CYLINDRICAL_SURFACE('',#1757,0.5);
#1757 = AXIS2_PLACEMENT_3D('',#1758,#1759,#1760);
#1758 = CARTESIAN_POINT('',(17.02,17.093,0.));
#1759 = DIRECTION('',(-0.,-0.,-1.));
#1760 = DIRECTION('',(1.,0.,-0.));
#1761 = ADVANCED_FACE('',(#1762),#1789,.F.);
#1762 = FACE_BOUND('',#1763,.T.);
#1763 = EDGE_LOOP('',(#1764,#1774,#1781,#1782));
#1764 = ORIENTED_EDGE('',*,*,#1765,.T.);
#1765 = EDGE_CURVE('',#1766,#1768,#1770,.T.);
#1766 = VERTEX_POINT('',#1767);
#1767 = CARTESIAN_POINT('',(20.06,14.553,0.));
#1768 = VERTEX_POINT('',#1769);
#1769 = CARTESIAN_POINT('',(20.06,14.553,0.41148));
#1770 = LINE('',#1771,#1772);
#1771 = CARTESIAN_POINT('',(20.06,14.553,0.));
#1772 = VECTOR('',#1773,1.);
#1773 = DIRECTION('',(0.,0.,1.));
#1774 = ORIENTED_EDGE('',*,*,#1775,.T.);
#1775 = EDGE_CURVE('',#1768,#1768,#1776,.T.);
#1776 = CIRCLE('',#1777,0.5);
#1777 = AXIS2_PLACEMENT_3D('',#1778,#1779,#1780);
#1778 = CARTESIAN_POINT('',(19.56,14.553,0.41148));
#1779 = DIRECTION('',(0.,0.,1.));
#1780 = DIRECTION('',(1.,0.,-0.));
#1781 = ORIENTED_EDGE('',*,*,#1765,.F.);
#1782 = ORIENTED_EDGE('',*,*,#1783,.F.);
#1783 = EDGE_CURVE('',#1766,#1766,#1784,.T.);
#1784 = CIRCLE('',#1785,0.5);
#1785 = AXIS2_PLACEMENT_3D('',#1786,#1787,#1788);
#1786 = CARTESIAN_POINT('',(19.56,14.553,0.));
#1787 = DIRECTION('',(0.,0.,1.));
#1788 = DIRECTION('',(1.,0.,-0.));
#1789 = CYLINDRICAL_SURFACE('',#1790,0.5);
#1790 = AXIS2_PLACEMENT_3D('',#1791,#1792,#1793);
#1791 = CARTESIAN_POINT('',(19.56,14.553,0.));
#1792 = DIRECTION('',(-0.,-0.,-1.));
#1793 = DIRECTION('',(1.,0.,-0.));
#1794 = ADVANCED_FACE('',(#1795),#1822,.F.);
#1795 = FACE_BOUND('',#1796,.T.);
#1796 = EDGE_LOOP('',(#1797,#1807,#1814,#1815));
#1797 = ORIENTED_EDGE('',*,*,#1798,.T.);
#1798 = EDGE_CURVE('',#1799,#1801,#1803,.T.);
#1799 = VERTEX_POINT('',#1800);
#1800 = CARTESIAN_POINT('',(20.06,17.093,0.));
#1801 = VERTEX_POINT('',#1802);
#1802 = CARTESIAN_POINT('',(20.06,17.093,0.41148));
#1803 = LINE('',#1804,#1805);
#1804 = CARTESIAN_POINT('',(20.06,17.093,0.));
#1805 = VECTOR('',#1806,1.);
#1806 = DIRECTION('',(0.,0.,1.));
#1807 = ORIENTED_EDGE('',*,*,#1808,.T.);
#1808 = EDGE_CURVE('',#1801,#1801,#1809,.T.);
#1809 = CIRCLE('',#1810,0.5);
#1810 = AXIS2_PLACEMENT_3D('',#1811,#1812,#1813);
#1811 = CARTESIAN_POINT('',(19.56,17.093,0.41148));
#1812 = DIRECTION('',(0.,0.,1.));
#1813 = DIRECTION('',(1.,0.,-0.));
#1814 = ORIENTED_EDGE('',*,*,#1798,.F.);
#1815 = ORIENTED_EDGE('',*,*,#1816,.F.);
#1816 = EDGE_CURVE('',#1799,#1799,#1817,.T.);
#1817 = CIRCLE('',#1818,0.5);
#1818 = AXIS2_PLACEMENT_3D('',#1819,#1820,#1821);
#1819 = CARTESIAN_POINT('',(19.56,17.093,0.));
#1820 = DIRECTION('',(0.,0.,1.));
#1821 = DIRECTION('',(1.,0.,-0.));
#1822 = CYLINDRICAL_SURFACE('',#1823,0.5);
#1823 = AXIS2_PLACEMENT_3D('',#1824,#1825,#1826);
#1824 = CARTESIAN_POINT('',(19.56,17.093,0.));
#1825 = DIRECTION('',(-0.,-0.,-1.));
#1826 = DIRECTION('',(1.,0.,-0.));
#1827 = ADVANCED_FACE('',(#1828),#1855,.F.);
#1828 = FACE_BOUND('',#1829,.T.);
#1829 = EDGE_LOOP('',(#1830,#1840,#1847,#1848));
#1830 = ORIENTED_EDGE('',*,*,#1831,.T.);
#1831 = EDGE_CURVE('',#1832,#1834,#1836,.T.);
#1832 = VERTEX_POINT('',#1833);
#1833 = CARTESIAN_POINT('',(22.6,9.473,0.));
#1834 = VERTEX_POINT('',#1835);
#1835 = CARTESIAN_POINT('',(22.6,9.473,0.41148));
#1836 = LINE('',#1837,#1838);
#1837 = CARTESIAN_POINT('',(22.6,9.473,0.));
#1838 = VECTOR('',#1839,1.);
#1839 = DIRECTION('',(0.,0.,1.));
#1840 = ORIENTED_EDGE('',*,*,#1841,.T.);
#1841 = EDGE_CURVE('',#1834,#1834,#1842,.T.);
#1842 = CIRCLE('',#1843,0.5);
#1843 = AXIS2_PLACEMENT_3D('',#1844,#1845,#1846);
#1844 = CARTESIAN_POINT('',(22.1,9.473,0.41148));
#1845 = DIRECTION('',(0.,0.,1.));
#1846 = DIRECTION('',(1.,0.,-0.));
#1847 = ORIENTED_EDGE('',*,*,#1831,.F.);
#1848 = ORIENTED_EDGE('',*,*,#1849,.F.);
#1849 = EDGE_CURVE('',#1832,#1832,#1850,.T.);
#1850 = CIRCLE('',#1851,0.5);
#1851 = AXIS2_PLACEMENT_3D('',#1852,#1853,#1854);
#1852 = CARTESIAN_POINT('',(22.1,9.473,0.));
#1853 = DIRECTION('',(0.,0.,1.));
#1854 = DIRECTION('',(1.,0.,-0.));
#1855 = CYLINDRICAL_SURFACE('',#1856,0.5);
#1856 = AXIS2_PLACEMENT_3D('',#1857,#1858,#1859);
#1857 = CARTESIAN_POINT('',(22.1,9.473,0.));
#1858 = DIRECTION('',(-0.,-0.,-1.));
#1859 = DIRECTION('',(1.,0.,-0.));
#1860 = ADVANCED_FACE('',(#1861),#1888,.F.);
#1861 = FACE_BOUND('',#1862,.T.);
#1862 = EDGE_LOOP('',(#1863,#1873,#1880,#1881));
#1863 = ORIENTED_EDGE('',*,*,#1864,.T.);
#1864 = EDGE_CURVE('',#1865,#1867,#1869,.T.);
#1865 = VERTEX_POINT('',#1866);
#1866 = CARTESIAN_POINT('',(25.14,12.013,0.));
#1867 = VERTEX_POINT('',#1868);
#1868 = CARTESIAN_POINT('',(25.14,12.013,0.41148));
#1869 = LINE('',#1870,#1871);
#1870 = CARTESIAN_POINT('',(25.14,12.013,0.));
#1871 = VECTOR('',#1872,1.);
#1872 = DIRECTION('',(0.,0.,1.));
#1873 = ORIENTED_EDGE('',*,*,#1874,.T.);
#1874 = EDGE_CURVE('',#1867,#1867,#1875,.T.);
#1875 = CIRCLE('',#1876,0.5);
#1876 = AXIS2_PLACEMENT_3D('',#1877,#1878,#1879);
#1877 = CARTESIAN_POINT('',(24.64,12.013,0.41148));
#1878 = DIRECTION('',(0.,0.,1.));
#1879 = DIRECTION('',(1.,0.,-0.));
#1880 = ORIENTED_EDGE('',*,*,#1864,.F.);
#1881 = ORIENTED_EDGE('',*,*,#1882,.F.);
#1882 = EDGE_CURVE('',#1865,#1865,#1883,.T.);
#1883 = CIRCLE('',#1884,0.5);
#1884 = AXIS2_PLACEMENT_3D('',#1885,#1886,#1887);
#1885 = CARTESIAN_POINT('',(24.64,12.013,0.));
#1886 = DIRECTION('',(0.,0.,1.));
#1887 = DIRECTION('',(1.,0.,-0.));
#1888 = CYLINDRICAL_SURFACE('',#1889,0.5);
#1889 = AXIS2_PLACEMENT_3D('',#1890,#1891,#1892);
#1890 = CARTESIAN_POINT('',(24.64,12.013,0.));
#1891 = DIRECTION('',(-0.,-0.,-1.));
#1892 = DIRECTION('',(1.,0.,-0.));
#1893 = ADVANCED_FACE('',(#1894),#1921,.F.);
#1894 = FACE_BOUND('',#1895,.T.);
#1895 = EDGE_LOOP('',(#1896,#1906,#1913,#1914));
#1896 = ORIENTED_EDGE('',*,*,#1897,.T.);
#1897 = EDGE_CURVE('',#1898,#1900,#1902,.T.);
#1898 = VERTEX_POINT('',#1899);
#1899 = CARTESIAN_POINT('',(22.6,12.013,0.));
#1900 = VERTEX_POINT('',#1901);
#1901 = CARTESIAN_POINT('',(22.6,12.013,0.41148));
#1902 = LINE('',#1903,#1904);
#1903 = CARTESIAN_POINT('',(22.6,12.013,0.));
#1904 = VECTOR('',#1905,1.);
#1905 = DIRECTION('',(0.,0.,1.));
#1906 = ORIENTED_EDGE('',*,*,#1907,.T.);
#1907 = EDGE_CURVE('',#1900,#1900,#1908,.T.);
#1908 = CIRCLE('',#1909,0.5);
#1909 = AXIS2_PLACEMENT_3D('',#1910,#1911,#1912);
#1910 = CARTESIAN_POINT('',(22.1,12.013,0.41148));
#1911 = DIRECTION('',(0.,0.,1.));
#1912 = DIRECTION('',(1.,0.,-0.));
#1913 = ORIENTED_EDGE('',*,*,#1897,.F.);
#1914 = ORIENTED_EDGE('',*,*,#1915,.F.);
#1915 = EDGE_CURVE('',#1898,#1898,#1916,.T.);
#1916 = CIRCLE('',#1917,0.5);
#1917 = AXIS2_PLACEMENT_3D('',#1918,#1919,#1920);
#1918 = CARTESIAN_POINT('',(22.1,12.013,0.));
#1919 = DIRECTION('',(0.,0.,1.));
#1920 = DIRECTION('',(1.,0.,-0.));
#1921 = CYLINDRICAL_SURFACE('',#1922,0.5);
#1922 = AXIS2_PLACEMENT_3D('',#1923,#1924,#1925);
#1923 = CARTESIAN_POINT('',(22.1,12.013,0.));
#1924 = DIRECTION('',(-0.,-0.,-1.));
#1925 = DIRECTION('',(1.,0.,-0.));
#1926 = ADVANCED_FACE('',(#1927),#1954,.F.);
#1927 = FACE_BOUND('',#1928,.T.);
#1928 = EDGE_LOOP('',(#1929,#1939,#1946,#1947));
#1929 = ORIENTED_EDGE('',*,*,#1930,.T.);
#1930 = EDGE_CURVE('',#1931,#1933,#1935,.T.);
#1931 = VERTEX_POINT('',#1932);
#1932 = CARTESIAN_POINT('',(22.6,14.553,0.));
#1933 = VERTEX_POINT('',#1934);
#1934 = CARTESIAN_POINT('',(22.6,14.553,0.41148));
#1935 = LINE('',#1936,#1937);
#1936 = CARTESIAN_POINT('',(22.6,14.553,0.));
#1937 = VECTOR('',#1938,1.);
#1938 = DIRECTION('',(0.,0.,1.));
#1939 = ORIENTED_EDGE('',*,*,#1940,.T.);
#1940 = EDGE_CURVE('',#1933,#1933,#1941,.T.);
#1941 = CIRCLE('',#1942,0.5);
#1942 = AXIS2_PLACEMENT_3D('',#1943,#1944,#1945);
#1943 = CARTESIAN_POINT('',(22.1,14.553,0.41148));
#1944 = DIRECTION('',(0.,0.,1.));
#1945 = DIRECTION('',(1.,0.,-0.));
#1946 = ORIENTED_EDGE('',*,*,#1930,.F.);
#1947 = ORIENTED_EDGE('',*,*,#1948,.F.);
#1948 = EDGE_CURVE('',#1931,#1931,#1949,.T.);
#1949 = CIRCLE('',#1950,0.5);
#1950 = AXIS2_PLACEMENT_3D('',#1951,#1952,#1953);
#1951 = CARTESIAN_POINT('',(22.1,14.553,0.));
#1952 = DIRECTION('',(0.,0.,1.));
#1953 = DIRECTION('',(1.,0.,-0.));
#1954 = CYLINDRICAL_SURFACE('',#1955,0.5);
#1955 = AXIS2_PLACEMENT_3D('',#1956,#1957,#1958);
#1956 = CARTESIAN_POINT('',(22.1,14.553,0.));
#1957 = DIRECTION('',(-0.,-0.,-1.));
#1958 = DIRECTION('',(1.,0.,-0.));
#1959 = ADVANCED_FACE('',(#1960),#1987,.F.);
#1960 = FACE_BOUND('',#1961,.T.);
#1961 = EDGE_LOOP('',(#1962,#1972,#1979,#1980));
#1962 = ORIENTED_EDGE('',*,*,#1963,.T.);
#1963 = EDGE_CURVE('',#1964,#1966,#1968,.T.);
#1964 = VERTEX_POINT('',#1965);
#1965 = CARTESIAN_POINT('',(22.6,17.093,0.));
#1966 = VERTEX_POINT('',#1967);
#1967 = CARTESIAN_POINT('',(22.6,17.093,0.41148));
#1968 = LINE('',#1969,#1970);
#1969 = CARTESIAN_POINT('',(22.6,17.093,0.));
#1970 = VECTOR('',#1971,1.);
#1971 = DIRECTION('',(0.,0.,1.));
#1972 = ORIENTED_EDGE('',*,*,#1973,.T.);
#1973 = EDGE_CURVE('',#1966,#1966,#1974,.T.);
#1974 = CIRCLE('',#1975,0.5);
#1975 = AXIS2_PLACEMENT_3D('',#1976,#1977,#1978);
#1976 = CARTESIAN_POINT('',(22.1,17.093,0.41148));
#1977 = DIRECTION('',(0.,0.,1.));
#1978 = DIRECTION('',(1.,0.,-0.));
#1979 = ORIENTED_EDGE('',*,*,#1963,.F.);
#1980 = ORIENTED_EDGE('',*,*,#1981,.F.);
#1981 = EDGE_CURVE('',#1964,#1964,#1982,.T.);
#1982 = CIRCLE('',#1983,0.5);
#1983 = AXIS2_PLACEMENT_3D('',#1984,#1985,#1986);
#1984 = CARTESIAN_POINT('',(22.1,17.093,0.));
#1985 = DIRECTION('',(0.,0.,1.));
#1986 = DIRECTION('',(1.,0.,-0.));
#1987 = CYLINDRICAL_SURFACE('',#1988,0.5);
#1988 = AXIS2_PLACEMENT_3D('',#1989,#1990,#1991);
#1989 = CARTESIAN_POINT('',(22.1,17.093,0.));
#1990 = DIRECTION('',(-0.,-0.,-1.));
#1991 = DIRECTION('',(1.,0.,-0.));
#1992 = ADVANCED_FACE('',(#1993),#2020,.F.);
#1993 = FACE_BOUND('',#1994,.T.);
#1994 = EDGE_LOOP('',(#1995,#2005,#2012,#2013));
#1995 = ORIENTED_EDGE('',*,*,#1996,.T.);
#1996 = EDGE_CURVE('',#1997,#1999,#2001,.T.);
#1997 = VERTEX_POINT('',#1998);
#1998 = CARTESIAN_POINT('',(25.14,14.553,0.));
#1999 = VERTEX_POINT('',#2000);
#2000 = CARTESIAN_POINT('',(25.14,14.553,0.41148));
#2001 = LINE('',#2002,#2003);
#2002 = CARTESIAN_POINT('',(25.14,14.553,0.));
#2003 = VECTOR('',#2004,1.);
#2004 = DIRECTION('',(0.,0.,1.));
#2005 = ORIENTED_EDGE('',*,*,#2006,.T.);
#2006 = EDGE_CURVE('',#1999,#1999,#2007,.T.);
#2007 = CIRCLE('',#2008,0.5);
#2008 = AXIS2_PLACEMENT_3D('',#2009,#2010,#2011);
#2009 = CARTESIAN_POINT('',(24.64,14.553,0.41148));
#2010 = DIRECTION('',(0.,0.,1.));
#2011 = DIRECTION('',(1.,0.,-0.));
#2012 = ORIENTED_EDGE('',*,*,#1996,.F.);
#2013 = ORIENTED_EDGE('',*,*,#2014,.F.);
#2014 = EDGE_CURVE('',#1997,#1997,#2015,.T.);
#2015 = CIRCLE('',#2016,0.5);
#2016 = AXIS2_PLACEMENT_3D('',#2017,#2018,#2019);
#2017 = CARTESIAN_POINT('',(24.64,14.553,0.));
#2018 = DIRECTION('',(0.,0.,1.));
#2019 = DIRECTION('',(1.,0.,-0.));
#2020 = CYLINDRICAL_SURFACE('',#2021,0.5);
#2021 = AXIS2_PLACEMENT_3D('',#2022,#2023,#2024);
#2022 = CARTESIAN_POINT('',(24.64,14.553,0.));
#2023 = DIRECTION('',(-0.,-0.,-1.));
#2024 = DIRECTION('',(1.,0.,-0.));
#2025 = ADVANCED_FACE('',(#2026),#2053,.F.);
#2026 = FACE_BOUND('',#2027,.T.);
#2027 = EDGE_LOOP('',(#2028,#2038,#2045,#2046));
#2028 = ORIENTED_EDGE('',*,*,#2029,.T.);
#2029 = EDGE_CURVE('',#2030,#2032,#2034,.T.);
#2030 = VERTEX_POINT('',#2031);
#2031 = CARTESIAN_POINT('',(25.14,17.093,0.));
#2032 = VERTEX_POINT('',#2033);
#2033 = CARTESIAN_POINT('',(25.14,17.093,0.41148));
#2034 = LINE('',#2035,#2036);
#2035 = CARTESIAN_POINT('',(25.14,17.093,0.));
#2036 = VECTOR('',#2037,1.);
#2037 = DIRECTION('',(0.,0.,1.));
#2038 = ORIENTED_EDGE('',*,*,#2039,.T.);
#2039 = EDGE_CURVE('',#2032,#2032,#2040,.T.);
#2040 = CIRCLE('',#2041,0.5);
#2041 = AXIS2_PLACEMENT_3D('',#2042,#2043,#2044);
#2042 = CARTESIAN_POINT('',(24.64,17.093,0.41148));
#2043 = DIRECTION('',(0.,0.,1.));
#2044 = DIRECTION('',(1.,0.,-0.));
#2045 = ORIENTED_EDGE('',*,*,#2029,.F.);
#2046 = ORIENTED_EDGE('',*,*,#2047,.F.);
#2047 = EDGE_CURVE('',#2030,#2030,#2048,.T.);
#2048 = CIRCLE('',#2049,0.5);
#2049 = AXIS2_PLACEMENT_3D('',#2050,#2051,#2052);
#2050 = CARTESIAN_POINT('',(24.64,17.093,0.));
#2051 = DIRECTION('',(0.,0.,1.));
#2052 = DIRECTION('',(1.,0.,-0.));
#2053 = CYLINDRICAL_SURFACE('',#2054,0.5);
#2054 = AXIS2_PLACEMENT_3D('',#2055,#2056,#2057);
#2055 = CARTESIAN_POINT('',(24.64,17.093,0.));
#2056 = DIRECTION('',(-0.,-0.,-1.));
#2057 = DIRECTION('',(1.,0.,-0.));
#2058 = ADVANCED_FACE('',(#2059),#2086,.F.);
#2059 = FACE_BOUND('',#2060,.T.);
#2060 = EDGE_LOOP('',(#2061,#2071,#2078,#2079));
#2061 = ORIENTED_EDGE('',*,*,#2062,.T.);
#2062 = EDGE_CURVE('',#2063,#2065,#2067,.T.);
#2063 = VERTEX_POINT('',#2064);
#2064 = CARTESIAN_POINT('',(2.28,19.633,0.));
#2065 = VERTEX_POINT('',#2066);
#2066 = CARTESIAN_POINT('',(2.28,19.633,0.41148));
#2067 = LINE('',#2068,#2069);
#2068 = CARTESIAN_POINT('',(2.28,19.633,0.));
#2069 = VECTOR('',#2070,1.);
#2070 = DIRECTION('',(0.,0.,1.));
#2071 = ORIENTED_EDGE('',*,*,#2072,.T.);
#2072 = EDGE_CURVE('',#2065,#2065,#2073,.T.);
#2073 = CIRCLE('',#2074,0.5);
#2074 = AXIS2_PLACEMENT_3D('',#2075,#2076,#2077);
#2075 = CARTESIAN_POINT('',(1.78,19.633,0.41148));
#2076 = DIRECTION('',(0.,0.,1.));
#2077 = DIRECTION('',(1.,0.,-0.));
#2078 = ORIENTED_EDGE('',*,*,#2062,.F.);
#2079 = ORIENTED_EDGE('',*,*,#2080,.F.);
#2080 = EDGE_CURVE('',#2063,#2063,#2081,.T.);
#2081 = CIRCLE('',#2082,0.5);
#2082 = AXIS2_PLACEMENT_3D('',#2083,#2084,#2085);
#2083 = CARTESIAN_POINT('',(1.78,19.633,0.));
#2084 = DIRECTION('',(0.,0.,1.));
#2085 = DIRECTION('',(1.,0.,-0.));
#2086 = CYLINDRICAL_SURFACE('',#2087,0.5);
#2087 = AXIS2_PLACEMENT_3D('',#2088,#2089,#2090);
#2088 = CARTESIAN_POINT('',(1.78,19.633,0.));
#2089 = DIRECTION('',(-0.,-0.,-1.));
#2090 = DIRECTION('',(1.,0.,-0.));
#2091 = ADVANCED_FACE('',(#2092),#2119,.F.);
#2092 = FACE_BOUND('',#2093,.T.);
#2093 = EDGE_LOOP('',(#2094,#2104,#2111,#2112));
#2094 = ORIENTED_EDGE('',*,*,#2095,.T.);
#2095 = EDGE_CURVE('',#2096,#2098,#2100,.T.);
#2096 = VERTEX_POINT('',#2097);
#2097 = CARTESIAN_POINT('',(7.36,19.633,0.));
#2098 = VERTEX_POINT('',#2099);
#2099 = CARTESIAN_POINT('',(7.36,19.633,0.41148));
#2100 = LINE('',#2101,#2102);
#2101 = CARTESIAN_POINT('',(7.36,19.633,0.));
#2102 = VECTOR('',#2103,1.);
#2103 = DIRECTION('',(0.,0.,1.));
#2104 = ORIENTED_EDGE('',*,*,#2105,.T.);
#2105 = EDGE_CURVE('',#2098,#2098,#2106,.T.);
#2106 = CIRCLE('',#2107,0.5);
#2107 = AXIS2_PLACEMENT_3D('',#2108,#2109,#2110);
#2108 = CARTESIAN_POINT('',(6.86,19.633,0.41148));
#2109 = DIRECTION('',(0.,0.,1.));
#2110 = DIRECTION('',(1.,0.,-0.));
#2111 = ORIENTED_EDGE('',*,*,#2095,.F.);
#2112 = ORIENTED_EDGE('',*,*,#2113,.F.);
#2113 = EDGE_CURVE('',#2096,#2096,#2114,.T.);
#2114 = CIRCLE('',#2115,0.5);
#2115 = AXIS2_PLACEMENT_3D('',#2116,#2117,#2118);
#2116 = CARTESIAN_POINT('',(6.86,19.633,0.));
#2117 = DIRECTION('',(0.,0.,1.));
#2118 = DIRECTION('',(1.,0.,-0.));
#2119 = CYLINDRICAL_SURFACE('',#2120,0.5);
#2120 = AXIS2_PLACEMENT_3D('',#2121,#2122,#2123);
#2121 = CARTESIAN_POINT('',(6.86,19.633,0.));
#2122 = DIRECTION('',(-0.,-0.,-1.));
#2123 = DIRECTION('',(1.,0.,-0.));
#2124 = ADVANCED_FACE('',(#2125),#2152,.F.);
#2125 = FACE_BOUND('',#2126,.T.);
#2126 = EDGE_LOOP('',(#2127,#2137,#2144,#2145));
#2127 = ORIENTED_EDGE('',*,*,#2128,.T.);
#2128 = EDGE_CURVE('',#2129,#2131,#2133,.T.);
#2129 = VERTEX_POINT('',#2130);
#2130 = CARTESIAN_POINT('',(4.82,19.633,0.));
#2131 = VERTEX_POINT('',#2132);
#2132 = CARTESIAN_POINT('',(4.82,19.633,0.41148));
#2133 = LINE('',#2134,#2135);
#2134 = CARTESIAN_POINT('',(4.82,19.633,0.));
#2135 = VECTOR('',#2136,1.);
#2136 = DIRECTION('',(0.,0.,1.));
#2137 = ORIENTED_EDGE('',*,*,#2138,.T.);
#2138 = EDGE_CURVE('',#2131,#2131,#2139,.T.);
#2139 = CIRCLE('',#2140,0.5);
#2140 = AXIS2_PLACEMENT_3D('',#2141,#2142,#2143);
#2141 = CARTESIAN_POINT('',(4.32,19.633,0.41148));
#2142 = DIRECTION('',(0.,0.,1.));
#2143 = DIRECTION('',(1.,0.,-0.));
#2144 = ORIENTED_EDGE('',*,*,#2128,.F.);
#2145 = ORIENTED_EDGE('',*,*,#2146,.F.);
#2146 = EDGE_CURVE('',#2129,#2129,#2147,.T.);
#2147 = CIRCLE('',#2148,0.5);
#2148 = AXIS2_PLACEMENT_3D('',#2149,#2150,#2151);
#2149 = CARTESIAN_POINT('',(4.32,19.633,0.));
#2150 = DIRECTION('',(0.,0.,1.));
#2151 = DIRECTION('',(1.,0.,-0.));
#2152 = CYLINDRICAL_SURFACE('',#2153,0.5);
#2153 = AXIS2_PLACEMENT_3D('',#2154,#2155,#2156);
#2154 = CARTESIAN_POINT('',(4.32,19.633,0.));
#2155 = DIRECTION('',(-0.,-0.,-1.));
#2156 = DIRECTION('',(1.,0.,-0.));
#2157 = ADVANCED_FACE('',(#2158),#2185,.F.);
#2158 = FACE_BOUND('',#2159,.T.);
#2159 = EDGE_LOOP('',(#2160,#2170,#2177,#2178));
#2160 = ORIENTED_EDGE('',*,*,#2161,.T.);
#2161 = EDGE_CURVE('',#2162,#2164,#2166,.T.);
#2162 = VERTEX_POINT('',#2163);
#2163 = CARTESIAN_POINT('',(2.28,22.173,0.));
#2164 = VERTEX_POINT('',#2165);
#2165 = CARTESIAN_POINT('',(2.28,22.173,0.41148));
#2166 = LINE('',#2167,#2168);
#2167 = CARTESIAN_POINT('',(2.28,22.173,0.));
#2168 = VECTOR('',#2169,1.);
#2169 = DIRECTION('',(0.,0.,1.));
#2170 = ORIENTED_EDGE('',*,*,#2171,.T.);
#2171 = EDGE_CURVE('',#2164,#2164,#2172,.T.);
#2172 = CIRCLE('',#2173,0.5);
#2173 = AXIS2_PLACEMENT_3D('',#2174,#2175,#2176);
#2174 = CARTESIAN_POINT('',(1.78,22.173,0.41148));
#2175 = DIRECTION('',(0.,0.,1.));
#2176 = DIRECTION('',(1.,0.,-0.));
#2177 = ORIENTED_EDGE('',*,*,#2161,.F.);
#2178 = ORIENTED_EDGE('',*,*,#2179,.F.);
#2179 = EDGE_CURVE('',#2162,#2162,#2180,.T.);
#2180 = CIRCLE('',#2181,0.5);
#2181 = AXIS2_PLACEMENT_3D('',#2182,#2183,#2184);
#2182 = CARTESIAN_POINT('',(1.78,22.173,0.));
#2183 = DIRECTION('',(0.,0.,1.));
#2184 = DIRECTION('',(1.,0.,-0.));
#2185 = CYLINDRICAL_SURFACE('',#2186,0.5);
#2186 = AXIS2_PLACEMENT_3D('',#2187,#2188,#2189);
#2187 = CARTESIAN_POINT('',(1.78,22.173,0.));
#2188 = DIRECTION('',(-0.,-0.,-1.));
#2189 = DIRECTION('',(1.,0.,-0.));
#2190 = ADVANCED_FACE('',(#2191),#2218,.F.);
#2191 = FACE_BOUND('',#2192,.T.);
#2192 = EDGE_LOOP('',(#2193,#2203,#2210,#2211));
#2193 = ORIENTED_EDGE('',*,*,#2194,.T.);
#2194 = EDGE_CURVE('',#2195,#2197,#2199,.T.);
#2195 = VERTEX_POINT('',#2196);
#2196 = CARTESIAN_POINT('',(4.82,22.173,0.));
#2197 = VERTEX_POINT('',#2198);
#2198 = CARTESIAN_POINT('',(4.82,22.173,0.41148));
#2199 = LINE('',#2200,#2201);
#2200 = CARTESIAN_POINT('',(4.82,22.173,0.));
#2201 = VECTOR('',#2202,1.);
#2202 = DIRECTION('',(0.,0.,1.));
#2203 = ORIENTED_EDGE('',*,*,#2204,.T.);
#2204 = EDGE_CURVE('',#2197,#2197,#2205,.T.);
#2205 = CIRCLE('',#2206,0.5);
#2206 = AXIS2_PLACEMENT_3D('',#2207,#2208,#2209);
#2207 = CARTESIAN_POINT('',(4.32,22.173,0.41148));
#2208 = DIRECTION('',(0.,0.,1.));
#2209 = DIRECTION('',(1.,0.,-0.));
#2210 = ORIENTED_EDGE('',*,*,#2194,.F.);
#2211 = ORIENTED_EDGE('',*,*,#2212,.F.);
#2212 = EDGE_CURVE('',#2195,#2195,#2213,.T.);
#2213 = CIRCLE('',#2214,0.5);
#2214 = AXIS2_PLACEMENT_3D('',#2215,#2216,#2217);
#2215 = CARTESIAN_POINT('',(4.32,22.173,0.));
#2216 = DIRECTION('',(0.,0.,1.));
#2217 = DIRECTION('',(1.,0.,-0.));
#2218 = CYLINDRICAL_SURFACE('',#2219,0.5);
#2219 = AXIS2_PLACEMENT_3D('',#2220,#2221,#2222);
#2220 = CARTESIAN_POINT('',(4.32,22.173,0.));
#2221 = DIRECTION('',(-0.,-0.,-1.));
#2222 = DIRECTION('',(1.,0.,-0.));
#2223 = ADVANCED_FACE('',(#2224),#2251,.F.);
#2224 = FACE_BOUND('',#2225,.T.);
#2225 = EDGE_LOOP('',(#2226,#2236,#2243,#2244));
#2226 = ORIENTED_EDGE('',*,*,#2227,.T.);
#2227 = EDGE_CURVE('',#2228,#2230,#2232,.T.);
#2228 = VERTEX_POINT('',#2229);
#2229 = CARTESIAN_POINT('',(4.82,24.713,0.));
#2230 = VERTEX_POINT('',#2231);
#2231 = CARTESIAN_POINT('',(4.82,24.713,0.41148));
#2232 = LINE('',#2233,#2234);
#2233 = CARTESIAN_POINT('',(4.82,24.713,0.));
#2234 = VECTOR('',#2235,1.);
#2235 = DIRECTION('',(0.,0.,1.));
#2236 = ORIENTED_EDGE('',*,*,#2237,.T.);
#2237 = EDGE_CURVE('',#2230,#2230,#2238,.T.);
#2238 = CIRCLE('',#2239,0.5);
#2239 = AXIS2_PLACEMENT_3D('',#2240,#2241,#2242);
#2240 = CARTESIAN_POINT('',(4.32,24.713,0.41148));
#2241 = DIRECTION('',(0.,0.,1.));
#2242 = DIRECTION('',(1.,0.,-0.));
#2243 = ORIENTED_EDGE('',*,*,#2227,.F.);
#2244 = ORIENTED_EDGE('',*,*,#2245,.F.);
#2245 = EDGE_CURVE('',#2228,#2228,#2246,.T.);
#2246 = CIRCLE('',#2247,0.5);
#2247 = AXIS2_PLACEMENT_3D('',#2248,#2249,#2250);
#2248 = CARTESIAN_POINT('',(4.32,24.713,0.));
#2249 = DIRECTION('',(0.,0.,1.));
#2250 = DIRECTION('',(1.,0.,-0.));
#2251 = CYLINDRICAL_SURFACE('',#2252,0.5);
#2252 = AXIS2_PLACEMENT_3D('',#2253,#2254,#2255);
#2253 = CARTESIAN_POINT('',(4.32,24.713,0.));
#2254 = DIRECTION('',(-0.,-0.,-1.));
#2255 = DIRECTION('',(1.,0.,-0.));
#2256 = ADVANCED_FACE('',(#2257),#2284,.F.);
#2257 = FACE_BOUND('',#2258,.T.);
#2258 = EDGE_LOOP('',(#2259,#2269,#2276,#2277));
#2259 = ORIENTED_EDGE('',*,*,#2260,.T.);
#2260 = EDGE_CURVE('',#2261,#2263,#2265,.T.);
#2261 = VERTEX_POINT('',#2262);
#2262 = CARTESIAN_POINT('',(12.44,19.633,0.));
#2263 = VERTEX_POINT('',#2264);
#2264 = CARTESIAN_POINT('',(12.44,19.633,0.41148));
#2265 = LINE('',#2266,#2267);
#2266 = CARTESIAN_POINT('',(12.44,19.633,0.));
#2267 = VECTOR('',#2268,1.);
#2268 = DIRECTION('',(0.,0.,1.));
#2269 = ORIENTED_EDGE('',*,*,#2270,.T.);
#2270 = EDGE_CURVE('',#2263,#2263,#2271,.T.);
#2271 = CIRCLE('',#2272,0.5);
#2272 = AXIS2_PLACEMENT_3D('',#2273,#2274,#2275);
#2273 = CARTESIAN_POINT('',(11.94,19.633,0.41148));
#2274 = DIRECTION('',(0.,0.,1.));
#2275 = DIRECTION('',(1.,0.,-0.));
#2276 = ORIENTED_EDGE('',*,*,#2260,.F.);
#2277 = ORIENTED_EDGE('',*,*,#2278,.F.);
#2278 = EDGE_CURVE('',#2261,#2261,#2279,.T.);
#2279 = CIRCLE('',#2280,0.5);
#2280 = AXIS2_PLACEMENT_3D('',#2281,#2282,#2283);
#2281 = CARTESIAN_POINT('',(11.94,19.633,0.));
#2282 = DIRECTION('',(0.,0.,1.));
#2283 = DIRECTION('',(1.,0.,-0.));
#2284 = CYLINDRICAL_SURFACE('',#2285,0.5);
#2285 = AXIS2_PLACEMENT_3D('',#2286,#2287,#2288);
#2286 = CARTESIAN_POINT('',(11.94,19.633,0.));
#2287 = DIRECTION('',(-0.,-0.,-1.));
#2288 = DIRECTION('',(1.,0.,-0.));
#2289 = ADVANCED_FACE('',(#2290),#2317,.F.);
#2290 = FACE_BOUND('',#2291,.T.);
#2291 = EDGE_LOOP('',(#2292,#2302,#2309,#2310));
#2292 = ORIENTED_EDGE('',*,*,#2293,.T.);
#2293 = EDGE_CURVE('',#2294,#2296,#2298,.T.);
#2294 = VERTEX_POINT('',#2295);
#2295 = CARTESIAN_POINT('',(17.52,19.633,0.));
#2296 = VERTEX_POINT('',#2297);
#2297 = CARTESIAN_POINT('',(17.52,19.633,0.41148));
#2298 = LINE('',#2299,#2300);
#2299 = CARTESIAN_POINT('',(17.52,19.633,0.));
#2300 = VECTOR('',#2301,1.);
#2301 = DIRECTION('',(0.,0.,1.));
#2302 = ORIENTED_EDGE('',*,*,#2303,.T.);
#2303 = EDGE_CURVE('',#2296,#2296,#2304,.T.);
#2304 = CIRCLE('',#2305,0.5);
#2305 = AXIS2_PLACEMENT_3D('',#2306,#2307,#2308);
#2306 = CARTESIAN_POINT('',(17.02,19.633,0.41148));
#2307 = DIRECTION('',(0.,0.,1.));
#2308 = DIRECTION('',(1.,0.,-0.));
#2309 = ORIENTED_EDGE('',*,*,#2293,.F.);
#2310 = ORIENTED_EDGE('',*,*,#2311,.F.);
#2311 = EDGE_CURVE('',#2294,#2294,#2312,.T.);
#2312 = CIRCLE('',#2313,0.5);
#2313 = AXIS2_PLACEMENT_3D('',#2314,#2315,#2316);
#2314 = CARTESIAN_POINT('',(17.02,19.633,0.));
#2315 = DIRECTION('',(0.,0.,1.));
#2316 = DIRECTION('',(1.,0.,-0.));
#2317 = CYLINDRICAL_SURFACE('',#2318,0.5);
#2318 = AXIS2_PLACEMENT_3D('',#2319,#2320,#2321);
#2319 = CARTESIAN_POINT('',(17.02,19.633,0.));
#2320 = DIRECTION('',(-0.,-0.,-1.));
#2321 = DIRECTION('',(1.,0.,-0.));
#2322 = ADVANCED_FACE('',(#2323),#2350,.F.);
#2323 = FACE_BOUND('',#2324,.T.);
#2324 = EDGE_LOOP('',(#2325,#2335,#2342,#2343));
#2325 = ORIENTED_EDGE('',*,*,#2326,.T.);
#2326 = EDGE_CURVE('',#2327,#2329,#2331,.T.);
#2327 = VERTEX_POINT('',#2328);
#2328 = CARTESIAN_POINT('',(14.98,19.633,0.));
#2329 = VERTEX_POINT('',#2330);
#2330 = CARTESIAN_POINT('',(14.98,19.633,0.41148));
#2331 = LINE('',#2332,#2333);
#2332 = CARTESIAN_POINT('',(14.98,19.633,0.));
#2333 = VECTOR('',#2334,1.);
#2334 = DIRECTION('',(0.,0.,1.));
#2335 = ORIENTED_EDGE('',*,*,#2336,.T.);
#2336 = EDGE_CURVE('',#2329,#2329,#2337,.T.);
#2337 = CIRCLE('',#2338,0.5);
#2338 = AXIS2_PLACEMENT_3D('',#2339,#2340,#2341);
#2339 = CARTESIAN_POINT('',(14.48,19.633,0.41148));
#2340 = DIRECTION('',(0.,0.,1.));
#2341 = DIRECTION('',(1.,0.,-0.));
#2342 = ORIENTED_EDGE('',*,*,#2326,.F.);
#2343 = ORIENTED_EDGE('',*,*,#2344,.F.);
#2344 = EDGE_CURVE('',#2327,#2327,#2345,.T.);
#2345 = CIRCLE('',#2346,0.5);
#2346 = AXIS2_PLACEMENT_3D('',#2347,#2348,#2349);
#2347 = CARTESIAN_POINT('',(14.48,19.633,0.));
#2348 = DIRECTION('',(0.,0.,1.));
#2349 = DIRECTION('',(1.,0.,-0.));
#2350 = CYLINDRICAL_SURFACE('',#2351,0.5);
#2351 = AXIS2_PLACEMENT_3D('',#2352,#2353,#2354);
#2352 = CARTESIAN_POINT('',(14.48,19.633,0.));
#2353 = DIRECTION('',(-0.,-0.,-1.));
#2354 = DIRECTION('',(1.,0.,-0.));
#2355 = ADVANCED_FACE('',(#2356),#2383,.F.);
#2356 = FACE_BOUND('',#2357,.T.);
#2357 = EDGE_LOOP('',(#2358,#2368,#2375,#2376));
#2358 = ORIENTED_EDGE('',*,*,#2359,.T.);
#2359 = EDGE_CURVE('',#2360,#2362,#2364,.T.);
#2360 = VERTEX_POINT('',#2361);
#2361 = CARTESIAN_POINT('',(9.9,22.173,0.));
#2362 = VERTEX_POINT('',#2363);
#2363 = CARTESIAN_POINT('',(9.9,22.173,0.41148));
#2364 = LINE('',#2365,#2366);
#2365 = CARTESIAN_POINT('',(9.9,22.173,0.));
#2366 = VECTOR('',#2367,1.);
#2367 = DIRECTION('',(0.,0.,1.));
#2368 = ORIENTED_EDGE('',*,*,#2369,.T.);
#2369 = EDGE_CURVE('',#2362,#2362,#2370,.T.);
#2370 = CIRCLE('',#2371,0.5);
#2371 = AXIS2_PLACEMENT_3D('',#2372,#2373,#2374);
#2372 = CARTESIAN_POINT('',(9.4,22.173,0.41148));
#2373 = DIRECTION('',(0.,0.,1.));
#2374 = DIRECTION('',(1.,0.,-0.));
#2375 = ORIENTED_EDGE('',*,*,#2359,.F.);
#2376 = ORIENTED_EDGE('',*,*,#2377,.F.);
#2377 = EDGE_CURVE('',#2360,#2360,#2378,.T.);
#2378 = CIRCLE('',#2379,0.5);
#2379 = AXIS2_PLACEMENT_3D('',#2380,#2381,#2382);
#2380 = CARTESIAN_POINT('',(9.4,22.173,0.));
#2381 = DIRECTION('',(0.,0.,1.));
#2382 = DIRECTION('',(1.,0.,-0.));
#2383 = CYLINDRICAL_SURFACE('',#2384,0.5);
#2384 = AXIS2_PLACEMENT_3D('',#2385,#2386,#2387);
#2385 = CARTESIAN_POINT('',(9.4,22.173,0.));
#2386 = DIRECTION('',(-0.,-0.,-1.));
#2387 = DIRECTION('',(1.,0.,-0.));
#2388 = ADVANCED_FACE('',(#2389),#2416,.F.);
#2389 = FACE_BOUND('',#2390,.T.);
#2390 = EDGE_LOOP('',(#2391,#2401,#2408,#2409));
#2391 = ORIENTED_EDGE('',*,*,#2392,.T.);
#2392 = EDGE_CURVE('',#2393,#2395,#2397,.T.);
#2393 = VERTEX_POINT('',#2394);
#2394 = CARTESIAN_POINT('',(7.36,22.173,0.));
#2395 = VERTEX_POINT('',#2396);
#2396 = CARTESIAN_POINT('',(7.36,22.173,0.41148));
#2397 = LINE('',#2398,#2399);
#2398 = CARTESIAN_POINT('',(7.36,22.173,0.));
#2399 = VECTOR('',#2400,1.);
#2400 = DIRECTION('',(0.,0.,1.));
#2401 = ORIENTED_EDGE('',*,*,#2402,.T.);
#2402 = EDGE_CURVE('',#2395,#2395,#2403,.T.);
#2403 = CIRCLE('',#2404,0.5);
#2404 = AXIS2_PLACEMENT_3D('',#2405,#2406,#2407);
#2405 = CARTESIAN_POINT('',(6.86,22.173,0.41148));
#2406 = DIRECTION('',(0.,0.,1.));
#2407 = DIRECTION('',(1.,0.,-0.));
#2408 = ORIENTED_EDGE('',*,*,#2392,.F.);
#2409 = ORIENTED_EDGE('',*,*,#2410,.F.);
#2410 = EDGE_CURVE('',#2393,#2393,#2411,.T.);
#2411 = CIRCLE('',#2412,0.5);
#2412 = AXIS2_PLACEMENT_3D('',#2413,#2414,#2415);
#2413 = CARTESIAN_POINT('',(6.86,22.173,0.));
#2414 = DIRECTION('',(0.,0.,1.));
#2415 = DIRECTION('',(1.,0.,-0.));
#2416 = CYLINDRICAL_SURFACE('',#2417,0.5);
#2417 = AXIS2_PLACEMENT_3D('',#2418,#2419,#2420);
#2418 = CARTESIAN_POINT('',(6.86,22.173,0.));
#2419 = DIRECTION('',(-0.,-0.,-1.));
#2420 = DIRECTION('',(1.,0.,-0.));
#2421 = ADVANCED_FACE('',(#2422),#2449,.F.);
#2422 = FACE_BOUND('',#2423,.T.);
#2423 = EDGE_LOOP('',(#2424,#2434,#2441,#2442));
#2424 = ORIENTED_EDGE('',*,*,#2425,.T.);
#2425 = EDGE_CURVE('',#2426,#2428,#2430,.T.);
#2426 = VERTEX_POINT('',#2427);
#2427 = CARTESIAN_POINT('',(14.98,22.173,0.));
#2428 = VERTEX_POINT('',#2429);
#2429 = CARTESIAN_POINT('',(14.98,22.173,0.41148));
#2430 = LINE('',#2431,#2432);
#2431 = CARTESIAN_POINT('',(14.98,22.173,0.));
#2432 = VECTOR('',#2433,1.);
#2433 = DIRECTION('',(0.,0.,1.));
#2434 = ORIENTED_EDGE('',*,*,#2435,.T.);
#2435 = EDGE_CURVE('',#2428,#2428,#2436,.T.);
#2436 = CIRCLE('',#2437,0.5);
#2437 = AXIS2_PLACEMENT_3D('',#2438,#2439,#2440);
#2438 = CARTESIAN_POINT('',(14.48,22.173,0.41148));
#2439 = DIRECTION('',(0.,0.,1.));
#2440 = DIRECTION('',(1.,0.,-0.));
#2441 = ORIENTED_EDGE('',*,*,#2425,.F.);
#2442 = ORIENTED_EDGE('',*,*,#2443,.F.);
#2443 = EDGE_CURVE('',#2426,#2426,#2444,.T.);
#2444 = CIRCLE('',#2445,0.5);
#2445 = AXIS2_PLACEMENT_3D('',#2446,#2447,#2448);
#2446 = CARTESIAN_POINT('',(14.48,22.173,0.));
#2447 = DIRECTION('',(0.,0.,1.));
#2448 = DIRECTION('',(1.,0.,-0.));
#2449 = CYLINDRICAL_SURFACE('',#2450,0.5);
#2450 = AXIS2_PLACEMENT_3D('',#2451,#2452,#2453);
#2451 = CARTESIAN_POINT('',(14.48,22.173,0.));
#2452 = DIRECTION('',(-0.,-0.,-1.));
#2453 = DIRECTION('',(1.,0.,-0.));
#2454 = ADVANCED_FACE('',(#2455),#2482,.F.);
#2455 = FACE_BOUND('',#2456,.T.);
#2456 = EDGE_LOOP('',(#2457,#2467,#2474,#2475));
#2457 = ORIENTED_EDGE('',*,*,#2458,.T.);
#2458 = EDGE_CURVE('',#2459,#2461,#2463,.T.);
#2459 = VERTEX_POINT('',#2460);
#2460 = CARTESIAN_POINT('',(12.44,22.173,0.));
#2461 = VERTEX_POINT('',#2462);
#2462 = CARTESIAN_POINT('',(12.44,22.173,0.41148));
#2463 = LINE('',#2464,#2465);
#2464 = CARTESIAN_POINT('',(12.44,22.173,0.));
#2465 = VECTOR('',#2466,1.);
#2466 = DIRECTION('',(0.,0.,1.));
#2467 = ORIENTED_EDGE('',*,*,#2468,.T.);
#2468 = EDGE_CURVE('',#2461,#2461,#2469,.T.);
#2469 = CIRCLE('',#2470,0.5);
#2470 = AXIS2_PLACEMENT_3D('',#2471,#2472,#2473);
#2471 = CARTESIAN_POINT('',(11.94,22.173,0.41148));
#2472 = DIRECTION('',(0.,0.,1.));
#2473 = DIRECTION('',(1.,0.,-0.));
#2474 = ORIENTED_EDGE('',*,*,#2458,.F.);
#2475 = ORIENTED_EDGE('',*,*,#2476,.F.);
#2476 = EDGE_CURVE('',#2459,#2459,#2477,.T.);
#2477 = CIRCLE('',#2478,0.5);
#2478 = AXIS2_PLACEMENT_3D('',#2479,#2480,#2481);
#2479 = CARTESIAN_POINT('',(11.94,22.173,0.));
#2480 = DIRECTION('',(0.,0.,1.));
#2481 = DIRECTION('',(1.,0.,-0.));
#2482 = CYLINDRICAL_SURFACE('',#2483,0.5);
#2483 = AXIS2_PLACEMENT_3D('',#2484,#2485,#2486);
#2484 = CARTESIAN_POINT('',(11.94,22.173,0.));
#2485 = DIRECTION('',(-0.,-0.,-1.));
#2486 = DIRECTION('',(1.,0.,-0.));
#2487 = ADVANCED_FACE('',(#2488),#2515,.F.);
#2488 = FACE_BOUND('',#2489,.T.);
#2489 = EDGE_LOOP('',(#2490,#2500,#2507,#2508));
#2490 = ORIENTED_EDGE('',*,*,#2491,.T.);
#2491 = EDGE_CURVE('',#2492,#2494,#2496,.T.);
#2492 = VERTEX_POINT('',#2493);
#2493 = CARTESIAN_POINT('',(2.28,24.713,0.));
#2494 = VERTEX_POINT('',#2495);
#2495 = CARTESIAN_POINT('',(2.28,24.713,0.41148));
#2496 = LINE('',#2497,#2498);
#2497 = CARTESIAN_POINT('',(2.28,24.713,0.));
#2498 = VECTOR('',#2499,1.);
#2499 = DIRECTION('',(0.,0.,1.));
#2500 = ORIENTED_EDGE('',*,*,#2501,.T.);
#2501 = EDGE_CURVE('',#2494,#2494,#2502,.T.);
#2502 = CIRCLE('',#2503,0.5);
#2503 = AXIS2_PLACEMENT_3D('',#2504,#2505,#2506);
#2504 = CARTESIAN_POINT('',(1.78,24.713,0.41148));
#2505 = DIRECTION('',(0.,0.,1.));
#2506 = DIRECTION('',(1.,0.,-0.));
#2507 = ORIENTED_EDGE('',*,*,#2491,.F.);
#2508 = ORIENTED_EDGE('',*,*,#2509,.F.);
#2509 = EDGE_CURVE('',#2492,#2492,#2510,.T.);
#2510 = CIRCLE('',#2511,0.5);
#2511 = AXIS2_PLACEMENT_3D('',#2512,#2513,#2514);
#2512 = CARTESIAN_POINT('',(1.78,24.713,0.));
#2513 = DIRECTION('',(0.,0.,1.));
#2514 = DIRECTION('',(1.,0.,-0.));
#2515 = CYLINDRICAL_SURFACE('',#2516,0.5);
#2516 = AXIS2_PLACEMENT_3D('',#2517,#2518,#2519);
#2517 = CARTESIAN_POINT('',(1.78,24.713,0.));
#2518 = DIRECTION('',(-0.,-0.,-1.));
#2519 = DIRECTION('',(1.,0.,-0.));
#2520 = ADVANCED_FACE('',(#2521),#2548,.F.);
#2521 = FACE_BOUND('',#2522,.T.);
#2522 = EDGE_LOOP('',(#2523,#2533,#2540,#2541));
#2523 = ORIENTED_EDGE('',*,*,#2524,.T.);
#2524 = EDGE_CURVE('',#2525,#2527,#2529,.T.);
#2525 = VERTEX_POINT('',#2526);
#2526 = CARTESIAN_POINT('',(9.9,24.713,0.));
#2527 = VERTEX_POINT('',#2528);
#2528 = CARTESIAN_POINT('',(9.9,24.713,0.41148));
#2529 = LINE('',#2530,#2531);
#2530 = CARTESIAN_POINT('',(9.9,24.713,0.));
#2531 = VECTOR('',#2532,1.);
#2532 = DIRECTION('',(0.,0.,1.));
#2533 = ORIENTED_EDGE('',*,*,#2534,.T.);
#2534 = EDGE_CURVE('',#2527,#2527,#2535,.T.);
#2535 = CIRCLE('',#2536,0.5);
#2536 = AXIS2_PLACEMENT_3D('',#2537,#2538,#2539);
#2537 = CARTESIAN_POINT('',(9.4,24.713,0.41148));
#2538 = DIRECTION('',(0.,0.,1.));
#2539 = DIRECTION('',(1.,0.,-0.));
#2540 = ORIENTED_EDGE('',*,*,#2524,.F.);
#2541 = ORIENTED_EDGE('',*,*,#2542,.F.);
#2542 = EDGE_CURVE('',#2525,#2525,#2543,.T.);
#2543 = CIRCLE('',#2544,0.5);
#2544 = AXIS2_PLACEMENT_3D('',#2545,#2546,#2547);
#2545 = CARTESIAN_POINT('',(9.4,24.713,0.));
#2546 = DIRECTION('',(0.,0.,1.));
#2547 = DIRECTION('',(1.,0.,-0.));
#2548 = CYLINDRICAL_SURFACE('',#2549,0.5);
#2549 = AXIS2_PLACEMENT_3D('',#2550,#2551,#2552);
#2550 = CARTESIAN_POINT('',(9.4,24.713,0.));
#2551 = DIRECTION('',(-0.,-0.,-1.));
#2552 = DIRECTION('',(1.,0.,-0.));
#2553 = ADVANCED_FACE('',(#2554),#2581,.F.);
#2554 = FACE_BOUND('',#2555,.T.);
#2555 = EDGE_LOOP('',(#2556,#2566,#2573,#2574));
#2556 = ORIENTED_EDGE('',*,*,#2557,.T.);
#2557 = EDGE_CURVE('',#2558,#2560,#2562,.T.);
#2558 = VERTEX_POINT('',#2559);
#2559 = CARTESIAN_POINT('',(7.36,24.713,0.));
#2560 = VERTEX_POINT('',#2561);
#2561 = CARTESIAN_POINT('',(7.36,24.713,0.41148));
#2562 = LINE('',#2563,#2564);
#2563 = CARTESIAN_POINT('',(7.36,24.713,0.));
#2564 = VECTOR('',#2565,1.);
#2565 = DIRECTION('',(0.,0.,1.));
#2566 = ORIENTED_EDGE('',*,*,#2567,.T.);
#2567 = EDGE_CURVE('',#2560,#2560,#2568,.T.);
#2568 = CIRCLE('',#2569,0.5);
#2569 = AXIS2_PLACEMENT_3D('',#2570,#2571,#2572);
#2570 = CARTESIAN_POINT('',(6.86,24.713,0.41148));
#2571 = DIRECTION('',(0.,0.,1.));
#2572 = DIRECTION('',(1.,0.,-0.));
#2573 = ORIENTED_EDGE('',*,*,#2557,.F.);
#2574 = ORIENTED_EDGE('',*,*,#2575,.F.);
#2575 = EDGE_CURVE('',#2558,#2558,#2576,.T.);
#2576 = CIRCLE('',#2577,0.5);
#2577 = AXIS2_PLACEMENT_3D('',#2578,#2579,#2580);
#2578 = CARTESIAN_POINT('',(6.86,24.713,0.));
#2579 = DIRECTION('',(0.,0.,1.));
#2580 = DIRECTION('',(1.,0.,-0.));
#2581 = CYLINDRICAL_SURFACE('',#2582,0.5);
#2582 = AXIS2_PLACEMENT_3D('',#2583,#2584,#2585);
#2583 = CARTESIAN_POINT('',(6.86,24.713,0.));
#2584 = DIRECTION('',(-0.,-0.,-1.));
#2585 = DIRECTION('',(1.,0.,-0.));
#2586 = ADVANCED_FACE('',(#2587),#2614,.F.);
#2587 = FACE_BOUND('',#2588,.T.);
#2588 = EDGE_LOOP('',(#2589,#2599,#2606,#2607));
#2589 = ORIENTED_EDGE('',*,*,#2590,.T.);
#2590 = EDGE_CURVE('',#2591,#2593,#2595,.T.);
#2591 = VERTEX_POINT('',#2592);
#2592 = CARTESIAN_POINT('',(12.44,24.713,0.));
#2593 = VERTEX_POINT('',#2594);
#2594 = CARTESIAN_POINT('',(12.44,24.713,0.41148));
#2595 = LINE('',#2596,#2597);
#2596 = CARTESIAN_POINT('',(12.44,24.713,0.));
#2597 = VECTOR('',#2598,1.);
#2598 = DIRECTION('',(0.,0.,1.));
#2599 = ORIENTED_EDGE('',*,*,#2600,.T.);
#2600 = EDGE_CURVE('',#2593,#2593,#2601,.T.);
#2601 = CIRCLE('',#2602,0.5);
#2602 = AXIS2_PLACEMENT_3D('',#2603,#2604,#2605);
#2603 = CARTESIAN_POINT('',(11.94,24.713,0.41148));
#2604 = DIRECTION('',(0.,0.,1.));
#2605 = DIRECTION('',(1.,0.,-0.));
#2606 = ORIENTED_EDGE('',*,*,#2590,.F.);
#2607 = ORIENTED_EDGE('',*,*,#2608,.F.);
#2608 = EDGE_CURVE('',#2591,#2591,#2609,.T.);
#2609 = CIRCLE('',#2610,0.5);
#2610 = AXIS2_PLACEMENT_3D('',#2611,#2612,#2613);
#2611 = CARTESIAN_POINT('',(11.94,24.713,0.));
#2612 = DIRECTION('',(0.,0.,1.));
#2613 = DIRECTION('',(1.,0.,-0.));
#2614 = CYLINDRICAL_SURFACE('',#2615,0.5);
#2615 = AXIS2_PLACEMENT_3D('',#2616,#2617,#2618);
#2616 = CARTESIAN_POINT('',(11.94,24.713,0.));
#2617 = DIRECTION('',(-0.,-0.,-1.));
#2618 = DIRECTION('',(1.,0.,-0.));
#2619 = ADVANCED_FACE('',(#2620),#2647,.F.);
#2620 = FACE_BOUND('',#2621,.T.);
#2621 = EDGE_LOOP('',(#2622,#2632,#2639,#2640));
#2622 = ORIENTED_EDGE('',*,*,#2623,.T.);
#2623 = EDGE_CURVE('',#2624,#2626,#2628,.T.);
#2624 = VERTEX_POINT('',#2625);
#2625 = CARTESIAN_POINT('',(9.4,28.925,0.));
#2626 = VERTEX_POINT('',#2627);
#2627 = CARTESIAN_POINT('',(9.4,28.925,0.41148));
#2628 = LINE('',#2629,#2630);
#2629 = CARTESIAN_POINT('',(9.4,28.925,0.));
#2630 = VECTOR('',#2631,1.);
#2631 = DIRECTION('',(0.,0.,1.));
#2632 = ORIENTED_EDGE('',*,*,#2633,.T.);
#2633 = EDGE_CURVE('',#2626,#2626,#2634,.T.);
#2634 = CIRCLE('',#2635,1.6);
#2635 = AXIS2_PLACEMENT_3D('',#2636,#2637,#2638);
#2636 = CARTESIAN_POINT('',(7.8,28.925,0.41148));
#2637 = DIRECTION('',(0.,0.,1.));
#2638 = DIRECTION('',(1.,0.,-0.));
#2639 = ORIENTED_EDGE('',*,*,#2623,.F.);
#2640 = ORIENTED_EDGE('',*,*,#2641,.F.);
#2641 = EDGE_CURVE('',#2624,#2624,#2642,.T.);
#2642 = CIRCLE('',#2643,1.6);
#2643 = AXIS2_PLACEMENT_3D('',#2644,#2645,#2646);
#2644 = CARTESIAN_POINT('',(7.8,28.925,0.));
#2645 = DIRECTION('',(0.,0.,1.));
#2646 = DIRECTION('',(1.,0.,-0.));
#2647 = CYLINDRICAL_SURFACE('',#2648,1.6);
#2648 = AXIS2_PLACEMENT_3D('',#2649,#2650,#2651);
#2649 = CARTESIAN_POINT('',(7.8,28.925,0.));
#2650 = DIRECTION('',(-0.,-0.,-1.));
#2651 = DIRECTION('',(1.,0.,-0.));
#2652 = ADVANCED_FACE('',(#2653),#2680,.F.);
#2653 = FACE_BOUND('',#2654,.T.);
#2654 = EDGE_LOOP('',(#2655,#2665,#2672,#2673));
#2655 = ORIENTED_EDGE('',*,*,#2656,.T.);
#2656 = EDGE_CURVE('',#2657,#2659,#2661,.T.);
#2657 = VERTEX_POINT('',#2658);
#2658 = CARTESIAN_POINT('',(12.44,27.253,0.));
#2659 = VERTEX_POINT('',#2660);
#2660 = CARTESIAN_POINT('',(12.44,27.253,0.41148));
#2661 = LINE('',#2662,#2663);
#2662 = CARTESIAN_POINT('',(12.44,27.253,0.));
#2663 = VECTOR('',#2664,1.);
#2664 = DIRECTION('',(0.,0.,1.));
#2665 = ORIENTED_EDGE('',*,*,#2666,.T.);
#2666 = EDGE_CURVE('',#2659,#2659,#2667,.T.);
#2667 = CIRCLE('',#2668,0.5);
#2668 = AXIS2_PLACEMENT_3D('',#2669,#2670,#2671);
#2669 = CARTESIAN_POINT('',(11.94,27.253,0.41148));
#2670 = DIRECTION('',(0.,0.,1.));
#2671 = DIRECTION('',(1.,0.,-0.));
#2672 = ORIENTED_EDGE('',*,*,#2656,.F.);
#2673 = ORIENTED_EDGE('',*,*,#2674,.F.);
#2674 = EDGE_CURVE('',#2657,#2657,#2675,.T.);
#2675 = CIRCLE('',#2676,0.5);
#2676 = AXIS2_PLACEMENT_3D('',#2677,#2678,#2679);
#2677 = CARTESIAN_POINT('',(11.94,27.253,0.));
#2678 = DIRECTION('',(0.,0.,1.));
#2679 = DIRECTION('',(1.,0.,-0.));
#2680 = CYLINDRICAL_SURFACE('',#2681,0.5);
#2681 = AXIS2_PLACEMENT_3D('',#2682,#2683,#2684);
#2682 = CARTESIAN_POINT('',(11.94,27.253,0.));
#2683 = DIRECTION('',(-0.,-0.,-1.));
#2684 = DIRECTION('',(1.,0.,-0.));
#2685 = ADVANCED_FACE('',(#2686),#2713,.F.);
#2686 = FACE_BOUND('',#2687,.T.);
#2687 = EDGE_LOOP('',(#2688,#2698,#2705,#2706));
#2688 = ORIENTED_EDGE('',*,*,#2689,.T.);
#2689 = EDGE_CURVE('',#2690,#2692,#2694,.T.);
#2690 = VERTEX_POINT('',#2691);
#2691 = CARTESIAN_POINT('',(12.44,34.873,0.));
#2692 = VERTEX_POINT('',#2693);
#2693 = CARTESIAN_POINT('',(12.44,34.873,0.41148));
#2694 = LINE('',#2695,#2696);
#2695 = CARTESIAN_POINT('',(12.44,34.873,0.));
#2696 = VECTOR('',#2697,1.);
#2697 = DIRECTION('',(0.,0.,1.));
#2698 = ORIENTED_EDGE('',*,*,#2699,.T.);
#2699 = EDGE_CURVE('',#2692,#2692,#2700,.T.);
#2700 = CIRCLE('',#2701,0.5);
#2701 = AXIS2_PLACEMENT_3D('',#2702,#2703,#2704);
#2702 = CARTESIAN_POINT('',(11.94,34.873,0.41148));
#2703 = DIRECTION('',(0.,0.,1.));
#2704 = DIRECTION('',(1.,0.,-0.));
#2705 = ORIENTED_EDGE('',*,*,#2689,.F.);
#2706 = ORIENTED_EDGE('',*,*,#2707,.F.);
#2707 = EDGE_CURVE('',#2690,#2690,#2708,.T.);
#2708 = CIRCLE('',#2709,0.5);
#2709 = AXIS2_PLACEMENT_3D('',#2710,#2711,#2712);
#2710 = CARTESIAN_POINT('',(11.94,34.873,0.));
#2711 = DIRECTION('',(0.,0.,1.));
#2712 = DIRECTION('',(1.,0.,-0.));
#2713 = CYLINDRICAL_SURFACE('',#2714,0.5);
#2714 = AXIS2_PLACEMENT_3D('',#2715,#2716,#2717);
#2715 = CARTESIAN_POINT('',(11.94,34.873,0.));
#2716 = DIRECTION('',(-0.,-0.,-1.));
#2717 = DIRECTION('',(1.,0.,-0.));
#2718 = ADVANCED_FACE('',(#2719),#2746,.F.);
#2719 = FACE_BOUND('',#2720,.T.);
#2720 = EDGE_LOOP('',(#2721,#2731,#2738,#2739));
#2721 = ORIENTED_EDGE('',*,*,#2722,.T.);
#2722 = EDGE_CURVE('',#2723,#2725,#2727,.T.);
#2723 = VERTEX_POINT('',#2724);
#2724 = CARTESIAN_POINT('',(12.44,29.793,0.));
#2725 = VERTEX_POINT('',#2726);
#2726 = CARTESIAN_POINT('',(12.44,29.793,0.41148));
#2727 = LINE('',#2728,#2729);
#2728 = CARTESIAN_POINT('',(12.44,29.793,0.));
#2729 = VECTOR('',#2730,1.);
#2730 = DIRECTION('',(0.,0.,1.));
#2731 = ORIENTED_EDGE('',*,*,#2732,.T.);
#2732 = EDGE_CURVE('',#2725,#2725,#2733,.T.);
#2733 = CIRCLE('',#2734,0.5);
#2734 = AXIS2_PLACEMENT_3D('',#2735,#2736,#2737);
#2735 = CARTESIAN_POINT('',(11.94,29.793,0.41148));
#2736 = DIRECTION('',(0.,0.,1.));
#2737 = DIRECTION('',(1.,0.,-0.));
#2738 = ORIENTED_EDGE('',*,*,#2722,.F.);
#2739 = ORIENTED_EDGE('',*,*,#2740,.F.);
#2740 = EDGE_CURVE('',#2723,#2723,#2741,.T.);
#2741 = CIRCLE('',#2742,0.5);
#2742 = AXIS2_PLACEMENT_3D('',#2743,#2744,#2745);
#2743 = CARTESIAN_POINT('',(11.94,29.793,0.));
#2744 = DIRECTION('',(0.,0.,1.));
#2745 = DIRECTION('',(1.,0.,-0.));
#2746 = CYLINDRICAL_SURFACE('',#2747,0.5);
#2747 = AXIS2_PLACEMENT_3D('',#2748,#2749,#2750);
#2748 = CARTESIAN_POINT('',(11.94,29.793,0.));
#2749 = DIRECTION('',(-0.,-0.,-1.));
#2750 = DIRECTION('',(1.,0.,-0.));
#2751 = ADVANCED_FACE('',(#2752),#2779,.F.);
#2752 = FACE_BOUND('',#2753,.T.);
#2753 = EDGE_LOOP('',(#2754,#2764,#2771,#2772));
#2754 = ORIENTED_EDGE('',*,*,#2755,.T.);
#2755 = EDGE_CURVE('',#2756,#2758,#2760,.T.);
#2756 = VERTEX_POINT('',#2757);
#2757 = CARTESIAN_POINT('',(14.98,24.713,0.));
#2758 = VERTEX_POINT('',#2759);
#2759 = CARTESIAN_POINT('',(14.98,24.713,0.41148));
#2760 = LINE('',#2761,#2762);
#2761 = CARTESIAN_POINT('',(14.98,24.713,0.));
#2762 = VECTOR('',#2763,1.);
#2763 = DIRECTION('',(0.,0.,1.));
#2764 = ORIENTED_EDGE('',*,*,#2765,.T.);
#2765 = EDGE_CURVE('',#2758,#2758,#2766,.T.);
#2766 = CIRCLE('',#2767,0.5);
#2767 = AXIS2_PLACEMENT_3D('',#2768,#2769,#2770);
#2768 = CARTESIAN_POINT('',(14.48,24.713,0.41148));
#2769 = DIRECTION('',(0.,0.,1.));
#2770 = DIRECTION('',(1.,0.,-0.));
#2771 = ORIENTED_EDGE('',*,*,#2755,.F.);
#2772 = ORIENTED_EDGE('',*,*,#2773,.F.);
#2773 = EDGE_CURVE('',#2756,#2756,#2774,.T.);
#2774 = CIRCLE('',#2775,0.5);
#2775 = AXIS2_PLACEMENT_3D('',#2776,#2777,#2778);
#2776 = CARTESIAN_POINT('',(14.48,24.713,0.));
#2777 = DIRECTION('',(0.,0.,1.));
#2778 = DIRECTION('',(1.,0.,-0.));
#2779 = CYLINDRICAL_SURFACE('',#2780,0.5);
#2780 = AXIS2_PLACEMENT_3D('',#2781,#2782,#2783);
#2781 = CARTESIAN_POINT('',(14.48,24.713,0.));
#2782 = DIRECTION('',(-0.,-0.,-1.));
#2783 = DIRECTION('',(1.,0.,-0.));
#2784 = ADVANCED_FACE('',(#2785),#2812,.F.);
#2785 = FACE_BOUND('',#2786,.T.);
#2786 = EDGE_LOOP('',(#2787,#2797,#2804,#2805));
#2787 = ORIENTED_EDGE('',*,*,#2788,.T.);
#2788 = EDGE_CURVE('',#2789,#2791,#2793,.T.);
#2789 = VERTEX_POINT('',#2790);
#2790 = CARTESIAN_POINT('',(14.98,27.253,0.));
#2791 = VERTEX_POINT('',#2792);
#2792 = CARTESIAN_POINT('',(14.98,27.253,0.41148));
#2793 = LINE('',#2794,#2795);
#2794 = CARTESIAN_POINT('',(14.98,27.253,0.));
#2795 = VECTOR('',#2796,1.);
#2796 = DIRECTION('',(0.,0.,1.));
#2797 = ORIENTED_EDGE('',*,*,#2798,.T.);
#2798 = EDGE_CURVE('',#2791,#2791,#2799,.T.);
#2799 = CIRCLE('',#2800,0.5);
#2800 = AXIS2_PLACEMENT_3D('',#2801,#2802,#2803);
#2801 = CARTESIAN_POINT('',(14.48,27.253,0.41148));
#2802 = DIRECTION('',(0.,0.,1.));
#2803 = DIRECTION('',(1.,0.,-0.));
#2804 = ORIENTED_EDGE('',*,*,#2788,.F.);
#2805 = ORIENTED_EDGE('',*,*,#2806,.F.);
#2806 = EDGE_CURVE('',#2789,#2789,#2807,.T.);
#2807 = CIRCLE('',#2808,0.5);
#2808 = AXIS2_PLACEMENT_3D('',#2809,#2810,#2811);
#2809 = CARTESIAN_POINT('',(14.48,27.253,0.));
#2810 = DIRECTION('',(0.,0.,1.));
#2811 = DIRECTION('',(1.,0.,-0.));
#2812 = CYLINDRICAL_SURFACE('',#2813,0.5);
#2813 = AXIS2_PLACEMENT_3D('',#2814,#2815,#2816);
#2814 = CARTESIAN_POINT('',(14.48,27.253,0.));
#2815 = DIRECTION('',(-0.,-0.,-1.));
#2816 = DIRECTION('',(1.,0.,-0.));
#2817 = ADVANCED_FACE('',(#2818),#2845,.F.);
#2818 = FACE_BOUND('',#2819,.T.);
#2819 = EDGE_LOOP('',(#2820,#2830,#2837,#2838));
#2820 = ORIENTED_EDGE('',*,*,#2821,.T.);
#2821 = EDGE_CURVE('',#2822,#2824,#2826,.T.);
#2822 = VERTEX_POINT('',#2823);
#2823 = CARTESIAN_POINT('',(14.98,29.793,0.));
#2824 = VERTEX_POINT('',#2825);
#2825 = CARTESIAN_POINT('',(14.98,29.793,0.41148));
#2826 = LINE('',#2827,#2828);
#2827 = CARTESIAN_POINT('',(14.98,29.793,0.));
#2828 = VECTOR('',#2829,1.);
#2829 = DIRECTION('',(0.,0.,1.));
#2830 = ORIENTED_EDGE('',*,*,#2831,.T.);
#2831 = EDGE_CURVE('',#2824,#2824,#2832,.T.);
#2832 = CIRCLE('',#2833,0.5);
#2833 = AXIS2_PLACEMENT_3D('',#2834,#2835,#2836);
#2834 = CARTESIAN_POINT('',(14.48,29.793,0.41148));
#2835 = DIRECTION('',(0.,0.,1.));
#2836 = DIRECTION('',(1.,0.,-0.));
#2837 = ORIENTED_EDGE('',*,*,#2821,.F.);
#2838 = ORIENTED_EDGE('',*,*,#2839,.F.);
#2839 = EDGE_CURVE('',#2822,#2822,#2840,.T.);
#2840 = CIRCLE('',#2841,0.5);
#2841 = AXIS2_PLACEMENT_3D('',#2842,#2843,#2844);
#2842 = CARTESIAN_POINT('',(14.48,29.793,0.));
#2843 = DIRECTION('',(0.,0.,1.));
#2844 = DIRECTION('',(1.,0.,-0.));
#2845 = CYLINDRICAL_SURFACE('',#2846,0.5);
#2846 = AXIS2_PLACEMENT_3D('',#2847,#2848,#2849);
#2847 = CARTESIAN_POINT('',(14.48,29.793,0.));
#2848 = DIRECTION('',(-0.,-0.,-1.));
#2849 = DIRECTION('',(1.,0.,-0.));
#2850 = ADVANCED_FACE('',(#2851),#2878,.F.);
#2851 = FACE_BOUND('',#2852,.T.);
#2852 = EDGE_LOOP('',(#2853,#2863,#2870,#2871));
#2853 = ORIENTED_EDGE('',*,*,#2854,.T.);
#2854 = EDGE_CURVE('',#2855,#2857,#2859,.T.);
#2855 = VERTEX_POINT('',#2856);
#2856 = CARTESIAN_POINT('',(12.44,32.333,0.));
#2857 = VERTEX_POINT('',#2858);
#2858 = CARTESIAN_POINT('',(12.44,32.333,0.41148));
#2859 = LINE('',#2860,#2861);
#2860 = CARTESIAN_POINT('',(12.44,32.333,0.));
#2861 = VECTOR('',#2862,1.);
#2862 = DIRECTION('',(0.,0.,1.));
#2863 = ORIENTED_EDGE('',*,*,#2864,.T.);
#2864 = EDGE_CURVE('',#2857,#2857,#2865,.T.);
#2865 = CIRCLE('',#2866,0.5);
#2866 = AXIS2_PLACEMENT_3D('',#2867,#2868,#2869);
#2867 = CARTESIAN_POINT('',(11.94,32.333,0.41148));
#2868 = DIRECTION('',(0.,0.,1.));
#2869 = DIRECTION('',(1.,0.,-0.));
#2870 = ORIENTED_EDGE('',*,*,#2854,.F.);
#2871 = ORIENTED_EDGE('',*,*,#2872,.F.);
#2872 = EDGE_CURVE('',#2855,#2855,#2873,.T.);
#2873 = CIRCLE('',#2874,0.5);
#2874 = AXIS2_PLACEMENT_3D('',#2875,#2876,#2877);
#2875 = CARTESIAN_POINT('',(11.94,32.333,0.));
#2876 = DIRECTION('',(0.,0.,1.));
#2877 = DIRECTION('',(1.,0.,-0.));
#2878 = CYLINDRICAL_SURFACE('',#2879,0.5);
#2879 = AXIS2_PLACEMENT_3D('',#2880,#2881,#2882);
#2880 = CARTESIAN_POINT('',(11.94,32.333,0.));
#2881 = DIRECTION('',(-0.,-0.,-1.));
#2882 = DIRECTION('',(1.,0.,-0.));
#2883 = ADVANCED_FACE('',(#2884),#2911,.F.);
#2884 = FACE_BOUND('',#2885,.T.);
#2885 = EDGE_LOOP('',(#2886,#2896,#2903,#2904));
#2886 = ORIENTED_EDGE('',*,*,#2887,.T.);
#2887 = EDGE_CURVE('',#2888,#2890,#2892,.T.);
#2888 = VERTEX_POINT('',#2889);
#2889 = CARTESIAN_POINT('',(14.98,32.333,0.));
#2890 = VERTEX_POINT('',#2891);
#2891 = CARTESIAN_POINT('',(14.98,32.333,0.41148));
#2892 = LINE('',#2893,#2894);
#2893 = CARTESIAN_POINT('',(14.98,32.333,0.));
#2894 = VECTOR('',#2895,1.);
#2895 = DIRECTION('',(0.,0.,1.));
#2896 = ORIENTED_EDGE('',*,*,#2897,.T.);
#2897 = EDGE_CURVE('',#2890,#2890,#2898,.T.);
#2898 = CIRCLE('',#2899,0.5);
#2899 = AXIS2_PLACEMENT_3D('',#2900,#2901,#2902);
#2900 = CARTESIAN_POINT('',(14.48,32.333,0.41148));
#2901 = DIRECTION('',(0.,0.,1.));
#2902 = DIRECTION('',(1.,0.,-0.));
#2903 = ORIENTED_EDGE('',*,*,#2887,.F.);
#2904 = ORIENTED_EDGE('',*,*,#2905,.F.);
#2905 = EDGE_CURVE('',#2888,#2888,#2906,.T.);
#2906 = CIRCLE('',#2907,0.5);
#2907 = AXIS2_PLACEMENT_3D('',#2908,#2909,#2910);
#2908 = CARTESIAN_POINT('',(14.48,32.333,0.));
#2909 = DIRECTION('',(0.,0.,1.));
#2910 = DIRECTION('',(1.,0.,-0.));
#2911 = CYLINDRICAL_SURFACE('',#2912,0.5);
#2912 = AXIS2_PLACEMENT_3D('',#2913,#2914,#2915);
#2913 = CARTESIAN_POINT('',(14.48,32.333,0.));
#2914 = DIRECTION('',(-0.,-0.,-1.));
#2915 = DIRECTION('',(1.,0.,-0.));
#2916 = ADVANCED_FACE('',(#2917),#2944,.F.);
#2917 = FACE_BOUND('',#2918,.T.);
#2918 = EDGE_LOOP('',(#2919,#2929,#2936,#2937));
#2919 = ORIENTED_EDGE('',*,*,#2920,.T.);
#2920 = EDGE_CURVE('',#2921,#2923,#2925,.T.);
#2921 = VERTEX_POINT('',#2922);
#2922 = CARTESIAN_POINT('',(14.98,34.873,0.));
#2923 = VERTEX_POINT('',#2924);
#2924 = CARTESIAN_POINT('',(14.98,34.873,0.41148));
#2925 = LINE('',#2926,#2927);
#2926 = CARTESIAN_POINT('',(14.98,34.873,0.));
#2927 = VECTOR('',#2928,1.);
#2928 = DIRECTION('',(0.,0.,1.));
#2929 = ORIENTED_EDGE('',*,*,#2930,.T.);
#2930 = EDGE_CURVE('',#2923,#2923,#2931,.T.);
#2931 = CIRCLE('',#2932,0.5);
#2932 = AXIS2_PLACEMENT_3D('',#2933,#2934,#2935);
#2933 = CARTESIAN_POINT('',(14.48,34.873,0.41148));
#2934 = DIRECTION('',(0.,0.,1.));
#2935 = DIRECTION('',(1.,0.,-0.));
#2936 = ORIENTED_EDGE('',*,*,#2920,.F.);
#2937 = ORIENTED_EDGE('',*,*,#2938,.F.);
#2938 = EDGE_CURVE('',#2921,#2921,#2939,.T.);
#2939 = CIRCLE('',#2940,0.5);
#2940 = AXIS2_PLACEMENT_3D('',#2941,#2942,#2943);
#2941 = CARTESIAN_POINT('',(14.48,34.873,0.));
#2942 = DIRECTION('',(0.,0.,1.));
#2943 = DIRECTION('',(1.,0.,-0.));
#2944 = CYLINDRICAL_SURFACE('',#2945,0.5);
#2945 = AXIS2_PLACEMENT_3D('',#2946,#2947,#2948);
#2946 = CARTESIAN_POINT('',(14.48,34.873,0.));
#2947 = DIRECTION('',(-0.,-0.,-1.));
#2948 = DIRECTION('',(1.,0.,-0.));
#2949 = ADVANCED_FACE('',(#2950),#2977,.F.);
#2950 = FACE_BOUND('',#2951,.T.);
#2951 = EDGE_LOOP('',(#2952,#2962,#2969,#2970));
#2952 = ORIENTED_EDGE('',*,*,#2953,.T.);
#2953 = EDGE_CURVE('',#2954,#2956,#2958,.T.);
#2954 = VERTEX_POINT('',#2955);
#2955 = CARTESIAN_POINT('',(17.52,22.173,0.));
#2956 = VERTEX_POINT('',#2957);
#2957 = CARTESIAN_POINT('',(17.52,22.173,0.41148));
#2958 = LINE('',#2959,#2960);
#2959 = CARTESIAN_POINT('',(17.52,22.173,0.));
#2960 = VECTOR('',#2961,1.);
#2961 = DIRECTION('',(0.,0.,1.));
#2962 = ORIENTED_EDGE('',*,*,#2963,.T.);
#2963 = EDGE_CURVE('',#2956,#2956,#2964,.T.);
#2964 = CIRCLE('',#2965,0.5);
#2965 = AXIS2_PLACEMENT_3D('',#2966,#2967,#2968);
#2966 = CARTESIAN_POINT('',(17.02,22.173,0.41148));
#2967 = DIRECTION('',(0.,0.,1.));
#2968 = DIRECTION('',(1.,0.,-0.));
#2969 = ORIENTED_EDGE('',*,*,#2953,.F.);
#2970 = ORIENTED_EDGE('',*,*,#2971,.F.);
#2971 = EDGE_CURVE('',#2954,#2954,#2972,.T.);
#2972 = CIRCLE('',#2973,0.5);
#2973 = AXIS2_PLACEMENT_3D('',#2974,#2975,#2976);
#2974 = CARTESIAN_POINT('',(17.02,22.173,0.));
#2975 = DIRECTION('',(0.,0.,1.));
#2976 = DIRECTION('',(1.,0.,-0.));
#2977 = CYLINDRICAL_SURFACE('',#2978,0.5);
#2978 = AXIS2_PLACEMENT_3D('',#2979,#2980,#2981);
#2979 = CARTESIAN_POINT('',(17.02,22.173,0.));
#2980 = DIRECTION('',(-0.,-0.,-1.));
#2981 = DIRECTION('',(1.,0.,-0.));
#2982 = ADVANCED_FACE('',(#2983),#3010,.F.);
#2983 = FACE_BOUND('',#2984,.T.);
#2984 = EDGE_LOOP('',(#2985,#2995,#3002,#3003));
#2985 = ORIENTED_EDGE('',*,*,#2986,.T.);
#2986 = EDGE_CURVE('',#2987,#2989,#2991,.T.);
#2987 = VERTEX_POINT('',#2988);
#2988 = CARTESIAN_POINT('',(20.06,19.633,0.));
#2989 = VERTEX_POINT('',#2990);
#2990 = CARTESIAN_POINT('',(20.06,19.633,0.41148));
#2991 = LINE('',#2992,#2993);
#2992 = CARTESIAN_POINT('',(20.06,19.633,0.));
#2993 = VECTOR('',#2994,1.);
#2994 = DIRECTION('',(0.,0.,1.));
#2995 = ORIENTED_EDGE('',*,*,#2996,.T.);
#2996 = EDGE_CURVE('',#2989,#2989,#2997,.T.);
#2997 = CIRCLE('',#2998,0.5);
#2998 = AXIS2_PLACEMENT_3D('',#2999,#3000,#3001);
#2999 = CARTESIAN_POINT('',(19.56,19.633,0.41148));
#3000 = DIRECTION('',(0.,0.,1.));
#3001 = DIRECTION('',(1.,0.,-0.));
#3002 = ORIENTED_EDGE('',*,*,#2986,.F.);
#3003 = ORIENTED_EDGE('',*,*,#3004,.F.);
#3004 = EDGE_CURVE('',#2987,#2987,#3005,.T.);
#3005 = CIRCLE('',#3006,0.5);
#3006 = AXIS2_PLACEMENT_3D('',#3007,#3008,#3009);
#3007 = CARTESIAN_POINT('',(19.56,19.633,0.));
#3008 = DIRECTION('',(0.,0.,1.));
#3009 = DIRECTION('',(1.,0.,-0.));
#3010 = CYLINDRICAL_SURFACE('',#3011,0.5);
#3011 = AXIS2_PLACEMENT_3D('',#3012,#3013,#3014);
#3012 = CARTESIAN_POINT('',(19.56,19.633,0.));
#3013 = DIRECTION('',(-0.,-0.,-1.));
#3014 = DIRECTION('',(1.,0.,-0.));
#3015 = ADVANCED_FACE('',(#3016),#3043,.F.);
#3016 = FACE_BOUND('',#3017,.T.);
#3017 = EDGE_LOOP('',(#3018,#3028,#3035,#3036));
#3018 = ORIENTED_EDGE('',*,*,#3019,.T.);
#3019 = EDGE_CURVE('',#3020,#3022,#3024,.T.);
#3020 = VERTEX_POINT('',#3021);
#3021 = CARTESIAN_POINT('',(20.06,22.173,0.));
#3022 = VERTEX_POINT('',#3023);
#3023 = CARTESIAN_POINT('',(20.06,22.173,0.41148));
#3024 = LINE('',#3025,#3026);
#3025 = CARTESIAN_POINT('',(20.06,22.173,0.));
#3026 = VECTOR('',#3027,1.);
#3027 = DIRECTION('',(0.,0.,1.));
#3028 = ORIENTED_EDGE('',*,*,#3029,.T.);
#3029 = EDGE_CURVE('',#3022,#3022,#3030,.T.);
#3030 = CIRCLE('',#3031,0.5);
#3031 = AXIS2_PLACEMENT_3D('',#3032,#3033,#3034);
#3032 = CARTESIAN_POINT('',(19.56,22.173,0.41148));
#3033 = DIRECTION('',(0.,0.,1.));
#3034 = DIRECTION('',(1.,0.,-0.));
#3035 = ORIENTED_EDGE('',*,*,#3019,.F.);
#3036 = ORIENTED_EDGE('',*,*,#3037,.F.);
#3037 = EDGE_CURVE('',#3020,#3020,#3038,.T.);
#3038 = CIRCLE('',#3039,0.5);
#3039 = AXIS2_PLACEMENT_3D('',#3040,#3041,#3042);
#3040 = CARTESIAN_POINT('',(19.56,22.173,0.));
#3041 = DIRECTION('',(0.,0.,1.));
#3042 = DIRECTION('',(1.,0.,-0.));
#3043 = CYLINDRICAL_SURFACE('',#3044,0.5);
#3044 = AXIS2_PLACEMENT_3D('',#3045,#3046,#3047);
#3045 = CARTESIAN_POINT('',(19.56,22.173,0.));
#3046 = DIRECTION('',(-0.,-0.,-1.));
#3047 = DIRECTION('',(1.,0.,-0.));
#3048 = ADVANCED_FACE('',(#3049),#3076,.F.);
#3049 = FACE_BOUND('',#3050,.T.);
#3050 = EDGE_LOOP('',(#3051,#3061,#3068,#3069));
#3051 = ORIENTED_EDGE('',*,*,#3052,.T.);
#3052 = EDGE_CURVE('',#3053,#3055,#3057,.T.);
#3053 = VERTEX_POINT('',#3054);
#3054 = CARTESIAN_POINT('',(17.52,24.713,0.));
#3055 = VERTEX_POINT('',#3056);
#3056 = CARTESIAN_POINT('',(17.52,24.713,0.41148));
#3057 = LINE('',#3058,#3059);
#3058 = CARTESIAN_POINT('',(17.52,24.713,0.));
#3059 = VECTOR('',#3060,1.);
#3060 = DIRECTION('',(0.,0.,1.));
#3061 = ORIENTED_EDGE('',*,*,#3062,.T.);
#3062 = EDGE_CURVE('',#3055,#3055,#3063,.T.);
#3063 = CIRCLE('',#3064,0.5);
#3064 = AXIS2_PLACEMENT_3D('',#3065,#3066,#3067);
#3065 = CARTESIAN_POINT('',(17.02,24.713,0.41148));
#3066 = DIRECTION('',(0.,0.,1.));
#3067 = DIRECTION('',(1.,0.,-0.));
#3068 = ORIENTED_EDGE('',*,*,#3052,.F.);
#3069 = ORIENTED_EDGE('',*,*,#3070,.F.);
#3070 = EDGE_CURVE('',#3053,#3053,#3071,.T.);
#3071 = CIRCLE('',#3072,0.5);
#3072 = AXIS2_PLACEMENT_3D('',#3073,#3074,#3075);
#3073 = CARTESIAN_POINT('',(17.02,24.713,0.));
#3074 = DIRECTION('',(0.,0.,1.));
#3075 = DIRECTION('',(1.,0.,-0.));
#3076 = CYLINDRICAL_SURFACE('',#3077,0.5);
#3077 = AXIS2_PLACEMENT_3D('',#3078,#3079,#3080);
#3078 = CARTESIAN_POINT('',(17.02,24.713,0.));
#3079 = DIRECTION('',(-0.,-0.,-1.));
#3080 = DIRECTION('',(1.,0.,-0.));
#3081 = ADVANCED_FACE('',(#3082),#3109,.F.);
#3082 = FACE_BOUND('',#3083,.T.);
#3083 = EDGE_LOOP('',(#3084,#3094,#3101,#3102));
#3084 = ORIENTED_EDGE('',*,*,#3085,.T.);
#3085 = EDGE_CURVE('',#3086,#3088,#3090,.T.);
#3086 = VERTEX_POINT('',#3087);
#3087 = CARTESIAN_POINT('',(20.06,24.713,0.));
#3088 = VERTEX_POINT('',#3089);
#3089 = CARTESIAN_POINT('',(20.06,24.713,0.41148));
#3090 = LINE('',#3091,#3092);
#3091 = CARTESIAN_POINT('',(20.06,24.713,0.));
#3092 = VECTOR('',#3093,1.);
#3093 = DIRECTION('',(0.,0.,1.));
#3094 = ORIENTED_EDGE('',*,*,#3095,.T.);
#3095 = EDGE_CURVE('',#3088,#3088,#3096,.T.);
#3096 = CIRCLE('',#3097,0.5);
#3097 = AXIS2_PLACEMENT_3D('',#3098,#3099,#3100);
#3098 = CARTESIAN_POINT('',(19.56,24.713,0.41148));
#3099 = DIRECTION('',(0.,0.,1.));
#3100 = DIRECTION('',(1.,0.,-0.));
#3101 = ORIENTED_EDGE('',*,*,#3085,.F.);
#3102 = ORIENTED_EDGE('',*,*,#3103,.F.);
#3103 = EDGE_CURVE('',#3086,#3086,#3104,.T.);
#3104 = CIRCLE('',#3105,0.5);
#3105 = AXIS2_PLACEMENT_3D('',#3106,#3107,#3108);
#3106 = CARTESIAN_POINT('',(19.56,24.713,0.));
#3107 = DIRECTION('',(0.,0.,1.));
#3108 = DIRECTION('',(1.,0.,-0.));
#3109 = CYLINDRICAL_SURFACE('',#3110,0.5);
#3110 = AXIS2_PLACEMENT_3D('',#3111,#3112,#3113);
#3111 = CARTESIAN_POINT('',(19.56,24.713,0.));
#3112 = DIRECTION('',(-0.,-0.,-1.));
#3113 = DIRECTION('',(1.,0.,-0.));
#3114 = ADVANCED_FACE('',(#3115),#3142,.F.);
#3115 = FACE_BOUND('',#3116,.T.);
#3116 = EDGE_LOOP('',(#3117,#3127,#3134,#3135));
#3117 = ORIENTED_EDGE('',*,*,#3118,.T.);
#3118 = EDGE_CURVE('',#3119,#3121,#3123,.T.);
#3119 = VERTEX_POINT('',#3120);
#3120 = CARTESIAN_POINT('',(17.52,27.253,0.));
#3121 = VERTEX_POINT('',#3122);
#3122 = CARTESIAN_POINT('',(17.52,27.253,0.41148));
#3123 = LINE('',#3124,#3125);
#3124 = CARTESIAN_POINT('',(17.52,27.253,0.));
#3125 = VECTOR('',#3126,1.);
#3126 = DIRECTION('',(0.,0.,1.));
#3127 = ORIENTED_EDGE('',*,*,#3128,.T.);
#3128 = EDGE_CURVE('',#3121,#3121,#3129,.T.);
#3129 = CIRCLE('',#3130,0.5);
#3130 = AXIS2_PLACEMENT_3D('',#3131,#3132,#3133);
#3131 = CARTESIAN_POINT('',(17.02,27.253,0.41148));
#3132 = DIRECTION('',(0.,0.,1.));
#3133 = DIRECTION('',(1.,0.,-0.));
#3134 = ORIENTED_EDGE('',*,*,#3118,.F.);
#3135 = ORIENTED_EDGE('',*,*,#3136,.F.);
#3136 = EDGE_CURVE('',#3119,#3119,#3137,.T.);
#3137 = CIRCLE('',#3138,0.5);
#3138 = AXIS2_PLACEMENT_3D('',#3139,#3140,#3141);
#3139 = CARTESIAN_POINT('',(17.02,27.253,0.));
#3140 = DIRECTION('',(0.,0.,1.));
#3141 = DIRECTION('',(1.,0.,-0.));
#3142 = CYLINDRICAL_SURFACE('',#3143,0.5);
#3143 = AXIS2_PLACEMENT_3D('',#3144,#3145,#3146);
#3144 = CARTESIAN_POINT('',(17.02,27.253,0.));
#3145 = DIRECTION('',(-0.,-0.,-1.));
#3146 = DIRECTION('',(1.,0.,-0.));
#3147 = ADVANCED_FACE('',(#3148),#3175,.F.);
#3148 = FACE_BOUND('',#3149,.T.);
#3149 = EDGE_LOOP('',(#3150,#3160,#3167,#3168));
#3150 = ORIENTED_EDGE('',*,*,#3151,.T.);
#3151 = EDGE_CURVE('',#3152,#3154,#3156,.T.);
#3152 = VERTEX_POINT('',#3153);
#3153 = CARTESIAN_POINT('',(22.6,19.633,0.));
#3154 = VERTEX_POINT('',#3155);
#3155 = CARTESIAN_POINT('',(22.6,19.633,0.41148));
#3156 = LINE('',#3157,#3158);
#3157 = CARTESIAN_POINT('',(22.6,19.633,0.));
#3158 = VECTOR('',#3159,1.);
#3159 = DIRECTION('',(0.,0.,1.));
#3160 = ORIENTED_EDGE('',*,*,#3161,.T.);
#3161 = EDGE_CURVE('',#3154,#3154,#3162,.T.);
#3162 = CIRCLE('',#3163,0.5);
#3163 = AXIS2_PLACEMENT_3D('',#3164,#3165,#3166);
#3164 = CARTESIAN_POINT('',(22.1,19.633,0.41148));
#3165 = DIRECTION('',(0.,0.,1.));
#3166 = DIRECTION('',(1.,0.,-0.));
#3167 = ORIENTED_EDGE('',*,*,#3151,.F.);
#3168 = ORIENTED_EDGE('',*,*,#3169,.F.);
#3169 = EDGE_CURVE('',#3152,#3152,#3170,.T.);
#3170 = CIRCLE('',#3171,0.5);
#3171 = AXIS2_PLACEMENT_3D('',#3172,#3173,#3174);
#3172 = CARTESIAN_POINT('',(22.1,19.633,0.));
#3173 = DIRECTION('',(0.,0.,1.));
#3174 = DIRECTION('',(1.,0.,-0.));
#3175 = CYLINDRICAL_SURFACE('',#3176,0.5);
#3176 = AXIS2_PLACEMENT_3D('',#3177,#3178,#3179);
#3177 = CARTESIAN_POINT('',(22.1,19.633,0.));
#3178 = DIRECTION('',(-0.,-0.,-1.));
#3179 = DIRECTION('',(1.,0.,-0.));
#3180 = ADVANCED_FACE('',(#3181),#3208,.F.);
#3181 = FACE_BOUND('',#3182,.T.);
#3182 = EDGE_LOOP('',(#3183,#3193,#3200,#3201));
#3183 = ORIENTED_EDGE('',*,*,#3184,.T.);
#3184 = EDGE_CURVE('',#3185,#3187,#3189,.T.);
#3185 = VERTEX_POINT('',#3186);
#3186 = CARTESIAN_POINT('',(25.14,19.633,0.));
#3187 = VERTEX_POINT('',#3188);
#3188 = CARTESIAN_POINT('',(25.14,19.633,0.41148));
#3189 = LINE('',#3190,#3191);
#3190 = CARTESIAN_POINT('',(25.14,19.633,0.));
#3191 = VECTOR('',#3192,1.);
#3192 = DIRECTION('',(0.,0.,1.));
#3193 = ORIENTED_EDGE('',*,*,#3194,.T.);
#3194 = EDGE_CURVE('',#3187,#3187,#3195,.T.);
#3195 = CIRCLE('',#3196,0.5);
#3196 = AXIS2_PLACEMENT_3D('',#3197,#3198,#3199);
#3197 = CARTESIAN_POINT('',(24.64,19.633,0.41148));
#3198 = DIRECTION('',(0.,0.,1.));
#3199 = DIRECTION('',(1.,0.,-0.));
#3200 = ORIENTED_EDGE('',*,*,#3184,.F.);
#3201 = ORIENTED_EDGE('',*,*,#3202,.F.);
#3202 = EDGE_CURVE('',#3185,#3185,#3203,.T.);
#3203 = CIRCLE('',#3204,0.5);
#3204 = AXIS2_PLACEMENT_3D('',#3205,#3206,#3207);
#3205 = CARTESIAN_POINT('',(24.64,19.633,0.));
#3206 = DIRECTION('',(0.,0.,1.));
#3207 = DIRECTION('',(1.,0.,-0.));
#3208 = CYLINDRICAL_SURFACE('',#3209,0.5);
#3209 = AXIS2_PLACEMENT_3D('',#3210,#3211,#3212);
#3210 = CARTESIAN_POINT('',(24.64,19.633,0.));
#3211 = DIRECTION('',(-0.,-0.,-1.));
#3212 = DIRECTION('',(1.,0.,-0.));
#3213 = ADVANCED_FACE('',(#3214),#3241,.F.);
#3214 = FACE_BOUND('',#3215,.T.);
#3215 = EDGE_LOOP('',(#3216,#3226,#3233,#3234));
#3216 = ORIENTED_EDGE('',*,*,#3217,.T.);
#3217 = EDGE_CURVE('',#3218,#3220,#3222,.T.);
#3218 = VERTEX_POINT('',#3219);
#3219 = CARTESIAN_POINT('',(25.14,22.173,0.));
#3220 = VERTEX_POINT('',#3221);
#3221 = CARTESIAN_POINT('',(25.14,22.173,0.41148));
#3222 = LINE('',#3223,#3224);
#3223 = CARTESIAN_POINT('',(25.14,22.173,0.));
#3224 = VECTOR('',#3225,1.);
#3225 = DIRECTION('',(0.,0.,1.));
#3226 = ORIENTED_EDGE('',*,*,#3227,.T.);
#3227 = EDGE_CURVE('',#3220,#3220,#3228,.T.);
#3228 = CIRCLE('',#3229,0.5);
#3229 = AXIS2_PLACEMENT_3D('',#3230,#3231,#3232);
#3230 = CARTESIAN_POINT('',(24.64,22.173,0.41148));
#3231 = DIRECTION('',(0.,0.,1.));
#3232 = DIRECTION('',(1.,0.,-0.));
#3233 = ORIENTED_EDGE('',*,*,#3217,.F.);
#3234 = ORIENTED_EDGE('',*,*,#3235,.F.);
#3235 = EDGE_CURVE('',#3218,#3218,#3236,.T.);
#3236 = CIRCLE('',#3237,0.5);
#3237 = AXIS2_PLACEMENT_3D('',#3238,#3239,#3240);
#3238 = CARTESIAN_POINT('',(24.64,22.173,0.));
#3239 = DIRECTION('',(0.,0.,1.));
#3240 = DIRECTION('',(1.,0.,-0.));
#3241 = CYLINDRICAL_SURFACE('',#3242,0.5);
#3242 = AXIS2_PLACEMENT_3D('',#3243,#3244,#3245);
#3243 = CARTESIAN_POINT('',(24.64,22.173,0.));
#3244 = DIRECTION('',(-0.,-0.,-1.));
#3245 = DIRECTION('',(1.,0.,-0.));
#3246 = ADVANCED_FACE('',(#3247),#3274,.F.);
#3247 = FACE_BOUND('',#3248,.T.);
#3248 = EDGE_LOOP('',(#3249,#3259,#3266,#3267));
#3249 = ORIENTED_EDGE('',*,*,#3250,.T.);
#3250 = EDGE_CURVE('',#3251,#3253,#3255,.T.);
#3251 = VERTEX_POINT('',#3252);
#3252 = CARTESIAN_POINT('',(22.6,24.713,0.));
#3253 = VERTEX_POINT('',#3254);
#3254 = CARTESIAN_POINT('',(22.6,24.713,0.41148));
#3255 = LINE('',#3256,#3257);
#3256 = CARTESIAN_POINT('',(22.6,24.713,0.));
#3257 = VECTOR('',#3258,1.);
#3258 = DIRECTION('',(0.,0.,1.));
#3259 = ORIENTED_EDGE('',*,*,#3260,.T.);
#3260 = EDGE_CURVE('',#3253,#3253,#3261,.T.);
#3261 = CIRCLE('',#3262,0.5);
#3262 = AXIS2_PLACEMENT_3D('',#3263,#3264,#3265);
#3263 = CARTESIAN_POINT('',(22.1,24.713,0.41148));
#3264 = DIRECTION('',(0.,0.,1.));
#3265 = DIRECTION('',(1.,0.,-0.));
#3266 = ORIENTED_EDGE('',*,*,#3250,.F.);
#3267 = ORIENTED_EDGE('',*,*,#3268,.F.);
#3268 = EDGE_CURVE('',#3251,#3251,#3269,.T.);
#3269 = CIRCLE('',#3270,0.5);
#3270 = AXIS2_PLACEMENT_3D('',#3271,#3272,#3273);
#3271 = CARTESIAN_POINT('',(22.1,24.713,0.));
#3272 = DIRECTION('',(0.,0.,1.));
#3273 = DIRECTION('',(1.,0.,-0.));
#3274 = CYLINDRICAL_SURFACE('',#3275,0.5);
#3275 = AXIS2_PLACEMENT_3D('',#3276,#3277,#3278);
#3276 = CARTESIAN_POINT('',(22.1,24.713,0.));
#3277 = DIRECTION('',(-0.,-0.,-1.));
#3278 = DIRECTION('',(1.,0.,-0.));
#3279 = ADVANCED_FACE('',(#3280),#3307,.F.);
#3280 = FACE_BOUND('',#3281,.T.);
#3281 = EDGE_LOOP('',(#3282,#3292,#3299,#3300));
#3282 = ORIENTED_EDGE('',*,*,#3283,.T.);
#3283 = EDGE_CURVE('',#3284,#3286,#3288,.T.);
#3284 = VERTEX_POINT('',#3285);
#3285 = CARTESIAN_POINT('',(20.06,27.253,0.));
#3286 = VERTEX_POINT('',#3287);
#3287 = CARTESIAN_POINT('',(20.06,27.253,0.41148));
#3288 = LINE('',#3289,#3290);
#3289 = CARTESIAN_POINT('',(20.06,27.253,0.));
#3290 = VECTOR('',#3291,1.);
#3291 = DIRECTION('',(0.,0.,1.));
#3292 = ORIENTED_EDGE('',*,*,#3293,.T.);
#3293 = EDGE_CURVE('',#3286,#3286,#3294,.T.);
#3294 = CIRCLE('',#3295,0.5);
#3295 = AXIS2_PLACEMENT_3D('',#3296,#3297,#3298);
#3296 = CARTESIAN_POINT('',(19.56,27.253,0.41148));
#3297 = DIRECTION('',(0.,0.,1.));
#3298 = DIRECTION('',(1.,0.,-0.));
#3299 = ORIENTED_EDGE('',*,*,#3283,.F.);
#3300 = ORIENTED_EDGE('',*,*,#3301,.F.);
#3301 = EDGE_CURVE('',#3284,#3284,#3302,.T.);
#3302 = CIRCLE('',#3303,0.5);
#3303 = AXIS2_PLACEMENT_3D('',#3304,#3305,#3306);
#3304 = CARTESIAN_POINT('',(19.56,27.253,0.));
#3305 = DIRECTION('',(0.,0.,1.));
#3306 = DIRECTION('',(1.,0.,-0.));
#3307 = CYLINDRICAL_SURFACE('',#3308,0.5);
#3308 = AXIS2_PLACEMENT_3D('',#3309,#3310,#3311);
#3309 = CARTESIAN_POINT('',(19.56,27.253,0.));
#3310 = DIRECTION('',(-0.,-0.,-1.));
#3311 = DIRECTION('',(1.,0.,-0.));
#3312 = ADVANCED_FACE('',(#3313),#3340,.F.);
#3313 = FACE_BOUND('',#3314,.T.);
#3314 = EDGE_LOOP('',(#3315,#3325,#3332,#3333));
#3315 = ORIENTED_EDGE('',*,*,#3316,.T.);
#3316 = EDGE_CURVE('',#3317,#3319,#3321,.T.);
#3317 = VERTEX_POINT('',#3318);
#3318 = CARTESIAN_POINT('',(22.6,22.173,0.));
#3319 = VERTEX_POINT('',#3320);
#3320 = CARTESIAN_POINT('',(22.6,22.173,0.41148));
#3321 = LINE('',#3322,#3323);
#3322 = CARTESIAN_POINT('',(22.6,22.173,0.));
#3323 = VECTOR('',#3324,1.);
#3324 = DIRECTION('',(0.,0.,1.));
#3325 = ORIENTED_EDGE('',*,*,#3326,.T.);
#3326 = EDGE_CURVE('',#3319,#3319,#3327,.T.);
#3327 = CIRCLE('',#3328,0.5);
#3328 = AXIS2_PLACEMENT_3D('',#3329,#3330,#3331);
#3329 = CARTESIAN_POINT('',(22.1,22.173,0.41148));
#3330 = DIRECTION('',(0.,0.,1.));
#3331 = DIRECTION('',(1.,0.,-0.));
#3332 = ORIENTED_EDGE('',*,*,#3316,.F.);
#3333 = ORIENTED_EDGE('',*,*,#3334,.F.);
#3334 = EDGE_CURVE('',#3317,#3317,#3335,.T.);
#3335 = CIRCLE('',#3336,0.5);
#3336 = AXIS2_PLACEMENT_3D('',#3337,#3338,#3339);
#3337 = CARTESIAN_POINT('',(22.1,22.173,0.));
#3338 = DIRECTION('',(0.,0.,1.));
#3339 = DIRECTION('',(1.,0.,-0.));
#3340 = CYLINDRICAL_SURFACE('',#3341,0.5);
#3341 = AXIS2_PLACEMENT_3D('',#3342,#3343,#3344);
#3342 = CARTESIAN_POINT('',(22.1,22.173,0.));
#3343 = DIRECTION('',(-0.,-0.,-1.));
#3344 = DIRECTION('',(1.,0.,-0.));
#3345 = ADVANCED_FACE('',(#3346),#3373,.F.);
#3346 = FACE_BOUND('',#3347,.T.);
#3347 = EDGE_LOOP('',(#3348,#3358,#3365,#3366));
#3348 = ORIENTED_EDGE('',*,*,#3349,.T.);
#3349 = EDGE_CURVE('',#3350,#3352,#3354,.T.);
#3350 = VERTEX_POINT('',#3351);
#3351 = CARTESIAN_POINT('',(25.14,24.713,0.));
#3352 = VERTEX_POINT('',#3353);
#3353 = CARTESIAN_POINT('',(25.14,24.713,0.41148));
#3354 = LINE('',#3355,#3356);
#3355 = CARTESIAN_POINT('',(25.14,24.713,0.));
#3356 = VECTOR('',#3357,1.);
#3357 = DIRECTION('',(0.,0.,1.));
#3358 = ORIENTED_EDGE('',*,*,#3359,.T.);
#3359 = EDGE_CURVE('',#3352,#3352,#3360,.T.);
#3360 = CIRCLE('',#3361,0.5);
#3361 = AXIS2_PLACEMENT_3D('',#3362,#3363,#3364);
#3362 = CARTESIAN_POINT('',(24.64,24.713,0.41148));
#3363 = DIRECTION('',(0.,0.,1.));
#3364 = DIRECTION('',(1.,0.,-0.));
#3365 = ORIENTED_EDGE('',*,*,#3349,.F.);
#3366 = ORIENTED_EDGE('',*,*,#3367,.F.);
#3367 = EDGE_CURVE('',#3350,#3350,#3368,.T.);
#3368 = CIRCLE('',#3369,0.5);
#3369 = AXIS2_PLACEMENT_3D('',#3370,#3371,#3372);
#3370 = CARTESIAN_POINT('',(24.64,24.713,0.));
#3371 = DIRECTION('',(0.,0.,1.));
#3372 = DIRECTION('',(1.,0.,-0.));
#3373 = CYLINDRICAL_SURFACE('',#3374,0.5);
#3374 = AXIS2_PLACEMENT_3D('',#3375,#3376,#3377);
#3375 = CARTESIAN_POINT('',(24.64,24.713,0.));
#3376 = DIRECTION('',(-0.,-0.,-1.));
#3377 = DIRECTION('',(1.,0.,-0.));
#3378 = ADVANCED_FACE('',(#3379),#3406,.F.);
#3379 = FACE_BOUND('',#3380,.T.);
#3380 = EDGE_LOOP('',(#3381,#3391,#3398,#3399));
#3381 = ORIENTED_EDGE('',*,*,#3382,.T.);
#3382 = EDGE_CURVE('',#3383,#3385,#3387,.T.);
#3383 = VERTEX_POINT('',#3384);
#3384 = CARTESIAN_POINT('',(17.52,32.333,0.));
#3385 = VERTEX_POINT('',#3386);
#3386 = CARTESIAN_POINT('',(17.52,32.333,0.41148));
#3387 = LINE('',#3388,#3389);
#3388 = CARTESIAN_POINT('',(17.52,32.333,0.));
#3389 = VECTOR('',#3390,1.);
#3390 = DIRECTION('',(0.,0.,1.));
#3391 = ORIENTED_EDGE('',*,*,#3392,.T.);
#3392 = EDGE_CURVE('',#3385,#3385,#3393,.T.);
#3393 = CIRCLE('',#3394,0.5);
#3394 = AXIS2_PLACEMENT_3D('',#3395,#3396,#3397);
#3395 = CARTESIAN_POINT('',(17.02,32.333,0.41148));
#3396 = DIRECTION('',(0.,0.,1.));
#3397 = DIRECTION('',(1.,0.,-0.));
#3398 = ORIENTED_EDGE('',*,*,#3382,.F.);
#3399 = ORIENTED_EDGE('',*,*,#3400,.F.);
#3400 = EDGE_CURVE('',#3383,#3383,#3401,.T.);
#3401 = CIRCLE('',#3402,0.5);
#3402 = AXIS2_PLACEMENT_3D('',#3403,#3404,#3405);
#3403 = CARTESIAN_POINT('',(17.02,32.333,0.));
#3404 = DIRECTION('',(0.,0.,1.));
#3405 = DIRECTION('',(1.,0.,-0.));
#3406 = CYLINDRICAL_SURFACE('',#3407,0.5);
#3407 = AXIS2_PLACEMENT_3D('',#3408,#3409,#3410);
#3408 = CARTESIAN_POINT('',(17.02,32.333,0.));
#3409 = DIRECTION('',(-0.,-0.,-1.));
#3410 = DIRECTION('',(1.,0.,-0.));
#3411 = ADVANCED_FACE('',(#3412),#3439,.F.);
#3412 = FACE_BOUND('',#3413,.T.);
#3413 = EDGE_LOOP('',(#3414,#3424,#3431,#3432));
#3414 = ORIENTED_EDGE('',*,*,#3415,.T.);
#3415 = EDGE_CURVE('',#3416,#3418,#3420,.T.);
#3416 = VERTEX_POINT('',#3417);
#3417 = CARTESIAN_POINT('',(20.06,29.793,0.));
#3418 = VERTEX_POINT('',#3419);
#3419 = CARTESIAN_POINT('',(20.06,29.793,0.41148));
#3420 = LINE('',#3421,#3422);
#3421 = CARTESIAN_POINT('',(20.06,29.793,0.));
#3422 = VECTOR('',#3423,1.);
#3423 = DIRECTION('',(0.,0.,1.));
#3424 = ORIENTED_EDGE('',*,*,#3425,.T.);
#3425 = EDGE_CURVE('',#3418,#3418,#3426,.T.);
#3426 = CIRCLE('',#3427,0.5);
#3427 = AXIS2_PLACEMENT_3D('',#3428,#3429,#3430);
#3428 = CARTESIAN_POINT('',(19.56,29.793,0.41148));
#3429 = DIRECTION('',(0.,0.,1.));
#3430 = DIRECTION('',(1.,0.,-0.));
#3431 = ORIENTED_EDGE('',*,*,#3415,.F.);
#3432 = ORIENTED_EDGE('',*,*,#3433,.F.);
#3433 = EDGE_CURVE('',#3416,#3416,#3434,.T.);
#3434 = CIRCLE('',#3435,0.5);
#3435 = AXIS2_PLACEMENT_3D('',#3436,#3437,#3438);
#3436 = CARTESIAN_POINT('',(19.56,29.793,0.));
#3437 = DIRECTION('',(0.,0.,1.));
#3438 = DIRECTION('',(1.,0.,-0.));
#3439 = CYLINDRICAL_SURFACE('',#3440,0.5);
#3440 = AXIS2_PLACEMENT_3D('',#3441,#3442,#3443);
#3441 = CARTESIAN_POINT('',(19.56,29.793,0.));
#3442 = DIRECTION('',(-0.,-0.,-1.));
#3443 = DIRECTION('',(1.,0.,-0.));
#3444 = ADVANCED_FACE('',(#3445),#3472,.F.);
#3445 = FACE_BOUND('',#3446,.T.);
#3446 = EDGE_LOOP('',(#3447,#3457,#3464,#3465));
#3447 = ORIENTED_EDGE('',*,*,#3448,.T.);
#3448 = EDGE_CURVE('',#3449,#3451,#3453,.T.);
#3449 = VERTEX_POINT('',#3450);
#3450 = CARTESIAN_POINT('',(17.52,29.793,0.));
#3451 = VERTEX_POINT('',#3452);
#3452 = CARTESIAN_POINT('',(17.52,29.793,0.41148));
#3453 = LINE('',#3454,#3455);
#3454 = CARTESIAN_POINT('',(17.52,29.793,0.));
#3455 = VECTOR('',#3456,1.);
#3456 = DIRECTION('',(0.,0.,1.));
#3457 = ORIENTED_EDGE('',*,*,#3458,.T.);
#3458 = EDGE_CURVE('',#3451,#3451,#3459,.T.);
#3459 = CIRCLE('',#3460,0.5);
#3460 = AXIS2_PLACEMENT_3D('',#3461,#3462,#3463);
#3461 = CARTESIAN_POINT('',(17.02,29.793,0.41148));
#3462 = DIRECTION('',(0.,0.,1.));
#3463 = DIRECTION('',(1.,0.,-0.));
#3464 = ORIENTED_EDGE('',*,*,#3448,.F.);
#3465 = ORIENTED_EDGE('',*,*,#3466,.F.);
#3466 = EDGE_CURVE('',#3449,#3449,#3467,.T.);
#3467 = CIRCLE('',#3468,0.5);
#3468 = AXIS2_PLACEMENT_3D('',#3469,#3470,#3471);
#3469 = CARTESIAN_POINT('',(17.02,29.793,0.));
#3470 = DIRECTION('',(0.,0.,1.));
#3471 = DIRECTION('',(1.,0.,-0.));
#3472 = CYLINDRICAL_SURFACE('',#3473,0.5);
#3473 = AXIS2_PLACEMENT_3D('',#3474,#3475,#3476);
#3474 = CARTESIAN_POINT('',(17.02,29.793,0.));
#3475 = DIRECTION('',(-0.,-0.,-1.));
#3476 = DIRECTION('',(1.,0.,-0.));
#3477 = ADVANCED_FACE('',(#3478),#3505,.F.);
#3478 = FACE_BOUND('',#3479,.T.);
#3479 = EDGE_LOOP('',(#3480,#3490,#3497,#3498));
#3480 = ORIENTED_EDGE('',*,*,#3481,.T.);
#3481 = EDGE_CURVE('',#3482,#3484,#3486,.T.);
#3482 = VERTEX_POINT('',#3483);
#3483 = CARTESIAN_POINT('',(20.06,32.333,0.));
#3484 = VERTEX_POINT('',#3485);
#3485 = CARTESIAN_POINT('',(20.06,32.333,0.41148));
#3486 = LINE('',#3487,#3488);
#3487 = CARTESIAN_POINT('',(20.06,32.333,0.));
#3488 = VECTOR('',#3489,1.);
#3489 = DIRECTION('',(0.,0.,1.));
#3490 = ORIENTED_EDGE('',*,*,#3491,.T.);
#3491 = EDGE_CURVE('',#3484,#3484,#3492,.T.);
#3492 = CIRCLE('',#3493,0.5);
#3493 = AXIS2_PLACEMENT_3D('',#3494,#3495,#3496);
#3494 = CARTESIAN_POINT('',(19.56,32.333,0.41148));
#3495 = DIRECTION('',(0.,0.,1.));
#3496 = DIRECTION('',(1.,0.,-0.));
#3497 = ORIENTED_EDGE('',*,*,#3481,.F.);
#3498 = ORIENTED_EDGE('',*,*,#3499,.F.);
#3499 = EDGE_CURVE('',#3482,#3482,#3500,.T.);
#3500 = CIRCLE('',#3501,0.5);
#3501 = AXIS2_PLACEMENT_3D('',#3502,#3503,#3504);
#3502 = CARTESIAN_POINT('',(19.56,32.333,0.));
#3503 = DIRECTION('',(0.,0.,1.));
#3504 = DIRECTION('',(1.,0.,-0.));
#3505 = CYLINDRICAL_SURFACE('',#3506,0.5);
#3506 = AXIS2_PLACEMENT_3D('',#3507,#3508,#3509);
#3507 = CARTESIAN_POINT('',(19.56,32.333,0.));
#3508 = DIRECTION('',(-0.,-0.,-1.));
#3509 = DIRECTION('',(1.,0.,-0.));
#3510 = ADVANCED_FACE('',(#3511),#3538,.F.);
#3511 = FACE_BOUND('',#3512,.T.);
#3512 = EDGE_LOOP('',(#3513,#3523,#3530,#3531));
#3513 = ORIENTED_EDGE('',*,*,#3514,.T.);
#3514 = EDGE_CURVE('',#3515,#3517,#3519,.T.);
#3515 = VERTEX_POINT('',#3516);
#3516 = CARTESIAN_POINT('',(17.52,34.873,0.));
#3517 = VERTEX_POINT('',#3518);
#3518 = CARTESIAN_POINT('',(17.52,34.873,0.41148));
#3519 = LINE('',#3520,#3521);
#3520 = CARTESIAN_POINT('',(17.52,34.873,0.));
#3521 = VECTOR('',#3522,1.);
#3522 = DIRECTION('',(0.,0.,1.));
#3523 = ORIENTED_EDGE('',*,*,#3524,.T.);
#3524 = EDGE_CURVE('',#3517,#3517,#3525,.T.);
#3525 = CIRCLE('',#3526,0.5);
#3526 = AXIS2_PLACEMENT_3D('',#3527,#3528,#3529);
#3527 = CARTESIAN_POINT('',(17.02,34.873,0.41148));
#3528 = DIRECTION('',(0.,0.,1.));
#3529 = DIRECTION('',(1.,0.,-0.));
#3530 = ORIENTED_EDGE('',*,*,#3514,.F.);
#3531 = ORIENTED_EDGE('',*,*,#3532,.F.);
#3532 = EDGE_CURVE('',#3515,#3515,#3533,.T.);
#3533 = CIRCLE('',#3534,0.5);
#3534 = AXIS2_PLACEMENT_3D('',#3535,#3536,#3537);
#3535 = CARTESIAN_POINT('',(17.02,34.873,0.));
#3536 = DIRECTION('',(0.,0.,1.));
#3537 = DIRECTION('',(1.,0.,-0.));
#3538 = CYLINDRICAL_SURFACE('',#3539,0.5);
#3539 = AXIS2_PLACEMENT_3D('',#3540,#3541,#3542);
#3540 = CARTESIAN_POINT('',(17.02,34.873,0.));
#3541 = DIRECTION('',(-0.,-0.,-1.));
#3542 = DIRECTION('',(1.,0.,-0.));
#3543 = ADVANCED_FACE('',(#3544),#3571,.F.);
#3544 = FACE_BOUND('',#3545,.T.);
#3545 = EDGE_LOOP('',(#3546,#3556,#3563,#3564));
#3546 = ORIENTED_EDGE('',*,*,#3547,.T.);
#3547 = EDGE_CURVE('',#3548,#3550,#3552,.T.);
#3548 = VERTEX_POINT('',#3549);
#3549 = CARTESIAN_POINT('',(22.6,34.873,0.));
#3550 = VERTEX_POINT('',#3551);
#3551 = CARTESIAN_POINT('',(22.6,34.873,0.41148));
#3552 = LINE('',#3553,#3554);
#3553 = CARTESIAN_POINT('',(22.6,34.873,0.));
#3554 = VECTOR('',#3555,1.);
#3555 = DIRECTION('',(0.,0.,1.));
#3556 = ORIENTED_EDGE('',*,*,#3557,.T.);
#3557 = EDGE_CURVE('',#3550,#3550,#3558,.T.);
#3558 = CIRCLE('',#3559,0.5);
#3559 = AXIS2_PLACEMENT_3D('',#3560,#3561,#3562);
#3560 = CARTESIAN_POINT('',(22.1,34.873,0.41148));
#3561 = DIRECTION('',(0.,0.,1.));
#3562 = DIRECTION('',(1.,0.,-0.));
#3563 = ORIENTED_EDGE('',*,*,#3547,.F.);
#3564 = ORIENTED_EDGE('',*,*,#3565,.F.);
#3565 = EDGE_CURVE('',#3548,#3548,#3566,.T.);
#3566 = CIRCLE('',#3567,0.5);
#3567 = AXIS2_PLACEMENT_3D('',#3568,#3569,#3570);
#3568 = CARTESIAN_POINT('',(22.1,34.873,0.));
#3569 = DIRECTION('',(0.,0.,1.));
#3570 = DIRECTION('',(1.,0.,-0.));
#3571 = CYLINDRICAL_SURFACE('',#3572,0.5);
#3572 = AXIS2_PLACEMENT_3D('',#3573,#3574,#3575);
#3573 = CARTESIAN_POINT('',(22.1,34.873,0.));
#3574 = DIRECTION('',(-0.,-0.,-1.));
#3575 = DIRECTION('',(1.,0.,-0.));
#3576 = ADVANCED_FACE('',(#3577),#3604,.F.);
#3577 = FACE_BOUND('',#3578,.T.);
#3578 = EDGE_LOOP('',(#3579,#3589,#3596,#3597));
#3579 = ORIENTED_EDGE('',*,*,#3580,.T.);
#3580 = EDGE_CURVE('',#3581,#3583,#3585,.T.);
#3581 = VERTEX_POINT('',#3582);
#3582 = CARTESIAN_POINT('',(20.06,34.873,0.));
#3583 = VERTEX_POINT('',#3584);
#3584 = CARTESIAN_POINT('',(20.06,34.873,0.41148));
#3585 = LINE('',#3586,#3587);
#3586 = CARTESIAN_POINT('',(20.06,34.873,0.));
#3587 = VECTOR('',#3588,1.);
#3588 = DIRECTION('',(0.,0.,1.));
#3589 = ORIENTED_EDGE('',*,*,#3590,.T.);
#3590 = EDGE_CURVE('',#3583,#3583,#3591,.T.);
#3591 = CIRCLE('',#3592,0.5);
#3592 = AXIS2_PLACEMENT_3D('',#3593,#3594,#3595);
#3593 = CARTESIAN_POINT('',(19.56,34.873,0.41148));
#3594 = DIRECTION('',(0.,0.,1.));
#3595 = DIRECTION('',(1.,0.,-0.));
#3596 = ORIENTED_EDGE('',*,*,#3580,.F.);
#3597 = ORIENTED_EDGE('',*,*,#3598,.F.);
#3598 = EDGE_CURVE('',#3581,#3581,#3599,.T.);
#3599 = CIRCLE('',#3600,0.5);
#3600 = AXIS2_PLACEMENT_3D('',#3601,#3602,#3603);
#3601 = CARTESIAN_POINT('',(19.56,34.873,0.));
#3602 = DIRECTION('',(0.,0.,1.));
#3603 = DIRECTION('',(1.,0.,-0.));
#3604 = CYLINDRICAL_SURFACE('',#3605,0.5);
#3605 = AXIS2_PLACEMENT_3D('',#3606,#3607,#3608);
#3606 = CARTESIAN_POINT('',(19.56,34.873,0.));
#3607 = DIRECTION('',(-0.,-0.,-1.));
#3608 = DIRECTION('',(1.,0.,-0.));
#3609 = ADVANCED_FACE('',(#3610),#3637,.F.);
#3610 = FACE_BOUND('',#3611,.T.);
#3611 = EDGE_LOOP('',(#3612,#3622,#3629,#3630));
#3612 = ORIENTED_EDGE('',*,*,#3613,.T.);
#3613 = EDGE_CURVE('',#3614,#3616,#3618,.T.);
#3614 = VERTEX_POINT('',#3615);
#3615 = CARTESIAN_POINT('',(22.6,27.253,0.));
#3616 = VERTEX_POINT('',#3617);
#3617 = CARTESIAN_POINT('',(22.6,27.253,0.41148));
#3618 = LINE('',#3619,#3620);
#3619 = CARTESIAN_POINT('',(22.6,27.253,0.));
#3620 = VECTOR('',#3621,1.);
#3621 = DIRECTION('',(0.,0.,1.));
#3622 = ORIENTED_EDGE('',*,*,#3623,.T.);
#3623 = EDGE_CURVE('',#3616,#3616,#3624,.T.);
#3624 = CIRCLE('',#3625,0.5);
#3625 = AXIS2_PLACEMENT_3D('',#3626,#3627,#3628);
#3626 = CARTESIAN_POINT('',(22.1,27.253,0.41148));
#3627 = DIRECTION('',(0.,0.,1.));
#3628 = DIRECTION('',(1.,0.,-0.));
#3629 = ORIENTED_EDGE('',*,*,#3613,.F.);
#3630 = ORIENTED_EDGE('',*,*,#3631,.F.);
#3631 = EDGE_CURVE('',#3614,#3614,#3632,.T.);
#3632 = CIRCLE('',#3633,0.5);
#3633 = AXIS2_PLACEMENT_3D('',#3634,#3635,#3636);
#3634 = CARTESIAN_POINT('',(22.1,27.253,0.));
#3635 = DIRECTION('',(0.,0.,1.));
#3636 = DIRECTION('',(1.,0.,-0.));
#3637 = CYLINDRICAL_SURFACE('',#3638,0.5);
#3638 = AXIS2_PLACEMENT_3D('',#3639,#3640,#3641);
#3639 = CARTESIAN_POINT('',(22.1,27.253,0.));
#3640 = DIRECTION('',(-0.,-0.,-1.));
#3641 = DIRECTION('',(1.,0.,-0.));
#3642 = ADVANCED_FACE('',(#3643),#3670,.F.);
#3643 = FACE_BOUND('',#3644,.T.);
#3644 = EDGE_LOOP('',(#3645,#3655,#3662,#3663));
#3645 = ORIENTED_EDGE('',*,*,#3646,.T.);
#3646 = EDGE_CURVE('',#3647,#3649,#3651,.T.);
#3647 = VERTEX_POINT('',#3648);
#3648 = CARTESIAN_POINT('',(25.14,27.253,0.));
#3649 = VERTEX_POINT('',#3650);
#3650 = CARTESIAN_POINT('',(25.14,27.253,0.41148));
#3651 = LINE('',#3652,#3653);
#3652 = CARTESIAN_POINT('',(25.14,27.253,0.));
#3653 = VECTOR('',#3654,1.);
#3654 = DIRECTION('',(0.,0.,1.));
#3655 = ORIENTED_EDGE('',*,*,#3656,.T.);
#3656 = EDGE_CURVE('',#3649,#3649,#3657,.T.);
#3657 = CIRCLE('',#3658,0.5);
#3658 = AXIS2_PLACEMENT_3D('',#3659,#3660,#3661);
#3659 = CARTESIAN_POINT('',(24.64,27.253,0.41148));
#3660 = DIRECTION('',(0.,0.,1.));
#3661 = DIRECTION('',(1.,0.,-0.));
#3662 = ORIENTED_EDGE('',*,*,#3646,.F.);
#3663 = ORIENTED_EDGE('',*,*,#3664,.F.);
#3664 = EDGE_CURVE('',#3647,#3647,#3665,.T.);
#3665 = CIRCLE('',#3666,0.5);
#3666 = AXIS2_PLACEMENT_3D('',#3667,#3668,#3669);
#3667 = CARTESIAN_POINT('',(24.64,27.253,0.));
#3668 = DIRECTION('',(0.,0.,1.));
#3669 = DIRECTION('',(1.,0.,-0.));
#3670 = CYLINDRICAL_SURFACE('',#3671,0.5);
#3671 = AXIS2_PLACEMENT_3D('',#3672,#3673,#3674);
#3672 = CARTESIAN_POINT('',(24.64,27.253,0.));
#3673 = DIRECTION('',(-0.,-0.,-1.));
#3674 = DIRECTION('',(1.,0.,-0.));
#3675 = ADVANCED_FACE('',(#3676),#3703,.F.);
#3676 = FACE_BOUND('',#3677,.T.);
#3677 = EDGE_LOOP('',(#3678,#3688,#3695,#3696));
#3678 = ORIENTED_EDGE('',*,*,#3679,.T.);
#3679 = EDGE_CURVE('',#3680,#3682,#3684,.T.);
#3680 = VERTEX_POINT('',#3681);
#3681 = CARTESIAN_POINT('',(25.14,29.793,0.));
#3682 = VERTEX_POINT('',#3683);
#3683 = CARTESIAN_POINT('',(25.14,29.793,0.41148));
#3684 = LINE('',#3685,#3686);
#3685 = CARTESIAN_POINT('',(25.14,29.793,0.));
#3686 = VECTOR('',#3687,1.);
#3687 = DIRECTION('',(0.,0.,1.));
#3688 = ORIENTED_EDGE('',*,*,#3689,.T.);
#3689 = EDGE_CURVE('',#3682,#3682,#3690,.T.);
#3690 = CIRCLE('',#3691,0.5);
#3691 = AXIS2_PLACEMENT_3D('',#3692,#3693,#3694);
#3692 = CARTESIAN_POINT('',(24.64,29.793,0.41148));
#3693 = DIRECTION('',(0.,0.,1.));
#3694 = DIRECTION('',(1.,0.,-0.));
#3695 = ORIENTED_EDGE('',*,*,#3679,.F.);
#3696 = ORIENTED_EDGE('',*,*,#3697,.F.);
#3697 = EDGE_CURVE('',#3680,#3680,#3698,.T.);
#3698 = CIRCLE('',#3699,0.5);
#3699 = AXIS2_PLACEMENT_3D('',#3700,#3701,#3702);
#3700 = CARTESIAN_POINT('',(24.64,29.793,0.));
#3701 = DIRECTION('',(0.,0.,1.));
#3702 = DIRECTION('',(1.,0.,-0.));
#3703 = CYLINDRICAL_SURFACE('',#3704,0.5);
#3704 = AXIS2_PLACEMENT_3D('',#3705,#3706,#3707);
#3705 = CARTESIAN_POINT('',(24.64,29.793,0.));
#3706 = DIRECTION('',(-0.,-0.,-1.));
#3707 = DIRECTION('',(1.,0.,-0.));
#3708 = ADVANCED_FACE('',(#3709),#3736,.F.);
#3709 = FACE_BOUND('',#3710,.T.);
#3710 = EDGE_LOOP('',(#3711,#3721,#3728,#3729));
#3711 = ORIENTED_EDGE('',*,*,#3712,.T.);
#3712 = EDGE_CURVE('',#3713,#3715,#3717,.T.);
#3713 = VERTEX_POINT('',#3714);
#3714 = CARTESIAN_POINT('',(22.6,29.793,0.));
#3715 = VERTEX_POINT('',#3716);
#3716 = CARTESIAN_POINT('',(22.6,29.793,0.41148));
#3717 = LINE('',#3718,#3719);
#3718 = CARTESIAN_POINT('',(22.6,29.793,0.));
#3719 = VECTOR('',#3720,1.);
#3720 = DIRECTION('',(0.,0.,1.));
#3721 = ORIENTED_EDGE('',*,*,#3722,.T.);
#3722 = EDGE_CURVE('',#3715,#3715,#3723,.T.);
#3723 = CIRCLE('',#3724,0.5);
#3724 = AXIS2_PLACEMENT_3D('',#3725,#3726,#3727);
#3725 = CARTESIAN_POINT('',(22.1,29.793,0.41148));
#3726 = DIRECTION('',(0.,0.,1.));
#3727 = DIRECTION('',(1.,0.,-0.));
#3728 = ORIENTED_EDGE('',*,*,#3712,.F.);
#3729 = ORIENTED_EDGE('',*,*,#3730,.F.);
#3730 = EDGE_CURVE('',#3713,#3713,#3731,.T.);
#3731 = CIRCLE('',#3732,0.5);
#3732 = AXIS2_PLACEMENT_3D('',#3733,#3734,#3735);
#3733 = CARTESIAN_POINT('',(22.1,29.793,0.));
#3734 = DIRECTION('',(0.,0.,1.));
#3735 = DIRECTION('',(1.,0.,-0.));
#3736 = CYLINDRICAL_SURFACE('',#3737,0.5);
#3737 = AXIS2_PLACEMENT_3D('',#3738,#3739,#3740);
#3738 = CARTESIAN_POINT('',(22.1,29.793,0.));
#3739 = DIRECTION('',(-0.,-0.,-1.));
#3740 = DIRECTION('',(1.,0.,-0.));
#3741 = ADVANCED_FACE('',(#3742),#3769,.F.);
#3742 = FACE_BOUND('',#3743,.T.);
#3743 = EDGE_LOOP('',(#3744,#3754,#3761,#3762));
#3744 = ORIENTED_EDGE('',*,*,#3745,.T.);
#3745 = EDGE_CURVE('',#3746,#3748,#3750,.T.);
#3746 = VERTEX_POINT('',#3747);
#3747 = CARTESIAN_POINT('',(22.6,32.333,0.));
#3748 = VERTEX_POINT('',#3749);
#3749 = CARTESIAN_POINT('',(22.6,32.333,0.41148));
#3750 = LINE('',#3751,#3752);
#3751 = CARTESIAN_POINT('',(22.6,32.333,0.));
#3752 = VECTOR('',#3753,1.);
#3753 = DIRECTION('',(0.,0.,1.));
#3754 = ORIENTED_EDGE('',*,*,#3755,.T.);
#3755 = EDGE_CURVE('',#3748,#3748,#3756,.T.);
#3756 = CIRCLE('',#3757,0.5);
#3757 = AXIS2_PLACEMENT_3D('',#3758,#3759,#3760);
#3758 = CARTESIAN_POINT('',(22.1,32.333,0.41148));
#3759 = DIRECTION('',(0.,0.,1.));
#3760 = DIRECTION('',(1.,0.,-0.));
#3761 = ORIENTED_EDGE('',*,*,#3745,.F.);
#3762 = ORIENTED_EDGE('',*,*,#3763,.F.);
#3763 = EDGE_CURVE('',#3746,#3746,#3764,.T.);
#3764 = CIRCLE('',#3765,0.5);
#3765 = AXIS2_PLACEMENT_3D('',#3766,#3767,#3768);
#3766 = CARTESIAN_POINT('',(22.1,32.333,0.));
#3767 = DIRECTION('',(0.,0.,1.));
#3768 = DIRECTION('',(1.,0.,-0.));
#3769 = CYLINDRICAL_SURFACE('',#3770,0.5);
#3770 = AXIS2_PLACEMENT_3D('',#3771,#3772,#3773);
#3771 = CARTESIAN_POINT('',(22.1,32.333,0.));
#3772 = DIRECTION('',(-0.,-0.,-1.));
#3773 = DIRECTION('',(1.,0.,-0.));
#3774 = ADVANCED_FACE('',(#3775),#3802,.F.);
#3775 = FACE_BOUND('',#3776,.T.);
#3776 = EDGE_LOOP('',(#3777,#3787,#3794,#3795));
#3777 = ORIENTED_EDGE('',*,*,#3778,.T.);
#3778 = EDGE_CURVE('',#3779,#3781,#3783,.T.);
#3779 = VERTEX_POINT('',#3780);
#3780 = CARTESIAN_POINT('',(25.14,32.333,0.));
#3781 = VERTEX_POINT('',#3782);
#3782 = CARTESIAN_POINT('',(25.14,32.333,0.41148));
#3783 = LINE('',#3784,#3785);
#3784 = CARTESIAN_POINT('',(25.14,32.333,0.));
#3785 = VECTOR('',#3786,1.);
#3786 = DIRECTION('',(0.,0.,1.));
#3787 = ORIENTED_EDGE('',*,*,#3788,.T.);
#3788 = EDGE_CURVE('',#3781,#3781,#3789,.T.);
#3789 = CIRCLE('',#3790,0.5);
#3790 = AXIS2_PLACEMENT_3D('',#3791,#3792,#3793);
#3791 = CARTESIAN_POINT('',(24.64,32.333,0.41148));
#3792 = DIRECTION('',(0.,0.,1.));
#3793 = DIRECTION('',(1.,0.,-0.));
#3794 = ORIENTED_EDGE('',*,*,#3778,.F.);
#3795 = ORIENTED_EDGE('',*,*,#3796,.F.);
#3796 = EDGE_CURVE('',#3779,#3779,#3797,.T.);
#3797 = CIRCLE('',#3798,0.5);
#3798 = AXIS2_PLACEMENT_3D('',#3799,#3800,#3801);
#3799 = CARTESIAN_POINT('',(24.64,32.333,0.));
#3800 = DIRECTION('',(0.,0.,1.));
#3801 = DIRECTION('',(1.,0.,-0.));
#3802 = CYLINDRICAL_SURFACE('',#3803,0.5);
#3803 = AXIS2_PLACEMENT_3D('',#3804,#3805,#3806);
#3804 = CARTESIAN_POINT('',(24.64,32.333,0.));
#3805 = DIRECTION('',(-0.,-0.,-1.));
#3806 = DIRECTION('',(1.,0.,-0.));
#3807 = ADVANCED_FACE('',(#3808),#3835,.F.);
#3808 = FACE_BOUND('',#3809,.T.);
#3809 = EDGE_LOOP('',(#3810,#3820,#3827,#3828));
#3810 = ORIENTED_EDGE('',*,*,#3811,.T.);
#3811 = EDGE_CURVE('',#3812,#3814,#3816,.T.);
#3812 = VERTEX_POINT('',#3813);
#3813 = CARTESIAN_POINT('',(25.14,34.873,0.));
#3814 = VERTEX_POINT('',#3815);
#3815 = CARTESIAN_POINT('',(25.14,34.873,0.41148));
#3816 = LINE('',#3817,#3818);
#3817 = CARTESIAN_POINT('',(25.14,34.873,0.));
#3818 = VECTOR('',#3819,1.);
#3819 = DIRECTION('',(0.,0.,1.));
#3820 = ORIENTED_EDGE('',*,*,#3821,.T.);
#3821 = EDGE_CURVE('',#3814,#3814,#3822,.T.);
#3822 = CIRCLE('',#3823,0.5);
#3823 = AXIS2_PLACEMENT_3D('',#3824,#3825,#3826);
#3824 = CARTESIAN_POINT('',(24.64,34.873,0.41148));
#3825 = DIRECTION('',(0.,0.,1.));
#3826 = DIRECTION('',(1.,0.,-0.));
#3827 = ORIENTED_EDGE('',*,*,#3811,.F.);
#3828 = ORIENTED_EDGE('',*,*,#3829,.F.);
#3829 = EDGE_CURVE('',#3812,#3812,#3830,.T.);
#3830 = CIRCLE('',#3831,0.5);
#3831 = AXIS2_PLACEMENT_3D('',#3832,#3833,#3834);
#3832 = CARTESIAN_POINT('',(24.64,34.873,0.));
#3833 = DIRECTION('',(0.,0.,1.));
#3834 = DIRECTION('',(1.,0.,-0.));
#3835 = CYLINDRICAL_SURFACE('',#3836,0.5);
#3836 = AXIS2_PLACEMENT_3D('',#3837,#3838,#3839);
#3837 = CARTESIAN_POINT('',(24.64,34.873,0.));
#3838 = DIRECTION('',(-0.,-0.,-1.));
#3839 = DIRECTION('',(1.,0.,-0.));
#3840 = ADVANCED_FACE('',(#3841),#3868,.F.);
#3841 = FACE_BOUND('',#3842,.T.);
#3842 = EDGE_LOOP('',(#3843,#3853,#3860,#3861));
#3843 = ORIENTED_EDGE('',*,*,#3844,.T.);
#3844 = EDGE_CURVE('',#3845,#3847,#3849,.T.);
#3845 = VERTEX_POINT('',#3846);
#3846 = CARTESIAN_POINT('',(25.28,1.78,0.));
#3847 = VERTEX_POINT('',#3848);
#3848 = CARTESIAN_POINT('',(25.28,1.78,0.41148));
#3849 = LINE('',#3850,#3851);
#3850 = CARTESIAN_POINT('',(25.28,1.78,0.));
#3851 = VECTOR('',#3852,1.);
#3852 = DIRECTION('',(0.,0.,1.));
#3853 = ORIENTED_EDGE('',*,*,#3854,.T.);
#3854 = EDGE_CURVE('',#3847,#3847,#3855,.T.);
#3855 = CIRCLE('',#3856,0.5);
#3856 = AXIS2_PLACEMENT_3D('',#3857,#3858,#3859);
#3857 = CARTESIAN_POINT('',(24.78,1.78,0.41148));
#3858 = DIRECTION('',(0.,0.,1.));
#3859 = DIRECTION('',(1.,0.,-0.));
#3860 = ORIENTED_EDGE('',*,*,#3844,.F.);
#3861 = ORIENTED_EDGE('',*,*,#3862,.F.);
#3862 = EDGE_CURVE('',#3845,#3845,#3863,.T.);
#3863 = CIRCLE('',#3864,0.5);
#3864 = AXIS2_PLACEMENT_3D('',#3865,#3866,#3867);
#3865 = CARTESIAN_POINT('',(24.78,1.78,0.));
#3866 = DIRECTION('',(0.,0.,1.));
#3867 = DIRECTION('',(1.,0.,-0.));
#3868 = CYLINDRICAL_SURFACE('',#3869,0.5);
#3869 = AXIS2_PLACEMENT_3D('',#3870,#3871,#3872);
#3870 = CARTESIAN_POINT('',(24.78,1.78,0.));
#3871 = DIRECTION('',(-0.,-0.,-1.));
#3872 = DIRECTION('',(1.,0.,-0.));
#3873 = ADVANCED_FACE('',(#3874),#3901,.F.);
#3874 = FACE_BOUND('',#3875,.T.);
#3875 = EDGE_LOOP('',(#3876,#3886,#3893,#3894));
#3876 = ORIENTED_EDGE('',*,*,#3877,.T.);
#3877 = EDGE_CURVE('',#3878,#3880,#3882,.T.);
#3878 = VERTEX_POINT('',#3879);
#3879 = CARTESIAN_POINT('',(27.82,1.78,0.));
#3880 = VERTEX_POINT('',#3881);
#3881 = CARTESIAN_POINT('',(27.82,1.78,0.41148));
#3882 = LINE('',#3883,#3884);
#3883 = CARTESIAN_POINT('',(27.82,1.78,0.));
#3884 = VECTOR('',#3885,1.);
#3885 = DIRECTION('',(0.,0.,1.));
#3886 = ORIENTED_EDGE('',*,*,#3887,.T.);
#3887 = EDGE_CURVE('',#3880,#3880,#3888,.T.);
#3888 = CIRCLE('',#3889,0.5);
#3889 = AXIS2_PLACEMENT_3D('',#3890,#3891,#3892);
#3890 = CARTESIAN_POINT('',(27.32,1.78,0.41148));
#3891 = DIRECTION('',(0.,0.,1.));
#3892 = DIRECTION('',(1.,0.,-0.));
#3893 = ORIENTED_EDGE('',*,*,#3877,.F.);
#3894 = ORIENTED_EDGE('',*,*,#3895,.F.);
#3895 = EDGE_CURVE('',#3878,#3878,#3896,.T.);
#3896 = CIRCLE('',#3897,0.5);
#3897 = AXIS2_PLACEMENT_3D('',#3898,#3899,#3900);
#3898 = CARTESIAN_POINT('',(27.32,1.78,0.));
#3899 = DIRECTION('',(0.,0.,1.));
#3900 = DIRECTION('',(1.,0.,-0.));
#3901 = CYLINDRICAL_SURFACE('',#3902,0.5);
#3902 = AXIS2_PLACEMENT_3D('',#3903,#3904,#3905);
#3903 = CARTESIAN_POINT('',(27.32,1.78,0.));
#3904 = DIRECTION('',(-0.,-0.,-1.));
#3905 = DIRECTION('',(1.,0.,-0.));
#3906 = ADVANCED_FACE('',(#3907),#3934,.F.);
#3907 = FACE_BOUND('',#3908,.T.);
#3908 = EDGE_LOOP('',(#3909,#3919,#3926,#3927));
#3909 = ORIENTED_EDGE('',*,*,#3910,.T.);
#3910 = EDGE_CURVE('',#3911,#3913,#3915,.T.);
#3911 = VERTEX_POINT('',#3912);
#3912 = CARTESIAN_POINT('',(25.28,4.32,0.));
#3913 = VERTEX_POINT('',#3914);
#3914 = CARTESIAN_POINT('',(25.28,4.32,0.41148));
#3915 = LINE('',#3916,#3917);
#3916 = CARTESIAN_POINT('',(25.28,4.32,0.));
#3917 = VECTOR('',#3918,1.);
#3918 = DIRECTION('',(0.,0.,1.));
#3919 = ORIENTED_EDGE('',*,*,#3920,.T.);
#3920 = EDGE_CURVE('',#3913,#3913,#3921,.T.);
#3921 = CIRCLE('',#3922,0.5);
#3922 = AXIS2_PLACEMENT_3D('',#3923,#3924,#3925);
#3923 = CARTESIAN_POINT('',(24.78,4.32,0.41148));
#3924 = DIRECTION('',(0.,0.,1.));
#3925 = DIRECTION('',(1.,0.,-0.));
#3926 = ORIENTED_EDGE('',*,*,#3910,.F.);
#3927 = ORIENTED_EDGE('',*,*,#3928,.F.);
#3928 = EDGE_CURVE('',#3911,#3911,#3929,.T.);
#3929 = CIRCLE('',#3930,0.5);
#3930 = AXIS2_PLACEMENT_3D('',#3931,#3932,#3933);
#3931 = CARTESIAN_POINT('',(24.78,4.32,0.));
#3932 = DIRECTION('',(0.,0.,1.));
#3933 = DIRECTION('',(1.,0.,-0.));
#3934 = CYLINDRICAL_SURFACE('',#3935,0.5);
#3935 = AXIS2_PLACEMENT_3D('',#3936,#3937,#3938);
#3936 = CARTESIAN_POINT('',(24.78,4.32,0.));
#3937 = DIRECTION('',(-0.,-0.,-1.));
#3938 = DIRECTION('',(1.,0.,-0.));
#3939 = ADVANCED_FACE('',(#3940),#3967,.F.);
#3940 = FACE_BOUND('',#3941,.T.);
#3941 = EDGE_LOOP('',(#3942,#3952,#3959,#3960));
#3942 = ORIENTED_EDGE('',*,*,#3943,.T.);
#3943 = EDGE_CURVE('',#3944,#3946,#3948,.T.);
#3944 = VERTEX_POINT('',#3945);
#3945 = CARTESIAN_POINT('',(27.68,9.473,0.));
#3946 = VERTEX_POINT('',#3947);
#3947 = CARTESIAN_POINT('',(27.68,9.473,0.41148));
#3948 = LINE('',#3949,#3950);
#3949 = CARTESIAN_POINT('',(27.68,9.473,0.));
#3950 = VECTOR('',#3951,1.);
#3951 = DIRECTION('',(0.,0.,1.));
#3952 = ORIENTED_EDGE('',*,*,#3953,.T.);
#3953 = EDGE_CURVE('',#3946,#3946,#3954,.T.);
#3954 = CIRCLE('',#3955,0.5);
#3955 = AXIS2_PLACEMENT_3D('',#3956,#3957,#3958);
#3956 = CARTESIAN_POINT('',(27.18,9.473,0.41148));
#3957 = DIRECTION('',(0.,0.,1.));
#3958 = DIRECTION('',(1.,0.,-0.));
#3959 = ORIENTED_EDGE('',*,*,#3943,.F.);
#3960 = ORIENTED_EDGE('',*,*,#3961,.F.);
#3961 = EDGE_CURVE('',#3944,#3944,#3962,.T.);
#3962 = CIRCLE('',#3963,0.5);
#3963 = AXIS2_PLACEMENT_3D('',#3964,#3965,#3966);
#3964 = CARTESIAN_POINT('',(27.18,9.473,0.));
#3965 = DIRECTION('',(0.,0.,1.));
#3966 = DIRECTION('',(1.,0.,-0.));
#3967 = CYLINDRICAL_SURFACE('',#3968,0.5);
#3968 = AXIS2_PLACEMENT_3D('',#3969,#3970,#3971);
#3969 = CARTESIAN_POINT('',(27.18,9.473,0.));
#3970 = DIRECTION('',(-0.,-0.,-1.));
#3971 = DIRECTION('',(1.,0.,-0.));
#3972 = ADVANCED_FACE('',(#3973),#4000,.F.);
#3973 = FACE_BOUND('',#3974,.T.);
#3974 = EDGE_LOOP('',(#3975,#3985,#3992,#3993));
#3975 = ORIENTED_EDGE('',*,*,#3976,.T.);
#3976 = EDGE_CURVE('',#3977,#3979,#3981,.T.);
#3977 = VERTEX_POINT('',#3978);
#3978 = CARTESIAN_POINT('',(27.82,4.32,0.));
#3979 = VERTEX_POINT('',#3980);
#3980 = CARTESIAN_POINT('',(27.82,4.32,0.41148));
#3981 = LINE('',#3982,#3983);
#3982 = CARTESIAN_POINT('',(27.82,4.32,0.));
#3983 = VECTOR('',#3984,1.);
#3984 = DIRECTION('',(0.,0.,1.));
#3985 = ORIENTED_EDGE('',*,*,#3986,.T.);
#3986 = EDGE_CURVE('',#3979,#3979,#3987,.T.);
#3987 = CIRCLE('',#3988,0.5);
#3988 = AXIS2_PLACEMENT_3D('',#3989,#3990,#3991);
#3989 = CARTESIAN_POINT('',(27.32,4.32,0.41148));
#3990 = DIRECTION('',(0.,0.,1.));
#3991 = DIRECTION('',(1.,0.,-0.));
#3992 = ORIENTED_EDGE('',*,*,#3976,.F.);
#3993 = ORIENTED_EDGE('',*,*,#3994,.F.);
#3994 = EDGE_CURVE('',#3977,#3977,#3995,.T.);
#3995 = CIRCLE('',#3996,0.5);
#3996 = AXIS2_PLACEMENT_3D('',#3997,#3998,#3999);
#3997 = CARTESIAN_POINT('',(27.32,4.32,0.));
#3998 = DIRECTION('',(0.,0.,1.));
#3999 = DIRECTION('',(1.,0.,-0.));
#4000 = CYLINDRICAL_SURFACE('',#4001,0.5);
#4001 = AXIS2_PLACEMENT_3D('',#4002,#4003,#4004);
#4002 = CARTESIAN_POINT('',(27.32,4.32,0.));
#4003 = DIRECTION('',(-0.,-0.,-1.));
#4004 = DIRECTION('',(1.,0.,-0.));
#4005 = ADVANCED_FACE('',(#4006),#4033,.F.);
#4006 = FACE_BOUND('',#4007,.T.);
#4007 = EDGE_LOOP('',(#4008,#4018,#4025,#4026));
#4008 = ORIENTED_EDGE('',*,*,#4009,.T.);
#4009 = EDGE_CURVE('',#4010,#4012,#4014,.T.);
#4010 = VERTEX_POINT('',#4011);
#4011 = CARTESIAN_POINT('',(27.68,6.933,0.));
#4012 = VERTEX_POINT('',#4013);
#4013 = CARTESIAN_POINT('',(27.68,6.933,0.41148));
#4014 = LINE('',#4015,#4016);
#4015 = CARTESIAN_POINT('',(27.68,6.933,0.));
#4016 = VECTOR('',#4017,1.);
#4017 = DIRECTION('',(0.,0.,1.));
#4018 = ORIENTED_EDGE('',*,*,#4019,.T.);
#4019 = EDGE_CURVE('',#4012,#4012,#4020,.T.);
#4020 = CIRCLE('',#4021,0.5);
#4021 = AXIS2_PLACEMENT_3D('',#4022,#4023,#4024);
#4022 = CARTESIAN_POINT('',(27.18,6.933,0.41148));
#4023 = DIRECTION('',(0.,0.,1.));
#4024 = DIRECTION('',(1.,0.,-0.));
#4025 = ORIENTED_EDGE('',*,*,#4009,.F.);
#4026 = ORIENTED_EDGE('',*,*,#4027,.F.);
#4027 = EDGE_CURVE('',#4010,#4010,#4028,.T.);
#4028 = CIRCLE('',#4029,0.5);
#4029 = AXIS2_PLACEMENT_3D('',#4030,#4031,#4032);
#4030 = CARTESIAN_POINT('',(27.18,6.933,0.));
#4031 = DIRECTION('',(0.,0.,1.));
#4032 = DIRECTION('',(1.,0.,-0.));
#4033 = CYLINDRICAL_SURFACE('',#4034,0.5);
#4034 = AXIS2_PLACEMENT_3D('',#4035,#4036,#4037);
#4035 = CARTESIAN_POINT('',(27.18,6.933,0.));
#4036 = DIRECTION('',(-0.,-0.,-1.));
#4037 = DIRECTION('',(1.,0.,-0.));
#4038 = ADVANCED_FACE('',(#4039),#4066,.F.);
#4039 = FACE_BOUND('',#4040,.T.);
#4040 = EDGE_LOOP('',(#4041,#4051,#4058,#4059));
#4041 = ORIENTED_EDGE('',*,*,#4042,.T.);
#4042 = EDGE_CURVE('',#4043,#4045,#4047,.T.);
#4043 = VERTEX_POINT('',#4044);
#4044 = CARTESIAN_POINT('',(30.36,4.32,0.));
#4045 = VERTEX_POINT('',#4046);
#4046 = CARTESIAN_POINT('',(30.36,4.32,0.41148));
#4047 = LINE('',#4048,#4049);
#4048 = CARTESIAN_POINT('',(30.36,4.32,0.));
#4049 = VECTOR('',#4050,1.);
#4050 = DIRECTION('',(0.,0.,1.));
#4051 = ORIENTED_EDGE('',*,*,#4052,.T.);
#4052 = EDGE_CURVE('',#4045,#4045,#4053,.T.);
#4053 = CIRCLE('',#4054,0.5);
#4054 = AXIS2_PLACEMENT_3D('',#4055,#4056,#4057);
#4055 = CARTESIAN_POINT('',(29.86,4.32,0.41148));
#4056 = DIRECTION('',(0.,0.,1.));
#4057 = DIRECTION('',(1.,0.,-0.));
#4058 = ORIENTED_EDGE('',*,*,#4042,.F.);
#4059 = ORIENTED_EDGE('',*,*,#4060,.F.);
#4060 = EDGE_CURVE('',#4043,#4043,#4061,.T.);
#4061 = CIRCLE('',#4062,0.5);
#4062 = AXIS2_PLACEMENT_3D('',#4063,#4064,#4065);
#4063 = CARTESIAN_POINT('',(29.86,4.32,0.));
#4064 = DIRECTION('',(0.,0.,1.));
#4065 = DIRECTION('',(1.,0.,-0.));
#4066 = CYLINDRICAL_SURFACE('',#4067,0.5);
#4067 = AXIS2_PLACEMENT_3D('',#4068,#4069,#4070);
#4068 = CARTESIAN_POINT('',(29.86,4.32,0.));
#4069 = DIRECTION('',(-0.,-0.,-1.));
#4070 = DIRECTION('',(1.,0.,-0.));
#4071 = ADVANCED_FACE('',(#4072),#4099,.F.);
#4072 = FACE_BOUND('',#4073,.T.);
#4073 = EDGE_LOOP('',(#4074,#4084,#4091,#4092));
#4074 = ORIENTED_EDGE('',*,*,#4075,.T.);
#4075 = EDGE_CURVE('',#4076,#4078,#4080,.T.);
#4076 = VERTEX_POINT('',#4077);
#4077 = CARTESIAN_POINT('',(32.9,1.78,0.));
#4078 = VERTEX_POINT('',#4079);
#4079 = CARTESIAN_POINT('',(32.9,1.78,0.41148));
#4080 = LINE('',#4081,#4082);
#4081 = CARTESIAN_POINT('',(32.9,1.78,0.));
#4082 = VECTOR('',#4083,1.);
#4083 = DIRECTION('',(0.,0.,1.));
#4084 = ORIENTED_EDGE('',*,*,#4085,.T.);
#4085 = EDGE_CURVE('',#4078,#4078,#4086,.T.);
#4086 = CIRCLE('',#4087,0.5);
#4087 = AXIS2_PLACEMENT_3D('',#4088,#4089,#4090);
#4088 = CARTESIAN_POINT('',(32.4,1.78,0.41148));
#4089 = DIRECTION('',(0.,0.,1.));
#4090 = DIRECTION('',(1.,0.,-0.));
#4091 = ORIENTED_EDGE('',*,*,#4075,.F.);
#4092 = ORIENTED_EDGE('',*,*,#4093,.F.);
#4093 = EDGE_CURVE('',#4076,#4076,#4094,.T.);
#4094 = CIRCLE('',#4095,0.5);
#4095 = AXIS2_PLACEMENT_3D('',#4096,#4097,#4098);
#4096 = CARTESIAN_POINT('',(32.4,1.78,0.));
#4097 = DIRECTION('',(0.,0.,1.));
#4098 = DIRECTION('',(1.,0.,-0.));
#4099 = CYLINDRICAL_SURFACE('',#4100,0.5);
#4100 = AXIS2_PLACEMENT_3D('',#4101,#4102,#4103);
#4101 = CARTESIAN_POINT('',(32.4,1.78,0.));
#4102 = DIRECTION('',(-0.,-0.,-1.));
#4103 = DIRECTION('',(1.,0.,-0.));
#4104 = ADVANCED_FACE('',(#4105),#4132,.F.);
#4105 = FACE_BOUND('',#4106,.T.);
#4106 = EDGE_LOOP('',(#4107,#4117,#4124,#4125));
#4107 = ORIENTED_EDGE('',*,*,#4108,.T.);
#4108 = EDGE_CURVE('',#4109,#4111,#4113,.T.);
#4109 = VERTEX_POINT('',#4110);
#4110 = CARTESIAN_POINT('',(30.36,1.78,0.));
#4111 = VERTEX_POINT('',#4112);
#4112 = CARTESIAN_POINT('',(30.36,1.78,0.41148));
#4113 = LINE('',#4114,#4115);
#4114 = CARTESIAN_POINT('',(30.36,1.78,0.));
#4115 = VECTOR('',#4116,1.);
#4116 = DIRECTION('',(0.,0.,1.));
#4117 = ORIENTED_EDGE('',*,*,#4118,.T.);
#4118 = EDGE_CURVE('',#4111,#4111,#4119,.T.);
#4119 = CIRCLE('',#4120,0.5);
#4120 = AXIS2_PLACEMENT_3D('',#4121,#4122,#4123);
#4121 = CARTESIAN_POINT('',(29.86,1.78,0.41148));
#4122 = DIRECTION('',(0.,0.,1.));
#4123 = DIRECTION('',(1.,0.,-0.));
#4124 = ORIENTED_EDGE('',*,*,#4108,.F.);
#4125 = ORIENTED_EDGE('',*,*,#4126,.F.);
#4126 = EDGE_CURVE('',#4109,#4109,#4127,.T.);
#4127 = CIRCLE('',#4128,0.5);
#4128 = AXIS2_PLACEMENT_3D('',#4129,#4130,#4131);
#4129 = CARTESIAN_POINT('',(29.86,1.78,0.));
#4130 = DIRECTION('',(0.,0.,1.));
#4131 = DIRECTION('',(1.,0.,-0.));
#4132 = CYLINDRICAL_SURFACE('',#4133,0.5);
#4133 = AXIS2_PLACEMENT_3D('',#4134,#4135,#4136);
#4134 = CARTESIAN_POINT('',(29.86,1.78,0.));
#4135 = DIRECTION('',(-0.,-0.,-1.));
#4136 = DIRECTION('',(1.,0.,-0.));
#4137 = ADVANCED_FACE('',(#4138),#4165,.F.);
#4138 = FACE_BOUND('',#4139,.T.);
#4139 = EDGE_LOOP('',(#4140,#4150,#4157,#4158));
#4140 = ORIENTED_EDGE('',*,*,#4141,.T.);
#4141 = EDGE_CURVE('',#4142,#4144,#4146,.T.);
#4142 = VERTEX_POINT('',#4143);
#4143 = CARTESIAN_POINT('',(32.76,6.933,0.));
#4144 = VERTEX_POINT('',#4145);
#4145 = CARTESIAN_POINT('',(32.76,6.933,0.41148));
#4146 = LINE('',#4147,#4148);
#4147 = CARTESIAN_POINT('',(32.76,6.933,0.));
#4148 = VECTOR('',#4149,1.);
#4149 = DIRECTION('',(0.,0.,1.));
#4150 = ORIENTED_EDGE('',*,*,#4151,.T.);
#4151 = EDGE_CURVE('',#4144,#4144,#4152,.T.);
#4152 = CIRCLE('',#4153,0.5);
#4153 = AXIS2_PLACEMENT_3D('',#4154,#4155,#4156);
#4154 = CARTESIAN_POINT('',(32.26,6.933,0.41148));
#4155 = DIRECTION('',(0.,0.,1.));
#4156 = DIRECTION('',(1.,0.,-0.));
#4157 = ORIENTED_EDGE('',*,*,#4141,.F.);
#4158 = ORIENTED_EDGE('',*,*,#4159,.F.);
#4159 = EDGE_CURVE('',#4142,#4142,#4160,.T.);
#4160 = CIRCLE('',#4161,0.5);
#4161 = AXIS2_PLACEMENT_3D('',#4162,#4163,#4164);
#4162 = CARTESIAN_POINT('',(32.26,6.933,0.));
#4163 = DIRECTION('',(0.,0.,1.));
#4164 = DIRECTION('',(1.,0.,-0.));
#4165 = CYLINDRICAL_SURFACE('',#4166,0.5);
#4166 = AXIS2_PLACEMENT_3D('',#4167,#4168,#4169);
#4167 = CARTESIAN_POINT('',(32.26,6.933,0.));
#4168 = DIRECTION('',(-0.,-0.,-1.));
#4169 = DIRECTION('',(1.,0.,-0.));
#4170 = ADVANCED_FACE('',(#4171),#4198,.F.);
#4171 = FACE_BOUND('',#4172,.T.);
#4172 = EDGE_LOOP('',(#4173,#4183,#4190,#4191));
#4173 = ORIENTED_EDGE('',*,*,#4174,.T.);
#4174 = EDGE_CURVE('',#4175,#4177,#4179,.T.);
#4175 = VERTEX_POINT('',#4176);
#4176 = CARTESIAN_POINT('',(30.22,6.933,0.));
#4177 = VERTEX_POINT('',#4178);
#4178 = CARTESIAN_POINT('',(30.22,6.933,0.41148));
#4179 = LINE('',#4180,#4181);
#4180 = CARTESIAN_POINT('',(30.22,6.933,0.));
#4181 = VECTOR('',#4182,1.);
#4182 = DIRECTION('',(0.,0.,1.));
#4183 = ORIENTED_EDGE('',*,*,#4184,.T.);
#4184 = EDGE_CURVE('',#4177,#4177,#4185,.T.);
#4185 = CIRCLE('',#4186,0.5);
#4186 = AXIS2_PLACEMENT_3D('',#4187,#4188,#4189);
#4187 = CARTESIAN_POINT('',(29.72,6.933,0.41148));
#4188 = DIRECTION('',(0.,0.,1.));
#4189 = DIRECTION('',(1.,0.,-0.));
#4190 = ORIENTED_EDGE('',*,*,#4174,.F.);
#4191 = ORIENTED_EDGE('',*,*,#4192,.F.);
#4192 = EDGE_CURVE('',#4175,#4175,#4193,.T.);
#4193 = CIRCLE('',#4194,0.5);
#4194 = AXIS2_PLACEMENT_3D('',#4195,#4196,#4197);
#4195 = CARTESIAN_POINT('',(29.72,6.933,0.));
#4196 = DIRECTION('',(0.,0.,1.));
#4197 = DIRECTION('',(1.,0.,-0.));
#4198 = CYLINDRICAL_SURFACE('',#4199,0.5);
#4199 = AXIS2_PLACEMENT_3D('',#4200,#4201,#4202);
#4200 = CARTESIAN_POINT('',(29.72,6.933,0.));
#4201 = DIRECTION('',(-0.,-0.,-1.));
#4202 = DIRECTION('',(1.,0.,-0.));
#4203 = ADVANCED_FACE('',(#4204),#4231,.F.);
#4204 = FACE_BOUND('',#4205,.T.);
#4205 = EDGE_LOOP('',(#4206,#4216,#4223,#4224));
#4206 = ORIENTED_EDGE('',*,*,#4207,.T.);
#4207 = EDGE_CURVE('',#4208,#4210,#4212,.T.);
#4208 = VERTEX_POINT('',#4209);
#4209 = CARTESIAN_POINT('',(32.9,4.32,0.));
#4210 = VERTEX_POINT('',#4211);
#4211 = CARTESIAN_POINT('',(32.9,4.32,0.41148));
#4212 = LINE('',#4213,#4214);
#4213 = CARTESIAN_POINT('',(32.9,4.32,0.));
#4214 = VECTOR('',#4215,1.);
#4215 = DIRECTION('',(0.,0.,1.));
#4216 = ORIENTED_EDGE('',*,*,#4217,.T.);
#4217 = EDGE_CURVE('',#4210,#4210,#4218,.T.);
#4218 = CIRCLE('',#4219,0.5);
#4219 = AXIS2_PLACEMENT_3D('',#4220,#4221,#4222);
#4220 = CARTESIAN_POINT('',(32.4,4.32,0.41148));
#4221 = DIRECTION('',(0.,0.,1.));
#4222 = DIRECTION('',(1.,0.,-0.));
#4223 = ORIENTED_EDGE('',*,*,#4207,.F.);
#4224 = ORIENTED_EDGE('',*,*,#4225,.F.);
#4225 = EDGE_CURVE('',#4208,#4208,#4226,.T.);
#4226 = CIRCLE('',#4227,0.5);
#4227 = AXIS2_PLACEMENT_3D('',#4228,#4229,#4230);
#4228 = CARTESIAN_POINT('',(32.4,4.32,0.));
#4229 = DIRECTION('',(0.,0.,1.));
#4230 = DIRECTION('',(1.,0.,-0.));
#4231 = CYLINDRICAL_SURFACE('',#4232,0.5);
#4232 = AXIS2_PLACEMENT_3D('',#4233,#4234,#4235);
#4233 = CARTESIAN_POINT('',(32.4,4.32,0.));
#4234 = DIRECTION('',(-0.,-0.,-1.));
#4235 = DIRECTION('',(1.,0.,-0.));
#4236 = ADVANCED_FACE('',(#4237),#4264,.F.);
#4237 = FACE_BOUND('',#4238,.T.);
#4238 = EDGE_LOOP('',(#4239,#4249,#4256,#4257));
#4239 = ORIENTED_EDGE('',*,*,#4240,.T.);
#4240 = EDGE_CURVE('',#4241,#4243,#4245,.T.);
#4241 = VERTEX_POINT('',#4242);
#4242 = CARTESIAN_POINT('',(35.3,6.933,0.));
#4243 = VERTEX_POINT('',#4244);
#4244 = CARTESIAN_POINT('',(35.3,6.933,0.41148));
#4245 = LINE('',#4246,#4247);
#4246 = CARTESIAN_POINT('',(35.3,6.933,0.));
#4247 = VECTOR('',#4248,1.);
#4248 = DIRECTION('',(0.,0.,1.));
#4249 = ORIENTED_EDGE('',*,*,#4250,.T.);
#4250 = EDGE_CURVE('',#4243,#4243,#4251,.T.);
#4251 = CIRCLE('',#4252,0.5);
#4252 = AXIS2_PLACEMENT_3D('',#4253,#4254,#4255);
#4253 = CARTESIAN_POINT('',(34.8,6.933,0.41148));
#4254 = DIRECTION('',(0.,0.,1.));
#4255 = DIRECTION('',(1.,0.,-0.));
#4256 = ORIENTED_EDGE('',*,*,#4240,.F.);
#4257 = ORIENTED_EDGE('',*,*,#4258,.F.);
#4258 = EDGE_CURVE('',#4241,#4241,#4259,.T.);
#4259 = CIRCLE('',#4260,0.5);
#4260 = AXIS2_PLACEMENT_3D('',#4261,#4262,#4263);
#4261 = CARTESIAN_POINT('',(34.8,6.933,0.));
#4262 = DIRECTION('',(0.,0.,1.));
#4263 = DIRECTION('',(1.,0.,-0.));
#4264 = CYLINDRICAL_SURFACE('',#4265,0.5);
#4265 = AXIS2_PLACEMENT_3D('',#4266,#4267,#4268);
#4266 = CARTESIAN_POINT('',(34.8,6.933,0.));
#4267 = DIRECTION('',(-0.,-0.,-1.));
#4268 = DIRECTION('',(1.,0.,-0.));
#4269 = ADVANCED_FACE('',(#4270),#4297,.F.);
#4270 = FACE_BOUND('',#4271,.T.);
#4271 = EDGE_LOOP('',(#4272,#4282,#4289,#4290));
#4272 = ORIENTED_EDGE('',*,*,#4273,.T.);
#4273 = EDGE_CURVE('',#4274,#4276,#4278,.T.);
#4274 = VERTEX_POINT('',#4275);
#4275 = CARTESIAN_POINT('',(25.14,9.473,0.));
#4276 = VERTEX_POINT('',#4277);
#4277 = CARTESIAN_POINT('',(25.14,9.473,0.41148));
#4278 = LINE('',#4279,#4280);
#4279 = CARTESIAN_POINT('',(25.14,9.473,0.));
#4280 = VECTOR('',#4281,1.);
#4281 = DIRECTION('',(0.,0.,1.));
#4282 = ORIENTED_EDGE('',*,*,#4283,.T.);
#4283 = EDGE_CURVE('',#4276,#4276,#4284,.T.);
#4284 = CIRCLE('',#4285,0.5);
#4285 = AXIS2_PLACEMENT_3D('',#4286,#4287,#4288);
#4286 = CARTESIAN_POINT('',(24.64,9.473,0.41148));
#4287 = DIRECTION('',(0.,0.,1.));
#4288 = DIRECTION('',(1.,0.,-0.));
#4289 = ORIENTED_EDGE('',*,*,#4273,.F.);
#4290 = ORIENTED_EDGE('',*,*,#4291,.F.);
#4291 = EDGE_CURVE('',#4274,#4274,#4292,.T.);
#4292 = CIRCLE('',#4293,0.5);
#4293 = AXIS2_PLACEMENT_3D('',#4294,#4295,#4296);
#4294 = CARTESIAN_POINT('',(24.64,9.473,0.));
#4295 = DIRECTION('',(0.,0.,1.));
#4296 = DIRECTION('',(1.,0.,-0.));
#4297 = CYLINDRICAL_SURFACE('',#4298,0.5);
#4298 = AXIS2_PLACEMENT_3D('',#4299,#4300,#4301);
#4299 = CARTESIAN_POINT('',(24.64,9.473,0.));
#4300 = DIRECTION('',(-0.,-0.,-1.));
#4301 = DIRECTION('',(1.,0.,-0.));
#4302 = ADVANCED_FACE('',(#4303),#4330,.F.);
#4303 = FACE_BOUND('',#4304,.T.);
#4304 = EDGE_LOOP('',(#4305,#4315,#4322,#4323));
#4305 = ORIENTED_EDGE('',*,*,#4306,.T.);
#4306 = EDGE_CURVE('',#4307,#4309,#4311,.T.);
#4307 = VERTEX_POINT('',#4308);
#4308 = CARTESIAN_POINT('',(30.22,9.473,0.));
#4309 = VERTEX_POINT('',#4310);
#4310 = CARTESIAN_POINT('',(30.22,9.473,0.41148));
#4311 = LINE('',#4312,#4313);
#4312 = CARTESIAN_POINT('',(30.22,9.473,0.));
#4313 = VECTOR('',#4314,1.);
#4314 = DIRECTION('',(0.,0.,1.));
#4315 = ORIENTED_EDGE('',*,*,#4316,.T.);
#4316 = EDGE_CURVE('',#4309,#4309,#4317,.T.);
#4317 = CIRCLE('',#4318,0.5);
#4318 = AXIS2_PLACEMENT_3D('',#4319,#4320,#4321);
#4319 = CARTESIAN_POINT('',(29.72,9.473,0.41148));
#4320 = DIRECTION('',(0.,0.,1.));
#4321 = DIRECTION('',(1.,0.,-0.));
#4322 = ORIENTED_EDGE('',*,*,#4306,.F.);
#4323 = ORIENTED_EDGE('',*,*,#4324,.F.);
#4324 = EDGE_CURVE('',#4307,#4307,#4325,.T.);
#4325 = CIRCLE('',#4326,0.5);
#4326 = AXIS2_PLACEMENT_3D('',#4327,#4328,#4329);
#4327 = CARTESIAN_POINT('',(29.72,9.473,0.));
#4328 = DIRECTION('',(0.,0.,1.));
#4329 = DIRECTION('',(1.,0.,-0.));
#4330 = CYLINDRICAL_SURFACE('',#4331,0.5);
#4331 = AXIS2_PLACEMENT_3D('',#4332,#4333,#4334);
#4332 = CARTESIAN_POINT('',(29.72,9.473,0.));
#4333 = DIRECTION('',(-0.,-0.,-1.));
#4334 = DIRECTION('',(1.,0.,-0.));
#4335 = ADVANCED_FACE('',(#4336),#4363,.F.);
#4336 = FACE_BOUND('',#4337,.T.);
#4337 = EDGE_LOOP('',(#4338,#4348,#4355,#4356));
#4338 = ORIENTED_EDGE('',*,*,#4339,.T.);
#4339 = EDGE_CURVE('',#4340,#4342,#4344,.T.);
#4340 = VERTEX_POINT('',#4341);
#4341 = CARTESIAN_POINT('',(27.68,12.013,0.));
#4342 = VERTEX_POINT('',#4343);
#4343 = CARTESIAN_POINT('',(27.68,12.013,0.41148));
#4344 = LINE('',#4345,#4346);
#4345 = CARTESIAN_POINT('',(27.68,12.013,0.));
#4346 = VECTOR('',#4347,1.);
#4347 = DIRECTION('',(0.,0.,1.));
#4348 = ORIENTED_EDGE('',*,*,#4349,.T.);
#4349 = EDGE_CURVE('',#4342,#4342,#4350,.T.);
#4350 = CIRCLE('',#4351,0.5);
#4351 = AXIS2_PLACEMENT_3D('',#4352,#4353,#4354);
#4352 = CARTESIAN_POINT('',(27.18,12.013,0.41148));
#4353 = DIRECTION('',(0.,0.,1.));
#4354 = DIRECTION('',(1.,0.,-0.));
#4355 = ORIENTED_EDGE('',*,*,#4339,.F.);
#4356 = ORIENTED_EDGE('',*,*,#4357,.F.);
#4357 = EDGE_CURVE('',#4340,#4340,#4358,.T.);
#4358 = CIRCLE('',#4359,0.5);
#4359 = AXIS2_PLACEMENT_3D('',#4360,#4361,#4362);
#4360 = CARTESIAN_POINT('',(27.18,12.013,0.));
#4361 = DIRECTION('',(0.,0.,1.));
#4362 = DIRECTION('',(1.,0.,-0.));
#4363 = CYLINDRICAL_SURFACE('',#4364,0.5);
#4364 = AXIS2_PLACEMENT_3D('',#4365,#4366,#4367);
#4365 = CARTESIAN_POINT('',(27.18,12.013,0.));
#4366 = DIRECTION('',(-0.,-0.,-1.));
#4367 = DIRECTION('',(1.,0.,-0.));
#4368 = ADVANCED_FACE('',(#4369),#4396,.F.);
#4369 = FACE_BOUND('',#4370,.T.);
#4370 = EDGE_LOOP('',(#4371,#4381,#4388,#4389));
#4371 = ORIENTED_EDGE('',*,*,#4372,.T.);
#4372 = EDGE_CURVE('',#4373,#4375,#4377,.T.);
#4373 = VERTEX_POINT('',#4374);
#4374 = CARTESIAN_POINT('',(27.68,17.093,0.));
#4375 = VERTEX_POINT('',#4376);
#4376 = CARTESIAN_POINT('',(27.68,17.093,0.41148));
#4377 = LINE('',#4378,#4379);
#4378 = CARTESIAN_POINT('',(27.68,17.093,0.));
#4379 = VECTOR('',#4380,1.);
#4380 = DIRECTION('',(0.,0.,1.));
#4381 = ORIENTED_EDGE('',*,*,#4382,.T.);
#4382 = EDGE_CURVE('',#4375,#4375,#4383,.T.);
#4383 = CIRCLE('',#4384,0.5);
#4384 = AXIS2_PLACEMENT_3D('',#4385,#4386,#4387);
#4385 = CARTESIAN_POINT('',(27.18,17.093,0.41148));
#4386 = DIRECTION('',(0.,0.,1.));
#4387 = DIRECTION('',(1.,0.,-0.));
#4388 = ORIENTED_EDGE('',*,*,#4372,.F.);
#4389 = ORIENTED_EDGE('',*,*,#4390,.F.);
#4390 = EDGE_CURVE('',#4373,#4373,#4391,.T.);
#4391 = CIRCLE('',#4392,0.5);
#4392 = AXIS2_PLACEMENT_3D('',#4393,#4394,#4395);
#4393 = CARTESIAN_POINT('',(27.18,17.093,0.));
#4394 = DIRECTION('',(0.,0.,1.));
#4395 = DIRECTION('',(1.,0.,-0.));
#4396 = CYLINDRICAL_SURFACE('',#4397,0.5);
#4397 = AXIS2_PLACEMENT_3D('',#4398,#4399,#4400);
#4398 = CARTESIAN_POINT('',(27.18,17.093,0.));
#4399 = DIRECTION('',(-0.,-0.,-1.));
#4400 = DIRECTION('',(1.,0.,-0.));
#4401 = ADVANCED_FACE('',(#4402),#4429,.F.);
#4402 = FACE_BOUND('',#4403,.T.);
#4403 = EDGE_LOOP('',(#4404,#4414,#4421,#4422));
#4404 = ORIENTED_EDGE('',*,*,#4405,.T.);
#4405 = EDGE_CURVE('',#4406,#4408,#4410,.T.);
#4406 = VERTEX_POINT('',#4407);
#4407 = CARTESIAN_POINT('',(30.22,12.013,0.));
#4408 = VERTEX_POINT('',#4409);
#4409 = CARTESIAN_POINT('',(30.22,12.013,0.41148));
#4410 = LINE('',#4411,#4412);
#4411 = CARTESIAN_POINT('',(30.22,12.013,0.));
#4412 = VECTOR('',#4413,1.);
#4413 = DIRECTION('',(0.,0.,1.));
#4414 = ORIENTED_EDGE('',*,*,#4415,.T.);
#4415 = EDGE_CURVE('',#4408,#4408,#4416,.T.);
#4416 = CIRCLE('',#4417,0.5);
#4417 = AXIS2_PLACEMENT_3D('',#4418,#4419,#4420);
#4418 = CARTESIAN_POINT('',(29.72,12.013,0.41148));
#4419 = DIRECTION('',(0.,0.,1.));
#4420 = DIRECTION('',(1.,0.,-0.));
#4421 = ORIENTED_EDGE('',*,*,#4405,.F.);
#4422 = ORIENTED_EDGE('',*,*,#4423,.F.);
#4423 = EDGE_CURVE('',#4406,#4406,#4424,.T.);
#4424 = CIRCLE('',#4425,0.5);
#4425 = AXIS2_PLACEMENT_3D('',#4426,#4427,#4428);
#4426 = CARTESIAN_POINT('',(29.72,12.013,0.));
#4427 = DIRECTION('',(0.,0.,1.));
#4428 = DIRECTION('',(1.,0.,-0.));
#4429 = CYLINDRICAL_SURFACE('',#4430,0.5);
#4430 = AXIS2_PLACEMENT_3D('',#4431,#4432,#4433);
#4431 = CARTESIAN_POINT('',(29.72,12.013,0.));
#4432 = DIRECTION('',(-0.,-0.,-1.));
#4433 = DIRECTION('',(1.,0.,-0.));
#4434 = ADVANCED_FACE('',(#4435),#4462,.F.);
#4435 = FACE_BOUND('',#4436,.T.);
#4436 = EDGE_LOOP('',(#4437,#4447,#4454,#4455));
#4437 = ORIENTED_EDGE('',*,*,#4438,.T.);
#4438 = EDGE_CURVE('',#4439,#4441,#4443,.T.);
#4439 = VERTEX_POINT('',#4440);
#4440 = CARTESIAN_POINT('',(27.68,14.553,0.));
#4441 = VERTEX_POINT('',#4442);
#4442 = CARTESIAN_POINT('',(27.68,14.553,0.41148));
#4443 = LINE('',#4444,#4445);
#4444 = CARTESIAN_POINT('',(27.68,14.553,0.));
#4445 = VECTOR('',#4446,1.);
#4446 = DIRECTION('',(0.,0.,1.));
#4447 = ORIENTED_EDGE('',*,*,#4448,.T.);
#4448 = EDGE_CURVE('',#4441,#4441,#4449,.T.);
#4449 = CIRCLE('',#4450,0.5);
#4450 = AXIS2_PLACEMENT_3D('',#4451,#4452,#4453);
#4451 = CARTESIAN_POINT('',(27.18,14.553,0.41148));
#4452 = DIRECTION('',(0.,0.,1.));
#4453 = DIRECTION('',(1.,0.,-0.));
#4454 = ORIENTED_EDGE('',*,*,#4438,.F.);
#4455 = ORIENTED_EDGE('',*,*,#4456,.F.);
#4456 = EDGE_CURVE('',#4439,#4439,#4457,.T.);
#4457 = CIRCLE('',#4458,0.5);
#4458 = AXIS2_PLACEMENT_3D('',#4459,#4460,#4461);
#4459 = CARTESIAN_POINT('',(27.18,14.553,0.));
#4460 = DIRECTION('',(0.,0.,1.));
#4461 = DIRECTION('',(1.,0.,-0.));
#4462 = CYLINDRICAL_SURFACE('',#4463,0.5);
#4463 = AXIS2_PLACEMENT_3D('',#4464,#4465,#4466);
#4464 = CARTESIAN_POINT('',(27.18,14.553,0.));
#4465 = DIRECTION('',(-0.,-0.,-1.));
#4466 = DIRECTION('',(1.,0.,-0.));
#4467 = ADVANCED_FACE('',(#4468),#4495,.F.);
#4468 = FACE_BOUND('',#4469,.T.);
#4469 = EDGE_LOOP('',(#4470,#4480,#4487,#4488));
#4470 = ORIENTED_EDGE('',*,*,#4471,.T.);
#4471 = EDGE_CURVE('',#4472,#4474,#4476,.T.);
#4472 = VERTEX_POINT('',#4473);
#4473 = CARTESIAN_POINT('',(32.76,12.013,0.));
#4474 = VERTEX_POINT('',#4475);
#4475 = CARTESIAN_POINT('',(32.76,12.013,0.41148));
#4476 = LINE('',#4477,#4478);
#4477 = CARTESIAN_POINT('',(32.76,12.013,0.));
#4478 = VECTOR('',#4479,1.);
#4479 = DIRECTION('',(0.,0.,1.));
#4480 = ORIENTED_EDGE('',*,*,#4481,.T.);
#4481 = EDGE_CURVE('',#4474,#4474,#4482,.T.);
#4482 = CIRCLE('',#4483,0.5);
#4483 = AXIS2_PLACEMENT_3D('',#4484,#4485,#4486);
#4484 = CARTESIAN_POINT('',(32.26,12.013,0.41148));
#4485 = DIRECTION('',(0.,0.,1.));
#4486 = DIRECTION('',(1.,0.,-0.));
#4487 = ORIENTED_EDGE('',*,*,#4471,.F.);
#4488 = ORIENTED_EDGE('',*,*,#4489,.F.);
#4489 = EDGE_CURVE('',#4472,#4472,#4490,.T.);
#4490 = CIRCLE('',#4491,0.5);
#4491 = AXIS2_PLACEMENT_3D('',#4492,#4493,#4494);
#4492 = CARTESIAN_POINT('',(32.26,12.013,0.));
#4493 = DIRECTION('',(0.,0.,1.));
#4494 = DIRECTION('',(1.,0.,-0.));
#4495 = CYLINDRICAL_SURFACE('',#4496,0.5);
#4496 = AXIS2_PLACEMENT_3D('',#4497,#4498,#4499);
#4497 = CARTESIAN_POINT('',(32.26,12.013,0.));
#4498 = DIRECTION('',(-0.,-0.,-1.));
#4499 = DIRECTION('',(1.,0.,-0.));
#4500 = ADVANCED_FACE('',(#4501),#4528,.F.);
#4501 = FACE_BOUND('',#4502,.T.);
#4502 = EDGE_LOOP('',(#4503,#4513,#4520,#4521));
#4503 = ORIENTED_EDGE('',*,*,#4504,.T.);
#4504 = EDGE_CURVE('',#4505,#4507,#4509,.T.);
#4505 = VERTEX_POINT('',#4506);
#4506 = CARTESIAN_POINT('',(35.3,9.473,0.));
#4507 = VERTEX_POINT('',#4508);
#4508 = CARTESIAN_POINT('',(35.3,9.473,0.41148));
#4509 = LINE('',#4510,#4511);
#4510 = CARTESIAN_POINT('',(35.3,9.473,0.));
#4511 = VECTOR('',#4512,1.);
#4512 = DIRECTION('',(0.,0.,1.));
#4513 = ORIENTED_EDGE('',*,*,#4514,.T.);
#4514 = EDGE_CURVE('',#4507,#4507,#4515,.T.);
#4515 = CIRCLE('',#4516,0.5);
#4516 = AXIS2_PLACEMENT_3D('',#4517,#4518,#4519);
#4517 = CARTESIAN_POINT('',(34.8,9.473,0.41148));
#4518 = DIRECTION('',(0.,0.,1.));
#4519 = DIRECTION('',(1.,0.,-0.));
#4520 = ORIENTED_EDGE('',*,*,#4504,.F.);
#4521 = ORIENTED_EDGE('',*,*,#4522,.F.);
#4522 = EDGE_CURVE('',#4505,#4505,#4523,.T.);
#4523 = CIRCLE('',#4524,0.5);
#4524 = AXIS2_PLACEMENT_3D('',#4525,#4526,#4527);
#4525 = CARTESIAN_POINT('',(34.8,9.473,0.));
#4526 = DIRECTION('',(0.,0.,1.));
#4527 = DIRECTION('',(1.,0.,-0.));
#4528 = CYLINDRICAL_SURFACE('',#4529,0.5);
#4529 = AXIS2_PLACEMENT_3D('',#4530,#4531,#4532);
#4530 = CARTESIAN_POINT('',(34.8,9.473,0.));
#4531 = DIRECTION('',(-0.,-0.,-1.));
#4532 = DIRECTION('',(1.,0.,-0.));
#4533 = ADVANCED_FACE('',(#4534),#4561,.F.);
#4534 = FACE_BOUND('',#4535,.T.);
#4535 = EDGE_LOOP('',(#4536,#4546,#4553,#4554));
#4536 = ORIENTED_EDGE('',*,*,#4537,.T.);
#4537 = EDGE_CURVE('',#4538,#4540,#4542,.T.);
#4538 = VERTEX_POINT('',#4539);
#4539 = CARTESIAN_POINT('',(32.76,9.473,0.));
#4540 = VERTEX_POINT('',#4541);
#4541 = CARTESIAN_POINT('',(32.76,9.473,0.41148));
#4542 = LINE('',#4543,#4544);
#4543 = CARTESIAN_POINT('',(32.76,9.473,0.));
#4544 = VECTOR('',#4545,1.);
#4545 = DIRECTION('',(0.,0.,1.));
#4546 = ORIENTED_EDGE('',*,*,#4547,.T.);
#4547 = EDGE_CURVE('',#4540,#4540,#4548,.T.);
#4548 = CIRCLE('',#4549,0.5);
#4549 = AXIS2_PLACEMENT_3D('',#4550,#4551,#4552);
#4550 = CARTESIAN_POINT('',(32.26,9.473,0.41148));
#4551 = DIRECTION('',(0.,0.,1.));
#4552 = DIRECTION('',(1.,0.,-0.));
#4553 = ORIENTED_EDGE('',*,*,#4537,.F.);
#4554 = ORIENTED_EDGE('',*,*,#4555,.F.);
#4555 = EDGE_CURVE('',#4538,#4538,#4556,.T.);
#4556 = CIRCLE('',#4557,0.5);
#4557 = AXIS2_PLACEMENT_3D('',#4558,#4559,#4560);
#4558 = CARTESIAN_POINT('',(32.26,9.473,0.));
#4559 = DIRECTION('',(0.,0.,1.));
#4560 = DIRECTION('',(1.,0.,-0.));
#4561 = CYLINDRICAL_SURFACE('',#4562,0.5);
#4562 = AXIS2_PLACEMENT_3D('',#4563,#4564,#4565);
#4563 = CARTESIAN_POINT('',(32.26,9.473,0.));
#4564 = DIRECTION('',(-0.,-0.,-1.));
#4565 = DIRECTION('',(1.,0.,-0.));
#4566 = ADVANCED_FACE('',(#4567),#4594,.F.);
#4567 = FACE_BOUND('',#4568,.T.);
#4568 = EDGE_LOOP('',(#4569,#4579,#4586,#4587));
#4569 = ORIENTED_EDGE('',*,*,#4570,.T.);
#4570 = EDGE_CURVE('',#4571,#4573,#4575,.T.);
#4571 = VERTEX_POINT('',#4572);
#4572 = CARTESIAN_POINT('',(30.22,14.553,0.));
#4573 = VERTEX_POINT('',#4574);
#4574 = CARTESIAN_POINT('',(30.22,14.553,0.41148));
#4575 = LINE('',#4576,#4577);
#4576 = CARTESIAN_POINT('',(30.22,14.553,0.));
#4577 = VECTOR('',#4578,1.);
#4578 = DIRECTION('',(0.,0.,1.));
#4579 = ORIENTED_EDGE('',*,*,#4580,.T.);
#4580 = EDGE_CURVE('',#4573,#4573,#4581,.T.);
#4581 = CIRCLE('',#4582,0.5);
#4582 = AXIS2_PLACEMENT_3D('',#4583,#4584,#4585);
#4583 = CARTESIAN_POINT('',(29.72,14.553,0.41148));
#4584 = DIRECTION('',(0.,0.,1.));
#4585 = DIRECTION('',(1.,0.,-0.));
#4586 = ORIENTED_EDGE('',*,*,#4570,.F.);
#4587 = ORIENTED_EDGE('',*,*,#4588,.F.);
#4588 = EDGE_CURVE('',#4571,#4571,#4589,.T.);
#4589 = CIRCLE('',#4590,0.5);
#4590 = AXIS2_PLACEMENT_3D('',#4591,#4592,#4593);
#4591 = CARTESIAN_POINT('',(29.72,14.553,0.));
#4592 = DIRECTION('',(0.,0.,1.));
#4593 = DIRECTION('',(1.,0.,-0.));
#4594 = CYLINDRICAL_SURFACE('',#4595,0.5);
#4595 = AXIS2_PLACEMENT_3D('',#4596,#4597,#4598);
#4596 = CARTESIAN_POINT('',(29.72,14.553,0.));
#4597 = DIRECTION('',(-0.,-0.,-1.));
#4598 = DIRECTION('',(1.,0.,-0.));
#4599 = ADVANCED_FACE('',(#4600),#4627,.F.);
#4600 = FACE_BOUND('',#4601,.T.);
#4601 = EDGE_LOOP('',(#4602,#4612,#4619,#4620));
#4602 = ORIENTED_EDGE('',*,*,#4603,.T.);
#4603 = EDGE_CURVE('',#4604,#4606,#4608,.T.);
#4604 = VERTEX_POINT('',#4605);
#4605 = CARTESIAN_POINT('',(30.22,17.093,0.));
#4606 = VERTEX_POINT('',#4607);
#4607 = CARTESIAN_POINT('',(30.22,17.093,0.41148));
#4608 = LINE('',#4609,#4610);
#4609 = CARTESIAN_POINT('',(30.22,17.093,0.));
#4610 = VECTOR('',#4611,1.);
#4611 = DIRECTION('',(0.,0.,1.));
#4612 = ORIENTED_EDGE('',*,*,#4613,.T.);
#4613 = EDGE_CURVE('',#4606,#4606,#4614,.T.);
#4614 = CIRCLE('',#4615,0.5);
#4615 = AXIS2_PLACEMENT_3D('',#4616,#4617,#4618);
#4616 = CARTESIAN_POINT('',(29.72,17.093,0.41148));
#4617 = DIRECTION('',(0.,0.,1.));
#4618 = DIRECTION('',(1.,0.,-0.));
#4619 = ORIENTED_EDGE('',*,*,#4603,.F.);
#4620 = ORIENTED_EDGE('',*,*,#4621,.F.);
#4621 = EDGE_CURVE('',#4604,#4604,#4622,.T.);
#4622 = CIRCLE('',#4623,0.5);
#4623 = AXIS2_PLACEMENT_3D('',#4624,#4625,#4626);
#4624 = CARTESIAN_POINT('',(29.72,17.093,0.));
#4625 = DIRECTION('',(0.,0.,1.));
#4626 = DIRECTION('',(1.,0.,-0.));
#4627 = CYLINDRICAL_SURFACE('',#4628,0.5);
#4628 = AXIS2_PLACEMENT_3D('',#4629,#4630,#4631);
#4629 = CARTESIAN_POINT('',(29.72,17.093,0.));
#4630 = DIRECTION('',(-0.,-0.,-1.));
#4631 = DIRECTION('',(1.,0.,-0.));
#4632 = ADVANCED_FACE('',(#4633),#4660,.F.);
#4633 = FACE_BOUND('',#4634,.T.);
#4634 = EDGE_LOOP('',(#4635,#4645,#4652,#4653));
#4635 = ORIENTED_EDGE('',*,*,#4636,.T.);
#4636 = EDGE_CURVE('',#4637,#4639,#4641,.T.);
#4637 = VERTEX_POINT('',#4638);
#4638 = CARTESIAN_POINT('',(35.3,12.013,0.));
#4639 = VERTEX_POINT('',#4640);
#4640 = CARTESIAN_POINT('',(35.3,12.013,0.41148));
#4641 = LINE('',#4642,#4643);
#4642 = CARTESIAN_POINT('',(35.3,12.013,0.));
#4643 = VECTOR('',#4644,1.);
#4644 = DIRECTION('',(0.,0.,1.));
#4645 = ORIENTED_EDGE('',*,*,#4646,.T.);
#4646 = EDGE_CURVE('',#4639,#4639,#4647,.T.);
#4647 = CIRCLE('',#4648,0.5);
#4648 = AXIS2_PLACEMENT_3D('',#4649,#4650,#4651);
#4649 = CARTESIAN_POINT('',(34.8,12.013,0.41148));
#4650 = DIRECTION('',(0.,0.,1.));
#4651 = DIRECTION('',(1.,0.,-0.));
#4652 = ORIENTED_EDGE('',*,*,#4636,.F.);
#4653 = ORIENTED_EDGE('',*,*,#4654,.F.);
#4654 = EDGE_CURVE('',#4637,#4637,#4655,.T.);
#4655 = CIRCLE('',#4656,0.5);
#4656 = AXIS2_PLACEMENT_3D('',#4657,#4658,#4659);
#4657 = CARTESIAN_POINT('',(34.8,12.013,0.));
#4658 = DIRECTION('',(0.,0.,1.));
#4659 = DIRECTION('',(1.,0.,-0.));
#4660 = CYLINDRICAL_SURFACE('',#4661,0.5);
#4661 = AXIS2_PLACEMENT_3D('',#4662,#4663,#4664);
#4662 = CARTESIAN_POINT('',(34.8,12.013,0.));
#4663 = DIRECTION('',(-0.,-0.,-1.));
#4664 = DIRECTION('',(1.,0.,-0.));
#4665 = ADVANCED_FACE('',(#4666),#4693,.F.);
#4666 = FACE_BOUND('',#4667,.T.);
#4667 = EDGE_LOOP('',(#4668,#4678,#4685,#4686));
#4668 = ORIENTED_EDGE('',*,*,#4669,.T.);
#4669 = EDGE_CURVE('',#4670,#4672,#4674,.T.);
#4670 = VERTEX_POINT('',#4671);
#4671 = CARTESIAN_POINT('',(32.76,14.553,0.));
#4672 = VERTEX_POINT('',#4673);
#4673 = CARTESIAN_POINT('',(32.76,14.553,0.41148));
#4674 = LINE('',#4675,#4676);
#4675 = CARTESIAN_POINT('',(32.76,14.553,0.));
#4676 = VECTOR('',#4677,1.);
#4677 = DIRECTION('',(0.,0.,1.));
#4678 = ORIENTED_EDGE('',*,*,#4679,.T.);
#4679 = EDGE_CURVE('',#4672,#4672,#4680,.T.);
#4680 = CIRCLE('',#4681,0.5);
#4681 = AXIS2_PLACEMENT_3D('',#4682,#4683,#4684);
#4682 = CARTESIAN_POINT('',(32.26,14.553,0.41148));
#4683 = DIRECTION('',(0.,0.,1.));
#4684 = DIRECTION('',(1.,0.,-0.));
#4685 = ORIENTED_EDGE('',*,*,#4669,.F.);
#4686 = ORIENTED_EDGE('',*,*,#4687,.F.);
#4687 = EDGE_CURVE('',#4670,#4670,#4688,.T.);
#4688 = CIRCLE('',#4689,0.5);
#4689 = AXIS2_PLACEMENT_3D('',#4690,#4691,#4692);
#4690 = CARTESIAN_POINT('',(32.26,14.553,0.));
#4691 = DIRECTION('',(0.,0.,1.));
#4692 = DIRECTION('',(1.,0.,-0.));
#4693 = CYLINDRICAL_SURFACE('',#4694,0.5);
#4694 = AXIS2_PLACEMENT_3D('',#4695,#4696,#4697);
#4695 = CARTESIAN_POINT('',(32.26,14.553,0.));
#4696 = DIRECTION('',(-0.,-0.,-1.));
#4697 = DIRECTION('',(1.,0.,-0.));
#4698 = ADVANCED_FACE('',(#4699),#4726,.F.);
#4699 = FACE_BOUND('',#4700,.T.);
#4700 = EDGE_LOOP('',(#4701,#4711,#4718,#4719));
#4701 = ORIENTED_EDGE('',*,*,#4702,.T.);
#4702 = EDGE_CURVE('',#4703,#4705,#4707,.T.);
#4703 = VERTEX_POINT('',#4704);
#4704 = CARTESIAN_POINT('',(35.44,1.78,0.));
#4705 = VERTEX_POINT('',#4706);
#4706 = CARTESIAN_POINT('',(35.44,1.78,0.41148));
#4707 = LINE('',#4708,#4709);
#4708 = CARTESIAN_POINT('',(35.44,1.78,0.));
#4709 = VECTOR('',#4710,1.);
#4710 = DIRECTION('',(0.,0.,1.));
#4711 = ORIENTED_EDGE('',*,*,#4712,.T.);
#4712 = EDGE_CURVE('',#4705,#4705,#4713,.T.);
#4713 = CIRCLE('',#4714,0.5);
#4714 = AXIS2_PLACEMENT_3D('',#4715,#4716,#4717);
#4715 = CARTESIAN_POINT('',(34.94,1.78,0.41148));
#4716 = DIRECTION('',(0.,0.,1.));
#4717 = DIRECTION('',(1.,0.,-0.));
#4718 = ORIENTED_EDGE('',*,*,#4702,.F.);
#4719 = ORIENTED_EDGE('',*,*,#4720,.F.);
#4720 = EDGE_CURVE('',#4703,#4703,#4721,.T.);
#4721 = CIRCLE('',#4722,0.5);
#4722 = AXIS2_PLACEMENT_3D('',#4723,#4724,#4725);
#4723 = CARTESIAN_POINT('',(34.94,1.78,0.));
#4724 = DIRECTION('',(0.,0.,1.));
#4725 = DIRECTION('',(1.,0.,-0.));
#4726 = CYLINDRICAL_SURFACE('',#4727,0.5);
#4727 = AXIS2_PLACEMENT_3D('',#4728,#4729,#4730);
#4728 = CARTESIAN_POINT('',(34.94,1.78,0.));
#4729 = DIRECTION('',(-0.,-0.,-1.));
#4730 = DIRECTION('',(1.,0.,-0.));
#4731 = ADVANCED_FACE('',(#4732),#4759,.F.);
#4732 = FACE_BOUND('',#4733,.T.);
#4733 = EDGE_LOOP('',(#4734,#4744,#4751,#4752));
#4734 = ORIENTED_EDGE('',*,*,#4735,.T.);
#4735 = EDGE_CURVE('',#4736,#4738,#4740,.T.);
#4736 = VERTEX_POINT('',#4737);
#4737 = CARTESIAN_POINT('',(37.98,1.78,0.));
#4738 = VERTEX_POINT('',#4739);
#4739 = CARTESIAN_POINT('',(37.98,1.78,0.41148));
#4740 = LINE('',#4741,#4742);
#4741 = CARTESIAN_POINT('',(37.98,1.78,0.));
#4742 = VECTOR('',#4743,1.);
#4743 = DIRECTION('',(0.,0.,1.));
#4744 = ORIENTED_EDGE('',*,*,#4745,.T.);
#4745 = EDGE_CURVE('',#4738,#4738,#4746,.T.);
#4746 = CIRCLE('',#4747,0.5);
#4747 = AXIS2_PLACEMENT_3D('',#4748,#4749,#4750);
#4748 = CARTESIAN_POINT('',(37.48,1.78,0.41148));
#4749 = DIRECTION('',(0.,0.,1.));
#4750 = DIRECTION('',(1.,0.,-0.));
#4751 = ORIENTED_EDGE('',*,*,#4735,.F.);
#4752 = ORIENTED_EDGE('',*,*,#4753,.F.);
#4753 = EDGE_CURVE('',#4736,#4736,#4754,.T.);
#4754 = CIRCLE('',#4755,0.5);
#4755 = AXIS2_PLACEMENT_3D('',#4756,#4757,#4758);
#4756 = CARTESIAN_POINT('',(37.48,1.78,0.));
#4757 = DIRECTION('',(0.,0.,1.));
#4758 = DIRECTION('',(1.,0.,-0.));
#4759 = CYLINDRICAL_SURFACE('',#4760,0.5);
#4760 = AXIS2_PLACEMENT_3D('',#4761,#4762,#4763);
#4761 = CARTESIAN_POINT('',(37.48,1.78,0.));
#4762 = DIRECTION('',(-0.,-0.,-1.));
#4763 = DIRECTION('',(1.,0.,-0.));
#4764 = ADVANCED_FACE('',(#4765),#4792,.F.);
#4765 = FACE_BOUND('',#4766,.T.);
#4766 = EDGE_LOOP('',(#4767,#4777,#4784,#4785));
#4767 = ORIENTED_EDGE('',*,*,#4768,.T.);
#4768 = EDGE_CURVE('',#4769,#4771,#4773,.T.);
#4769 = VERTEX_POINT('',#4770);
#4770 = CARTESIAN_POINT('',(37.98,4.32,0.));
#4771 = VERTEX_POINT('',#4772);
#4772 = CARTESIAN_POINT('',(37.98,4.32,0.41148));
#4773 = LINE('',#4774,#4775);
#4774 = CARTESIAN_POINT('',(37.98,4.32,0.));
#4775 = VECTOR('',#4776,1.);
#4776 = DIRECTION('',(0.,0.,1.));
#4777 = ORIENTED_EDGE('',*,*,#4778,.T.);
#4778 = EDGE_CURVE('',#4771,#4771,#4779,.T.);
#4779 = CIRCLE('',#4780,0.5);
#4780 = AXIS2_PLACEMENT_3D('',#4781,#4782,#4783);
#4781 = CARTESIAN_POINT('',(37.48,4.32,0.41148));
#4782 = DIRECTION('',(0.,0.,1.));
#4783 = DIRECTION('',(1.,0.,-0.));
#4784 = ORIENTED_EDGE('',*,*,#4768,.F.);
#4785 = ORIENTED_EDGE('',*,*,#4786,.F.);
#4786 = EDGE_CURVE('',#4769,#4769,#4787,.T.);
#4787 = CIRCLE('',#4788,0.5);
#4788 = AXIS2_PLACEMENT_3D('',#4789,#4790,#4791);
#4789 = CARTESIAN_POINT('',(37.48,4.32,0.));
#4790 = DIRECTION('',(0.,0.,1.));
#4791 = DIRECTION('',(1.,0.,-0.));
#4792 = CYLINDRICAL_SURFACE('',#4793,0.5);
#4793 = AXIS2_PLACEMENT_3D('',#4794,#4795,#4796);
#4794 = CARTESIAN_POINT('',(37.48,4.32,0.));
#4795 = DIRECTION('',(-0.,-0.,-1.));
#4796 = DIRECTION('',(1.,0.,-0.));
#4797 = ADVANCED_FACE('',(#4798),#4825,.F.);
#4798 = FACE_BOUND('',#4799,.T.);
#4799 = EDGE_LOOP('',(#4800,#4810,#4817,#4818));
#4800 = ORIENTED_EDGE('',*,*,#4801,.T.);
#4801 = EDGE_CURVE('',#4802,#4804,#4806,.T.);
#4802 = VERTEX_POINT('',#4803);
#4803 = CARTESIAN_POINT('',(35.44,4.32,0.));
#4804 = VERTEX_POINT('',#4805);
#4805 = CARTESIAN_POINT('',(35.44,4.32,0.41148));
#4806 = LINE('',#4807,#4808);
#4807 = CARTESIAN_POINT('',(35.44,4.32,0.));
#4808 = VECTOR('',#4809,1.);
#4809 = DIRECTION('',(0.,0.,1.));
#4810 = ORIENTED_EDGE('',*,*,#4811,.T.);
#4811 = EDGE_CURVE('',#4804,#4804,#4812,.T.);
#4812 = CIRCLE('',#4813,0.5);
#4813 = AXIS2_PLACEMENT_3D('',#4814,#4815,#4816);
#4814 = CARTESIAN_POINT('',(34.94,4.32,0.41148));
#4815 = DIRECTION('',(0.,0.,1.));
#4816 = DIRECTION('',(1.,0.,-0.));
#4817 = ORIENTED_EDGE('',*,*,#4801,.F.);
#4818 = ORIENTED_EDGE('',*,*,#4819,.F.);
#4819 = EDGE_CURVE('',#4802,#4802,#4820,.T.);
#4820 = CIRCLE('',#4821,0.5);
#4821 = AXIS2_PLACEMENT_3D('',#4822,#4823,#4824);
#4822 = CARTESIAN_POINT('',(34.94,4.32,0.));
#4823 = DIRECTION('',(0.,0.,1.));
#4824 = DIRECTION('',(1.,0.,-0.));
#4825 = CYLINDRICAL_SURFACE('',#4826,0.5);
#4826 = AXIS2_PLACEMENT_3D('',#4827,#4828,#4829);
#4827 = CARTESIAN_POINT('',(34.94,4.32,0.));
#4828 = DIRECTION('',(-0.,-0.,-1.));
#4829 = DIRECTION('',(1.,0.,-0.));
#4830 = ADVANCED_FACE('',(#4831),#4858,.F.);
#4831 = FACE_BOUND('',#4832,.T.);
#4832 = EDGE_LOOP('',(#4833,#4843,#4850,#4851));
#4833 = ORIENTED_EDGE('',*,*,#4834,.T.);
#4834 = EDGE_CURVE('',#4835,#4837,#4839,.T.);
#4835 = VERTEX_POINT('',#4836);
#4836 = CARTESIAN_POINT('',(37.84,6.933,0.));
#4837 = VERTEX_POINT('',#4838);
#4838 = CARTESIAN_POINT('',(37.84,6.933,0.41148));
#4839 = LINE('',#4840,#4841);
#4840 = CARTESIAN_POINT('',(37.84,6.933,0.));
#4841 = VECTOR('',#4842,1.);
#4842 = DIRECTION('',(0.,0.,1.));
#4843 = ORIENTED_EDGE('',*,*,#4844,.T.);
#4844 = EDGE_CURVE('',#4837,#4837,#4845,.T.);
#4845 = CIRCLE('',#4846,0.5);
#4846 = AXIS2_PLACEMENT_3D('',#4847,#4848,#4849);
#4847 = CARTESIAN_POINT('',(37.34,6.933,0.41148));
#4848 = DIRECTION('',(0.,0.,1.));
#4849 = DIRECTION('',(1.,0.,-0.));
#4850 = ORIENTED_EDGE('',*,*,#4834,.F.);
#4851 = ORIENTED_EDGE('',*,*,#4852,.F.);
#4852 = EDGE_CURVE('',#4835,#4835,#4853,.T.);
#4853 = CIRCLE('',#4854,0.5);
#4854 = AXIS2_PLACEMENT_3D('',#4855,#4856,#4857);
#4855 = CARTESIAN_POINT('',(37.34,6.933,0.));
#4856 = DIRECTION('',(0.,0.,1.));
#4857 = DIRECTION('',(1.,0.,-0.));
#4858 = CYLINDRICAL_SURFACE('',#4859,0.5);
#4859 = AXIS2_PLACEMENT_3D('',#4860,#4861,#4862);
#4860 = CARTESIAN_POINT('',(37.34,6.933,0.));
#4861 = DIRECTION('',(-0.,-0.,-1.));
#4862 = DIRECTION('',(1.,0.,-0.));
#4863 = ADVANCED_FACE('',(#4864),#4891,.F.);
#4864 = FACE_BOUND('',#4865,.T.);
#4865 = EDGE_LOOP('',(#4866,#4876,#4883,#4884));
#4866 = ORIENTED_EDGE('',*,*,#4867,.T.);
#4867 = EDGE_CURVE('',#4868,#4870,#4872,.T.);
#4868 = VERTEX_POINT('',#4869);
#4869 = CARTESIAN_POINT('',(37.84,9.473,0.));
#4870 = VERTEX_POINT('',#4871);
#4871 = CARTESIAN_POINT('',(37.84,9.473,0.41148));
#4872 = LINE('',#4873,#4874);
#4873 = CARTESIAN_POINT('',(37.84,9.473,0.));
#4874 = VECTOR('',#4875,1.);
#4875 = DIRECTION('',(0.,0.,1.));
#4876 = ORIENTED_EDGE('',*,*,#4877,.T.);
#4877 = EDGE_CURVE('',#4870,#4870,#4878,.T.);
#4878 = CIRCLE('',#4879,0.5);
#4879 = AXIS2_PLACEMENT_3D('',#4880,#4881,#4882);
#4880 = CARTESIAN_POINT('',(37.34,9.473,0.41148));
#4881 = DIRECTION('',(0.,0.,1.));
#4882 = DIRECTION('',(1.,0.,-0.));
#4883 = ORIENTED_EDGE('',*,*,#4867,.F.);
#4884 = ORIENTED_EDGE('',*,*,#4885,.F.);
#4885 = EDGE_CURVE('',#4868,#4868,#4886,.T.);
#4886 = CIRCLE('',#4887,0.5);
#4887 = AXIS2_PLACEMENT_3D('',#4888,#4889,#4890);
#4888 = CARTESIAN_POINT('',(37.34,9.473,0.));
#4889 = DIRECTION('',(0.,0.,1.));
#4890 = DIRECTION('',(1.,0.,-0.));
#4891 = CYLINDRICAL_SURFACE('',#4892,0.5);
#4892 = AXIS2_PLACEMENT_3D('',#4893,#4894,#4895);
#4893 = CARTESIAN_POINT('',(37.34,9.473,0.));
#4894 = DIRECTION('',(-0.,-0.,-1.));
#4895 = DIRECTION('',(1.,0.,-0.));
#4896 = ADVANCED_FACE('',(#4897),#4924,.F.);
#4897 = FACE_BOUND('',#4898,.T.);
#4898 = EDGE_LOOP('',(#4899,#4909,#4916,#4917));
#4899 = ORIENTED_EDGE('',*,*,#4900,.T.);
#4900 = EDGE_CURVE('',#4901,#4903,#4905,.T.);
#4901 = VERTEX_POINT('',#4902);
#4902 = CARTESIAN_POINT('',(40.52,1.78,0.));
#4903 = VERTEX_POINT('',#4904);
#4904 = CARTESIAN_POINT('',(40.52,1.78,0.41148));
#4905 = LINE('',#4906,#4907);
#4906 = CARTESIAN_POINT('',(40.52,1.78,0.));
#4907 = VECTOR('',#4908,1.);
#4908 = DIRECTION('',(0.,0.,1.));
#4909 = ORIENTED_EDGE('',*,*,#4910,.T.);
#4910 = EDGE_CURVE('',#4903,#4903,#4911,.T.);
#4911 = CIRCLE('',#4912,0.5);
#4912 = AXIS2_PLACEMENT_3D('',#4913,#4914,#4915);
#4913 = CARTESIAN_POINT('',(40.02,1.78,0.41148));
#4914 = DIRECTION('',(0.,0.,1.));
#4915 = DIRECTION('',(1.,0.,-0.));
#4916 = ORIENTED_EDGE('',*,*,#4900,.F.);
#4917 = ORIENTED_EDGE('',*,*,#4918,.F.);
#4918 = EDGE_CURVE('',#4901,#4901,#4919,.T.);
#4919 = CIRCLE('',#4920,0.5);
#4920 = AXIS2_PLACEMENT_3D('',#4921,#4922,#4923);
#4921 = CARTESIAN_POINT('',(40.02,1.78,0.));
#4922 = DIRECTION('',(0.,0.,1.));
#4923 = DIRECTION('',(1.,0.,-0.));
#4924 = CYLINDRICAL_SURFACE('',#4925,0.5);
#4925 = AXIS2_PLACEMENT_3D('',#4926,#4927,#4928);
#4926 = CARTESIAN_POINT('',(40.02,1.78,0.));
#4927 = DIRECTION('',(-0.,-0.,-1.));
#4928 = DIRECTION('',(1.,0.,-0.));
#4929 = ADVANCED_FACE('',(#4930),#4957,.F.);
#4930 = FACE_BOUND('',#4931,.T.);
#4931 = EDGE_LOOP('',(#4932,#4942,#4949,#4950));
#4932 = ORIENTED_EDGE('',*,*,#4933,.T.);
#4933 = EDGE_CURVE('',#4934,#4936,#4938,.T.);
#4934 = VERTEX_POINT('',#4935);
#4935 = CARTESIAN_POINT('',(40.52,4.32,0.));
#4936 = VERTEX_POINT('',#4937);
#4937 = CARTESIAN_POINT('',(40.52,4.32,0.41148));
#4938 = LINE('',#4939,#4940);
#4939 = CARTESIAN_POINT('',(40.52,4.32,0.));
#4940 = VECTOR('',#4941,1.);
#4941 = DIRECTION('',(0.,0.,1.));
#4942 = ORIENTED_EDGE('',*,*,#4943,.T.);
#4943 = EDGE_CURVE('',#4936,#4936,#4944,.T.);
#4944 = CIRCLE('',#4945,0.5);
#4945 = AXIS2_PLACEMENT_3D('',#4946,#4947,#4948);
#4946 = CARTESIAN_POINT('',(40.02,4.32,0.41148));
#4947 = DIRECTION('',(0.,0.,1.));
#4948 = DIRECTION('',(1.,0.,-0.));
#4949 = ORIENTED_EDGE('',*,*,#4933,.F.);
#4950 = ORIENTED_EDGE('',*,*,#4951,.F.);
#4951 = EDGE_CURVE('',#4934,#4934,#4952,.T.);
#4952 = CIRCLE('',#4953,0.5);
#4953 = AXIS2_PLACEMENT_3D('',#4954,#4955,#4956);
#4954 = CARTESIAN_POINT('',(40.02,4.32,0.));
#4955 = DIRECTION('',(0.,0.,1.));
#4956 = DIRECTION('',(1.,0.,-0.));
#4957 = CYLINDRICAL_SURFACE('',#4958,0.5);
#4958 = AXIS2_PLACEMENT_3D('',#4959,#4960,#4961);
#4959 = CARTESIAN_POINT('',(40.02,4.32,0.));
#4960 = DIRECTION('',(-0.,-0.,-1.));
#4961 = DIRECTION('',(1.,0.,-0.));
#4962 = ADVANCED_FACE('',(#4963),#4990,.F.);
#4963 = FACE_BOUND('',#4964,.T.);
#4964 = EDGE_LOOP('',(#4965,#4975,#4982,#4983));
#4965 = ORIENTED_EDGE('',*,*,#4966,.T.);
#4966 = EDGE_CURVE('',#4967,#4969,#4971,.T.);
#4967 = VERTEX_POINT('',#4968);
#4968 = CARTESIAN_POINT('',(45.9,7.8,0.));
#4969 = VERTEX_POINT('',#4970);
#4970 = CARTESIAN_POINT('',(45.9,7.8,0.41148));
#4971 = LINE('',#4972,#4973);
#4972 = CARTESIAN_POINT('',(45.9,7.8,0.));
#4973 = VECTOR('',#4974,1.);
#4974 = DIRECTION('',(0.,0.,1.));
#4975 = ORIENTED_EDGE('',*,*,#4976,.T.);
#4976 = EDGE_CURVE('',#4969,#4969,#4977,.T.);
#4977 = CIRCLE('',#4978,1.6);
#4978 = AXIS2_PLACEMENT_3D('',#4979,#4980,#4981);
#4979 = CARTESIAN_POINT('',(44.3,7.8,0.41148));
#4980 = DIRECTION('',(0.,0.,1.));
#4981 = DIRECTION('',(1.,0.,-0.));
#4982 = ORIENTED_EDGE('',*,*,#4966,.F.);
#4983 = ORIENTED_EDGE('',*,*,#4984,.F.);
#4984 = EDGE_CURVE('',#4967,#4967,#4985,.T.);
#4985 = CIRCLE('',#4986,1.6);
#4986 = AXIS2_PLACEMENT_3D('',#4987,#4988,#4989);
#4987 = CARTESIAN_POINT('',(44.3,7.8,0.));
#4988 = DIRECTION('',(0.,0.,1.));
#4989 = DIRECTION('',(1.,0.,-0.));
#4990 = CYLINDRICAL_SURFACE('',#4991,1.6);
#4991 = AXIS2_PLACEMENT_3D('',#4992,#4993,#4994);
#4992 = CARTESIAN_POINT('',(44.3,7.8,0.));
#4993 = DIRECTION('',(-0.,-0.,-1.));
#4994 = DIRECTION('',(1.,0.,-0.));
#4995 = ADVANCED_FACE('',(#4996),#5023,.F.);
#4996 = FACE_BOUND('',#4997,.T.);
#4997 = EDGE_LOOP('',(#4998,#5008,#5015,#5016));
#4998 = ORIENTED_EDGE('',*,*,#4999,.T.);
#4999 = EDGE_CURVE('',#5000,#5002,#5004,.T.);
#5000 = VERTEX_POINT('',#5001);
#5001 = CARTESIAN_POINT('',(40.38,6.933,0.));
#5002 = VERTEX_POINT('',#5003);
#5003 = CARTESIAN_POINT('',(40.38,6.933,0.41148));
#5004 = LINE('',#5005,#5006);
#5005 = CARTESIAN_POINT('',(40.38,6.933,0.));
#5006 = VECTOR('',#5007,1.);
#5007 = DIRECTION('',(0.,0.,1.));
#5008 = ORIENTED_EDGE('',*,*,#5009,.T.);
#5009 = EDGE_CURVE('',#5002,#5002,#5010,.T.);
#5010 = CIRCLE('',#5011,0.5);
#5011 = AXIS2_PLACEMENT_3D('',#5012,#5013,#5014);
#5012 = CARTESIAN_POINT('',(39.88,6.933,0.41148));
#5013 = DIRECTION('',(0.,0.,1.));
#5014 = DIRECTION('',(1.,0.,-0.));
#5015 = ORIENTED_EDGE('',*,*,#4999,.F.);
#5016 = ORIENTED_EDGE('',*,*,#5017,.F.);
#5017 = EDGE_CURVE('',#5000,#5000,#5018,.T.);
#5018 = CIRCLE('',#5019,0.5);
#5019 = AXIS2_PLACEMENT_3D('',#5020,#5021,#5022);
#5020 = CARTESIAN_POINT('',(39.88,6.933,0.));
#5021 = DIRECTION('',(0.,0.,1.));
#5022 = DIRECTION('',(1.,0.,-0.));
#5023 = CYLINDRICAL_SURFACE('',#5024,0.5);
#5024 = AXIS2_PLACEMENT_3D('',#5025,#5026,#5027);
#5025 = CARTESIAN_POINT('',(39.88,6.933,0.));
#5026 = DIRECTION('',(-0.,-0.,-1.));
#5027 = DIRECTION('',(1.,0.,-0.));
#5028 = ADVANCED_FACE('',(#5029),#5056,.F.);
#5029 = FACE_BOUND('',#5030,.T.);
#5030 = EDGE_LOOP('',(#5031,#5041,#5048,#5049));
#5031 = ORIENTED_EDGE('',*,*,#5032,.T.);
#5032 = EDGE_CURVE('',#5033,#5035,#5037,.T.);
#5033 = VERTEX_POINT('',#5034);
#5034 = CARTESIAN_POINT('',(40.38,9.473,0.));
#5035 = VERTEX_POINT('',#5036);
#5036 = CARTESIAN_POINT('',(40.38,9.473,0.41148));
#5037 = LINE('',#5038,#5039);
#5038 = CARTESIAN_POINT('',(40.38,9.473,0.));
#5039 = VECTOR('',#5040,1.);
#5040 = DIRECTION('',(0.,0.,1.));
#5041 = ORIENTED_EDGE('',*,*,#5042,.T.);
#5042 = EDGE_CURVE('',#5035,#5035,#5043,.T.);
#5043 = CIRCLE('',#5044,0.5);
#5044 = AXIS2_PLACEMENT_3D('',#5045,#5046,#5047);
#5045 = CARTESIAN_POINT('',(39.88,9.473,0.41148));
#5046 = DIRECTION('',(0.,0.,1.));
#5047 = DIRECTION('',(1.,0.,-0.));
#5048 = ORIENTED_EDGE('',*,*,#5032,.F.);
#5049 = ORIENTED_EDGE('',*,*,#5050,.F.);
#5050 = EDGE_CURVE('',#5033,#5033,#5051,.T.);
#5051 = CIRCLE('',#5052,0.5);
#5052 = AXIS2_PLACEMENT_3D('',#5053,#5054,#5055);
#5053 = CARTESIAN_POINT('',(39.88,9.473,0.));
#5054 = DIRECTION('',(0.,0.,1.));
#5055 = DIRECTION('',(1.,0.,-0.));
#5056 = CYLINDRICAL_SURFACE('',#5057,0.5);
#5057 = AXIS2_PLACEMENT_3D('',#5058,#5059,#5060);
#5058 = CARTESIAN_POINT('',(39.88,9.473,0.));
#5059 = DIRECTION('',(-0.,-0.,-1.));
#5060 = DIRECTION('',(1.,0.,-0.));
#5061 = ADVANCED_FACE('',(#5062),#5089,.F.);
#5062 = FACE_BOUND('',#5063,.T.);
#5063 = EDGE_LOOP('',(#5064,#5074,#5081,#5082));
#5064 = ORIENTED_EDGE('',*,*,#5065,.T.);
#5065 = EDGE_CURVE('',#5066,#5068,#5070,.T.);
#5066 = VERTEX_POINT('',#5067);
#5067 = CARTESIAN_POINT('',(45.46,12.013,0.));
#5068 = VERTEX_POINT('',#5069);
#5069 = CARTESIAN_POINT('',(45.46,12.013,0.41148));
#5070 = LINE('',#5071,#5072);
#5071 = CARTESIAN_POINT('',(45.46,12.013,0.));
#5072 = VECTOR('',#5073,1.);
#5073 = DIRECTION('',(0.,0.,1.));
#5074 = ORIENTED_EDGE('',*,*,#5075,.T.);
#5075 = EDGE_CURVE('',#5068,#5068,#5076,.T.);
#5076 = CIRCLE('',#5077,0.5);
#5077 = AXIS2_PLACEMENT_3D('',#5078,#5079,#5080);
#5078 = CARTESIAN_POINT('',(44.96,12.013,0.41148));
#5079 = DIRECTION('',(0.,0.,1.));
#5080 = DIRECTION('',(1.,0.,-0.));
#5081 = ORIENTED_EDGE('',*,*,#5065,.F.);
#5082 = ORIENTED_EDGE('',*,*,#5083,.F.);
#5083 = EDGE_CURVE('',#5066,#5066,#5084,.T.);
#5084 = CIRCLE('',#5085,0.5);
#5085 = AXIS2_PLACEMENT_3D('',#5086,#5087,#5088);
#5086 = CARTESIAN_POINT('',(44.96,12.013,0.));
#5087 = DIRECTION('',(0.,0.,1.));
#5088 = DIRECTION('',(1.,0.,-0.));
#5089 = CYLINDRICAL_SURFACE('',#5090,0.5);
#5090 = AXIS2_PLACEMENT_3D('',#5091,#5092,#5093);
#5091 = CARTESIAN_POINT('',(44.96,12.013,0.));
#5092 = DIRECTION('',(-0.,-0.,-1.));
#5093 = DIRECTION('',(1.,0.,-0.));
#5094 = ADVANCED_FACE('',(#5095),#5122,.F.);
#5095 = FACE_BOUND('',#5096,.T.);
#5096 = EDGE_LOOP('',(#5097,#5107,#5114,#5115));
#5097 = ORIENTED_EDGE('',*,*,#5098,.T.);
#5098 = EDGE_CURVE('',#5099,#5101,#5103,.T.);
#5099 = VERTEX_POINT('',#5100);
#5100 = CARTESIAN_POINT('',(40.38,12.013,0.));
#5101 = VERTEX_POINT('',#5102);
#5102 = CARTESIAN_POINT('',(40.38,12.013,0.41148));
#5103 = LINE('',#5104,#5105);
#5104 = CARTESIAN_POINT('',(40.38,12.013,0.));
#5105 = VECTOR('',#5106,1.);
#5106 = DIRECTION('',(0.,0.,1.));
#5107 = ORIENTED_EDGE('',*,*,#5108,.T.);
#5108 = EDGE_CURVE('',#5101,#5101,#5109,.T.);
#5109 = CIRCLE('',#5110,0.5);
#5110 = AXIS2_PLACEMENT_3D('',#5111,#5112,#5113);
#5111 = CARTESIAN_POINT('',(39.88,12.013,0.41148));
#5112 = DIRECTION('',(0.,0.,1.));
#5113 = DIRECTION('',(1.,0.,-0.));
#5114 = ORIENTED_EDGE('',*,*,#5098,.F.);
#5115 = ORIENTED_EDGE('',*,*,#5116,.F.);
#5116 = EDGE_CURVE('',#5099,#5099,#5117,.T.);
#5117 = CIRCLE('',#5118,0.5);
#5118 = AXIS2_PLACEMENT_3D('',#5119,#5120,#5121);
#5119 = CARTESIAN_POINT('',(39.88,12.013,0.));
#5120 = DIRECTION('',(0.,0.,1.));
#5121 = DIRECTION('',(1.,0.,-0.));
#5122 = CYLINDRICAL_SURFACE('',#5123,0.5);
#5123 = AXIS2_PLACEMENT_3D('',#5124,#5125,#5126);
#5124 = CARTESIAN_POINT('',(39.88,12.013,0.));
#5125 = DIRECTION('',(-0.,-0.,-1.));
#5126 = DIRECTION('',(1.,0.,-0.));
#5127 = ADVANCED_FACE('',(#5128),#5155,.F.);
#5128 = FACE_BOUND('',#5129,.T.);
#5129 = EDGE_LOOP('',(#5130,#5140,#5147,#5148));
#5130 = ORIENTED_EDGE('',*,*,#5131,.T.);
#5131 = EDGE_CURVE('',#5132,#5134,#5136,.T.);
#5132 = VERTEX_POINT('',#5133);
#5133 = CARTESIAN_POINT('',(35.3,14.553,0.));
#5134 = VERTEX_POINT('',#5135);
#5135 = CARTESIAN_POINT('',(35.3,14.553,0.41148));
#5136 = LINE('',#5137,#5138);
#5137 = CARTESIAN_POINT('',(35.3,14.553,0.));
#5138 = VECTOR('',#5139,1.);
#5139 = DIRECTION('',(0.,0.,1.));
#5140 = ORIENTED_EDGE('',*,*,#5141,.T.);
#5141 = EDGE_CURVE('',#5134,#5134,#5142,.T.);
#5142 = CIRCLE('',#5143,0.5);
#5143 = AXIS2_PLACEMENT_3D('',#5144,#5145,#5146);
#5144 = CARTESIAN_POINT('',(34.8,14.553,0.41148));
#5145 = DIRECTION('',(0.,0.,1.));
#5146 = DIRECTION('',(1.,0.,-0.));
#5147 = ORIENTED_EDGE('',*,*,#5131,.F.);
#5148 = ORIENTED_EDGE('',*,*,#5149,.F.);
#5149 = EDGE_CURVE('',#5132,#5132,#5150,.T.);
#5150 = CIRCLE('',#5151,0.5);
#5151 = AXIS2_PLACEMENT_3D('',#5152,#5153,#5154);
#5152 = CARTESIAN_POINT('',(34.8,14.553,0.));
#5153 = DIRECTION('',(0.,0.,1.));
#5154 = DIRECTION('',(1.,0.,-0.));
#5155 = CYLINDRICAL_SURFACE('',#5156,0.5);
#5156 = AXIS2_PLACEMENT_3D('',#5157,#5158,#5159);
#5157 = CARTESIAN_POINT('',(34.8,14.553,0.));
#5158 = DIRECTION('',(-0.,-0.,-1.));
#5159 = DIRECTION('',(1.,0.,-0.));
#5160 = ADVANCED_FACE('',(#5161),#5188,.F.);
#5161 = FACE_BOUND('',#5162,.T.);
#5162 = EDGE_LOOP('',(#5163,#5173,#5180,#5181));
#5163 = ORIENTED_EDGE('',*,*,#5164,.T.);
#5164 = EDGE_CURVE('',#5165,#5167,#5169,.T.);
#5165 = VERTEX_POINT('',#5166);
#5166 = CARTESIAN_POINT('',(37.84,12.013,0.));
#5167 = VERTEX_POINT('',#5168);
#5168 = CARTESIAN_POINT('',(37.84,12.013,0.41148));
#5169 = LINE('',#5170,#5171);
#5170 = CARTESIAN_POINT('',(37.84,12.013,0.));
#5171 = VECTOR('',#5172,1.);
#5172 = DIRECTION('',(0.,0.,1.));
#5173 = ORIENTED_EDGE('',*,*,#5174,.T.);
#5174 = EDGE_CURVE('',#5167,#5167,#5175,.T.);
#5175 = CIRCLE('',#5176,0.5);
#5176 = AXIS2_PLACEMENT_3D('',#5177,#5178,#5179);
#5177 = CARTESIAN_POINT('',(37.34,12.013,0.41148));
#5178 = DIRECTION('',(0.,0.,1.));
#5179 = DIRECTION('',(1.,0.,-0.));
#5180 = ORIENTED_EDGE('',*,*,#5164,.F.);
#5181 = ORIENTED_EDGE('',*,*,#5182,.F.);
#5182 = EDGE_CURVE('',#5165,#5165,#5183,.T.);
#5183 = CIRCLE('',#5184,0.5);
#5184 = AXIS2_PLACEMENT_3D('',#5185,#5186,#5187);
#5185 = CARTESIAN_POINT('',(37.34,12.013,0.));
#5186 = DIRECTION('',(0.,0.,1.));
#5187 = DIRECTION('',(1.,0.,-0.));
#5188 = CYLINDRICAL_SURFACE('',#5189,0.5);
#5189 = AXIS2_PLACEMENT_3D('',#5190,#5191,#5192);
#5190 = CARTESIAN_POINT('',(37.34,12.013,0.));
#5191 = DIRECTION('',(-0.,-0.,-1.));
#5192 = DIRECTION('',(1.,0.,-0.));
#5193 = ADVANCED_FACE('',(#5194),#5221,.F.);
#5194 = FACE_BOUND('',#5195,.T.);
#5195 = EDGE_LOOP('',(#5196,#5206,#5213,#5214));
#5196 = ORIENTED_EDGE('',*,*,#5197,.T.);
#5197 = EDGE_CURVE('',#5198,#5200,#5202,.T.);
#5198 = VERTEX_POINT('',#5199);
#5199 = CARTESIAN_POINT('',(37.84,14.553,0.));
#5200 = VERTEX_POINT('',#5201);
#5201 = CARTESIAN_POINT('',(37.84,14.553,0.41148));
#5202 = LINE('',#5203,#5204);
#5203 = CARTESIAN_POINT('',(37.84,14.553,0.));
#5204 = VECTOR('',#5205,1.);
#5205 = DIRECTION('',(0.,0.,1.));
#5206 = ORIENTED_EDGE('',*,*,#5207,.T.);
#5207 = EDGE_CURVE('',#5200,#5200,#5208,.T.);
#5208 = CIRCLE('',#5209,0.5);
#5209 = AXIS2_PLACEMENT_3D('',#5210,#5211,#5212);
#5210 = CARTESIAN_POINT('',(37.34,14.553,0.41148));
#5211 = DIRECTION('',(0.,0.,1.));
#5212 = DIRECTION('',(1.,0.,-0.));
#5213 = ORIENTED_EDGE('',*,*,#5197,.F.);
#5214 = ORIENTED_EDGE('',*,*,#5215,.F.);
#5215 = EDGE_CURVE('',#5198,#5198,#5216,.T.);
#5216 = CIRCLE('',#5217,0.5);
#5217 = AXIS2_PLACEMENT_3D('',#5218,#5219,#5220);
#5218 = CARTESIAN_POINT('',(37.34,14.553,0.));
#5219 = DIRECTION('',(0.,0.,1.));
#5220 = DIRECTION('',(1.,0.,-0.));
#5221 = CYLINDRICAL_SURFACE('',#5222,0.5);
#5222 = AXIS2_PLACEMENT_3D('',#5223,#5224,#5225);
#5223 = CARTESIAN_POINT('',(37.34,14.553,0.));
#5224 = DIRECTION('',(-0.,-0.,-1.));
#5225 = DIRECTION('',(1.,0.,-0.));
#5226 = ADVANCED_FACE('',(#5227),#5254,.F.);
#5227 = FACE_BOUND('',#5228,.T.);
#5228 = EDGE_LOOP('',(#5229,#5239,#5246,#5247));
#5229 = ORIENTED_EDGE('',*,*,#5230,.T.);
#5230 = EDGE_CURVE('',#5231,#5233,#5235,.T.);
#5231 = VERTEX_POINT('',#5232);
#5232 = CARTESIAN_POINT('',(40.38,14.553,0.));
#5233 = VERTEX_POINT('',#5234);
#5234 = CARTESIAN_POINT('',(40.38,14.553,0.41148));
#5235 = LINE('',#5236,#5237);
#5236 = CARTESIAN_POINT('',(40.38,14.553,0.));
#5237 = VECTOR('',#5238,1.);
#5238 = DIRECTION('',(0.,0.,1.));
#5239 = ORIENTED_EDGE('',*,*,#5240,.T.);
#5240 = EDGE_CURVE('',#5233,#5233,#5241,.T.);
#5241 = CIRCLE('',#5242,0.5);
#5242 = AXIS2_PLACEMENT_3D('',#5243,#5244,#5245);
#5243 = CARTESIAN_POINT('',(39.88,14.553,0.41148));
#5244 = DIRECTION('',(0.,0.,1.));
#5245 = DIRECTION('',(1.,0.,-0.));
#5246 = ORIENTED_EDGE('',*,*,#5230,.F.);
#5247 = ORIENTED_EDGE('',*,*,#5248,.F.);
#5248 = EDGE_CURVE('',#5231,#5231,#5249,.T.);
#5249 = CIRCLE('',#5250,0.5);
#5250 = AXIS2_PLACEMENT_3D('',#5251,#5252,#5253);
#5251 = CARTESIAN_POINT('',(39.88,14.553,0.));
#5252 = DIRECTION('',(0.,0.,1.));
#5253 = DIRECTION('',(1.,0.,-0.));
#5254 = CYLINDRICAL_SURFACE('',#5255,0.5);
#5255 = AXIS2_PLACEMENT_3D('',#5256,#5257,#5258);
#5256 = CARTESIAN_POINT('',(39.88,14.553,0.));
#5257 = DIRECTION('',(-0.,-0.,-1.));
#5258 = DIRECTION('',(1.,0.,-0.));
#5259 = ADVANCED_FACE('',(#5260),#5287,.F.);
#5260 = FACE_BOUND('',#5261,.T.);
#5261 = EDGE_LOOP('',(#5262,#5272,#5279,#5280));
#5262 = ORIENTED_EDGE('',*,*,#5263,.T.);
#5263 = EDGE_CURVE('',#5264,#5266,#5268,.T.);
#5264 = VERTEX_POINT('',#5265);
#5265 = CARTESIAN_POINT('',(35.3,17.093,0.));
#5266 = VERTEX_POINT('',#5267);
#5267 = CARTESIAN_POINT('',(35.3,17.093,0.41148));
#5268 = LINE('',#5269,#5270);
#5269 = CARTESIAN_POINT('',(35.3,17.093,0.));
#5270 = VECTOR('',#5271,1.);
#5271 = DIRECTION('',(0.,0.,1.));
#5272 = ORIENTED_EDGE('',*,*,#5273,.T.);
#5273 = EDGE_CURVE('',#5266,#5266,#5274,.T.);
#5274 = CIRCLE('',#5275,0.5);
#5275 = AXIS2_PLACEMENT_3D('',#5276,#5277,#5278);
#5276 = CARTESIAN_POINT('',(34.8,17.093,0.41148));
#5277 = DIRECTION('',(0.,0.,1.));
#5278 = DIRECTION('',(1.,0.,-0.));
#5279 = ORIENTED_EDGE('',*,*,#5263,.F.);
#5280 = ORIENTED_EDGE('',*,*,#5281,.F.);
#5281 = EDGE_CURVE('',#5264,#5264,#5282,.T.);
#5282 = CIRCLE('',#5283,0.5);
#5283 = AXIS2_PLACEMENT_3D('',#5284,#5285,#5286);
#5284 = CARTESIAN_POINT('',(34.8,17.093,0.));
#5285 = DIRECTION('',(0.,0.,1.));
#5286 = DIRECTION('',(1.,0.,-0.));
#5287 = CYLINDRICAL_SURFACE('',#5288,0.5);
#5288 = AXIS2_PLACEMENT_3D('',#5289,#5290,#5291);
#5289 = CARTESIAN_POINT('',(34.8,17.093,0.));
#5290 = DIRECTION('',(-0.,-0.,-1.));
#5291 = DIRECTION('',(1.,0.,-0.));
#5292 = ADVANCED_FACE('',(#5293),#5320,.F.);
#5293 = FACE_BOUND('',#5294,.T.);
#5294 = EDGE_LOOP('',(#5295,#5305,#5312,#5313));
#5295 = ORIENTED_EDGE('',*,*,#5296,.T.);
#5296 = EDGE_CURVE('',#5297,#5299,#5301,.T.);
#5297 = VERTEX_POINT('',#5298);
#5298 = CARTESIAN_POINT('',(42.92,14.553,0.));
#5299 = VERTEX_POINT('',#5300);
#5300 = CARTESIAN_POINT('',(42.92,14.553,0.41148));
#5301 = LINE('',#5302,#5303);
#5302 = CARTESIAN_POINT('',(42.92,14.553,0.));
#5303 = VECTOR('',#5304,1.);
#5304 = DIRECTION('',(0.,0.,1.));
#5305 = ORIENTED_EDGE('',*,*,#5306,.T.);
#5306 = EDGE_CURVE('',#5299,#5299,#5307,.T.);
#5307 = CIRCLE('',#5308,0.5);
#5308 = AXIS2_PLACEMENT_3D('',#5309,#5310,#5311);
#5309 = CARTESIAN_POINT('',(42.42,14.553,0.41148));
#5310 = DIRECTION('',(0.,0.,1.));
#5311 = DIRECTION('',(1.,0.,-0.));
#5312 = ORIENTED_EDGE('',*,*,#5296,.F.);
#5313 = ORIENTED_EDGE('',*,*,#5314,.F.);
#5314 = EDGE_CURVE('',#5297,#5297,#5315,.T.);
#5315 = CIRCLE('',#5316,0.5);
#5316 = AXIS2_PLACEMENT_3D('',#5317,#5318,#5319);
#5317 = CARTESIAN_POINT('',(42.42,14.553,0.));
#5318 = DIRECTION('',(0.,0.,1.));
#5319 = DIRECTION('',(1.,0.,-0.));
#5320 = CYLINDRICAL_SURFACE('',#5321,0.5);
#5321 = AXIS2_PLACEMENT_3D('',#5322,#5323,#5324);
#5322 = CARTESIAN_POINT('',(42.42,14.553,0.));
#5323 = DIRECTION('',(-0.,-0.,-1.));
#5324 = DIRECTION('',(1.,0.,-0.));
#5325 = ADVANCED_FACE('',(#5326),#5353,.F.);
#5326 = FACE_BOUND('',#5327,.T.);
#5327 = EDGE_LOOP('',(#5328,#5338,#5345,#5346));
#5328 = ORIENTED_EDGE('',*,*,#5329,.T.);
#5329 = EDGE_CURVE('',#5330,#5332,#5334,.T.);
#5330 = VERTEX_POINT('',#5331);
#5331 = CARTESIAN_POINT('',(40.38,17.093,0.));
#5332 = VERTEX_POINT('',#5333);
#5333 = CARTESIAN_POINT('',(40.38,17.093,0.41148));
#5334 = LINE('',#5335,#5336);
#5335 = CARTESIAN_POINT('',(40.38,17.093,0.));
#5336 = VECTOR('',#5337,1.);
#5337 = DIRECTION('',(0.,0.,1.));
#5338 = ORIENTED_EDGE('',*,*,#5339,.T.);
#5339 = EDGE_CURVE('',#5332,#5332,#5340,.T.);
#5340 = CIRCLE('',#5341,0.5);
#5341 = AXIS2_PLACEMENT_3D('',#5342,#5343,#5344);
#5342 = CARTESIAN_POINT('',(39.88,17.093,0.41148));
#5343 = DIRECTION('',(0.,0.,1.));
#5344 = DIRECTION('',(1.,0.,-0.));
#5345 = ORIENTED_EDGE('',*,*,#5329,.F.);
#5346 = ORIENTED_EDGE('',*,*,#5347,.F.);
#5347 = EDGE_CURVE('',#5330,#5330,#5348,.T.);
#5348 = CIRCLE('',#5349,0.5);
#5349 = AXIS2_PLACEMENT_3D('',#5350,#5351,#5352);
#5350 = CARTESIAN_POINT('',(39.88,17.093,0.));
#5351 = DIRECTION('',(0.,0.,1.));
#5352 = DIRECTION('',(1.,0.,-0.));
#5353 = CYLINDRICAL_SURFACE('',#5354,0.5);
#5354 = AXIS2_PLACEMENT_3D('',#5355,#5356,#5357);
#5355 = CARTESIAN_POINT('',(39.88,17.093,0.));
#5356 = DIRECTION('',(-0.,-0.,-1.));
#5357 = DIRECTION('',(1.,0.,-0.));
#5358 = ADVANCED_FACE('',(#5359),#5386,.F.);
#5359 = FACE_BOUND('',#5360,.T.);
#5360 = EDGE_LOOP('',(#5361,#5371,#5378,#5379));
#5361 = ORIENTED_EDGE('',*,*,#5362,.T.);
#5362 = EDGE_CURVE('',#5363,#5365,#5367,.T.);
#5363 = VERTEX_POINT('',#5364);
#5364 = CARTESIAN_POINT('',(42.92,12.013,0.));
#5365 = VERTEX_POINT('',#5366);
#5366 = CARTESIAN_POINT('',(42.92,12.013,0.41148));
#5367 = LINE('',#5368,#5369);
#5368 = CARTESIAN_POINT('',(42.92,12.013,0.));
#5369 = VECTOR('',#5370,1.);
#5370 = DIRECTION('',(0.,0.,1.));
#5371 = ORIENTED_EDGE('',*,*,#5372,.T.);
#5372 = EDGE_CURVE('',#5365,#5365,#5373,.T.);
#5373 = CIRCLE('',#5374,0.5);
#5374 = AXIS2_PLACEMENT_3D('',#5375,#5376,#5377);
#5375 = CARTESIAN_POINT('',(42.42,12.013,0.41148));
#5376 = DIRECTION('',(0.,0.,1.));
#5377 = DIRECTION('',(1.,0.,-0.));
#5378 = ORIENTED_EDGE('',*,*,#5362,.F.);
#5379 = ORIENTED_EDGE('',*,*,#5380,.F.);
#5380 = EDGE_CURVE('',#5363,#5363,#5381,.T.);
#5381 = CIRCLE('',#5382,0.5);
#5382 = AXIS2_PLACEMENT_3D('',#5383,#5384,#5385);
#5383 = CARTESIAN_POINT('',(42.42,12.013,0.));
#5384 = DIRECTION('',(0.,0.,1.));
#5385 = DIRECTION('',(1.,0.,-0.));
#5386 = CYLINDRICAL_SURFACE('',#5387,0.5);
#5387 = AXIS2_PLACEMENT_3D('',#5388,#5389,#5390);
#5388 = CARTESIAN_POINT('',(42.42,12.013,0.));
#5389 = DIRECTION('',(-0.,-0.,-1.));
#5390 = DIRECTION('',(1.,0.,-0.));
#5391 = ADVANCED_FACE('',(#5392),#5419,.F.);
#5392 = FACE_BOUND('',#5393,.T.);
#5393 = EDGE_LOOP('',(#5394,#5404,#5411,#5412));
#5394 = ORIENTED_EDGE('',*,*,#5395,.T.);
#5395 = EDGE_CURVE('',#5396,#5398,#5400,.T.);
#5396 = VERTEX_POINT('',#5397);
#5397 = CARTESIAN_POINT('',(48.,12.013,0.));
#5398 = VERTEX_POINT('',#5399);
#5399 = CARTESIAN_POINT('',(48.,12.013,0.41148));
#5400 = LINE('',#5401,#5402);
#5401 = CARTESIAN_POINT('',(48.,12.013,0.));
#5402 = VECTOR('',#5403,1.);
#5403 = DIRECTION('',(0.,0.,1.));
#5404 = ORIENTED_EDGE('',*,*,#5405,.T.);
#5405 = EDGE_CURVE('',#5398,#5398,#5406,.T.);
#5406 = CIRCLE('',#5407,0.5);
#5407 = AXIS2_PLACEMENT_3D('',#5408,#5409,#5410);
#5408 = CARTESIAN_POINT('',(47.5,12.013,0.41148));
#5409 = DIRECTION('',(0.,0.,1.));
#5410 = DIRECTION('',(1.,0.,-0.));
#5411 = ORIENTED_EDGE('',*,*,#5395,.F.);
#5412 = ORIENTED_EDGE('',*,*,#5413,.F.);
#5413 = EDGE_CURVE('',#5396,#5396,#5414,.T.);
#5414 = CIRCLE('',#5415,0.5);
#5415 = AXIS2_PLACEMENT_3D('',#5416,#5417,#5418);
#5416 = CARTESIAN_POINT('',(47.5,12.013,0.));
#5417 = DIRECTION('',(0.,0.,1.));
#5418 = DIRECTION('',(1.,0.,-0.));
#5419 = CYLINDRICAL_SURFACE('',#5420,0.5);
#5420 = AXIS2_PLACEMENT_3D('',#5421,#5422,#5423);
#5421 = CARTESIAN_POINT('',(47.5,12.013,0.));
#5422 = DIRECTION('',(-0.,-0.,-1.));
#5423 = DIRECTION('',(1.,0.,-0.));
#5424 = ADVANCED_FACE('',(#5425),#5452,.F.);
#5425 = FACE_BOUND('',#5426,.T.);
#5426 = EDGE_LOOP('',(#5427,#5437,#5444,#5445));
#5427 = ORIENTED_EDGE('',*,*,#5428,.T.);
#5428 = EDGE_CURVE('',#5429,#5431,#5433,.T.);
#5429 = VERTEX_POINT('',#5430);
#5430 = CARTESIAN_POINT('',(45.46,14.553,0.));
#5431 = VERTEX_POINT('',#5432);
#5432 = CARTESIAN_POINT('',(45.46,14.553,0.41148));
#5433 = LINE('',#5434,#5435);
#5434 = CARTESIAN_POINT('',(45.46,14.553,0.));
#5435 = VECTOR('',#5436,1.);
#5436 = DIRECTION('',(0.,0.,1.));
#5437 = ORIENTED_EDGE('',*,*,#5438,.T.);
#5438 = EDGE_CURVE('',#5431,#5431,#5439,.T.);
#5439 = CIRCLE('',#5440,0.5);
#5440 = AXIS2_PLACEMENT_3D('',#5441,#5442,#5443);
#5441 = CARTESIAN_POINT('',(44.96,14.553,0.41148));
#5442 = DIRECTION('',(0.,0.,1.));
#5443 = DIRECTION('',(1.,0.,-0.));
#5444 = ORIENTED_EDGE('',*,*,#5428,.F.);
#5445 = ORIENTED_EDGE('',*,*,#5446,.F.);
#5446 = EDGE_CURVE('',#5429,#5429,#5447,.T.);
#5447 = CIRCLE('',#5448,0.5);
#5448 = AXIS2_PLACEMENT_3D('',#5449,#5450,#5451);
#5449 = CARTESIAN_POINT('',(44.96,14.553,0.));
#5450 = DIRECTION('',(0.,0.,1.));
#5451 = DIRECTION('',(1.,0.,-0.));
#5452 = CYLINDRICAL_SURFACE('',#5453,0.5);
#5453 = AXIS2_PLACEMENT_3D('',#5454,#5455,#5456);
#5454 = CARTESIAN_POINT('',(44.96,14.553,0.));
#5455 = DIRECTION('',(-0.,-0.,-1.));
#5456 = DIRECTION('',(1.,0.,-0.));
#5457 = ADVANCED_FACE('',(#5458),#5485,.F.);
#5458 = FACE_BOUND('',#5459,.T.);
#5459 = EDGE_LOOP('',(#5460,#5470,#5477,#5478));
#5460 = ORIENTED_EDGE('',*,*,#5461,.T.);
#5461 = EDGE_CURVE('',#5462,#5464,#5466,.T.);
#5462 = VERTEX_POINT('',#5463);
#5463 = CARTESIAN_POINT('',(45.46,17.093,0.));
#5464 = VERTEX_POINT('',#5465);
#5465 = CARTESIAN_POINT('',(45.46,17.093,0.41148));
#5466 = LINE('',#5467,#5468);
#5467 = CARTESIAN_POINT('',(45.46,17.093,0.));
#5468 = VECTOR('',#5469,1.);
#5469 = DIRECTION('',(0.,0.,1.));
#5470 = ORIENTED_EDGE('',*,*,#5471,.T.);
#5471 = EDGE_CURVE('',#5464,#5464,#5472,.T.);
#5472 = CIRCLE('',#5473,0.5);
#5473 = AXIS2_PLACEMENT_3D('',#5474,#5475,#5476);
#5474 = CARTESIAN_POINT('',(44.96,17.093,0.41148));
#5475 = DIRECTION('',(0.,0.,1.));
#5476 = DIRECTION('',(1.,0.,-0.));
#5477 = ORIENTED_EDGE('',*,*,#5461,.F.);
#5478 = ORIENTED_EDGE('',*,*,#5479,.F.);
#5479 = EDGE_CURVE('',#5462,#5462,#5480,.T.);
#5480 = CIRCLE('',#5481,0.5);
#5481 = AXIS2_PLACEMENT_3D('',#5482,#5483,#5484);
#5482 = CARTESIAN_POINT('',(44.96,17.093,0.));
#5483 = DIRECTION('',(0.,0.,1.));
#5484 = DIRECTION('',(1.,0.,-0.));
#5485 = CYLINDRICAL_SURFACE('',#5486,0.5);
#5486 = AXIS2_PLACEMENT_3D('',#5487,#5488,#5489);
#5487 = CARTESIAN_POINT('',(44.96,17.093,0.));
#5488 = DIRECTION('',(-0.,-0.,-1.));
#5489 = DIRECTION('',(1.,0.,-0.));
#5490 = ADVANCED_FACE('',(#5491),#5518,.F.);
#5491 = FACE_BOUND('',#5492,.T.);
#5492 = EDGE_LOOP('',(#5493,#5503,#5510,#5511));
#5493 = ORIENTED_EDGE('',*,*,#5494,.T.);
#5494 = EDGE_CURVE('',#5495,#5497,#5499,.T.);
#5495 = VERTEX_POINT('',#5496);
#5496 = CARTESIAN_POINT('',(42.92,17.093,0.));
#5497 = VERTEX_POINT('',#5498);
#5498 = CARTESIAN_POINT('',(42.92,17.093,0.41148));
#5499 = LINE('',#5500,#5501);
#5500 = CARTESIAN_POINT('',(42.92,17.093,0.));
#5501 = VECTOR('',#5502,1.);
#5502 = DIRECTION('',(0.,0.,1.));
#5503 = ORIENTED_EDGE('',*,*,#5504,.T.);
#5504 = EDGE_CURVE('',#5497,#5497,#5505,.T.);
#5505 = CIRCLE('',#5506,0.5);
#5506 = AXIS2_PLACEMENT_3D('',#5507,#5508,#5509);
#5507 = CARTESIAN_POINT('',(42.42,17.093,0.41148));
#5508 = DIRECTION('',(0.,0.,1.));
#5509 = DIRECTION('',(1.,0.,-0.));
#5510 = ORIENTED_EDGE('',*,*,#5494,.F.);
#5511 = ORIENTED_EDGE('',*,*,#5512,.F.);
#5512 = EDGE_CURVE('',#5495,#5495,#5513,.T.);
#5513 = CIRCLE('',#5514,0.5);
#5514 = AXIS2_PLACEMENT_3D('',#5515,#5516,#5517);
#5515 = CARTESIAN_POINT('',(42.42,17.093,0.));
#5516 = DIRECTION('',(0.,0.,1.));
#5517 = DIRECTION('',(1.,0.,-0.));
#5518 = CYLINDRICAL_SURFACE('',#5519,0.5);
#5519 = AXIS2_PLACEMENT_3D('',#5520,#5521,#5522);
#5520 = CARTESIAN_POINT('',(42.42,17.093,0.));
#5521 = DIRECTION('',(-0.,-0.,-1.));
#5522 = DIRECTION('',(1.,0.,-0.));
#5523 = ADVANCED_FACE('',(#5524),#5551,.F.);
#5524 = FACE_BOUND('',#5525,.T.);
#5525 = EDGE_LOOP('',(#5526,#5536,#5543,#5544));
#5526 = ORIENTED_EDGE('',*,*,#5527,.T.);
#5527 = EDGE_CURVE('',#5528,#5530,#5532,.T.);
#5528 = VERTEX_POINT('',#5529);
#5529 = CARTESIAN_POINT('',(48.,14.553,0.));
#5530 = VERTEX_POINT('',#5531);
#5531 = CARTESIAN_POINT('',(48.,14.553,0.41148));
#5532 = LINE('',#5533,#5534);
#5533 = CARTESIAN_POINT('',(48.,14.553,0.));
#5534 = VECTOR('',#5535,1.);
#5535 = DIRECTION('',(0.,0.,1.));
#5536 = ORIENTED_EDGE('',*,*,#5537,.T.);
#5537 = EDGE_CURVE('',#5530,#5530,#5538,.T.);
#5538 = CIRCLE('',#5539,0.5);
#5539 = AXIS2_PLACEMENT_3D('',#5540,#5541,#5542);
#5540 = CARTESIAN_POINT('',(47.5,14.553,0.41148));
#5541 = DIRECTION('',(0.,0.,1.));
#5542 = DIRECTION('',(1.,0.,-0.));
#5543 = ORIENTED_EDGE('',*,*,#5527,.F.);
#5544 = ORIENTED_EDGE('',*,*,#5545,.F.);
#5545 = EDGE_CURVE('',#5528,#5528,#5546,.T.);
#5546 = CIRCLE('',#5547,0.5);
#5547 = AXIS2_PLACEMENT_3D('',#5548,#5549,#5550);
#5548 = CARTESIAN_POINT('',(47.5,14.553,0.));
#5549 = DIRECTION('',(0.,0.,1.));
#5550 = DIRECTION('',(1.,0.,-0.));
#5551 = CYLINDRICAL_SURFACE('',#5552,0.5);
#5552 = AXIS2_PLACEMENT_3D('',#5553,#5554,#5555);
#5553 = CARTESIAN_POINT('',(47.5,14.553,0.));
#5554 = DIRECTION('',(-0.,-0.,-1.));
#5555 = DIRECTION('',(1.,0.,-0.));
#5556 = ADVANCED_FACE('',(#5557),#5584,.F.);
#5557 = FACE_BOUND('',#5558,.T.);
#5558 = EDGE_LOOP('',(#5559,#5569,#5576,#5577));
#5559 = ORIENTED_EDGE('',*,*,#5560,.T.);
#5560 = EDGE_CURVE('',#5561,#5563,#5565,.T.);
#5561 = VERTEX_POINT('',#5562);
#5562 = CARTESIAN_POINT('',(48.,17.093,0.));
#5563 = VERTEX_POINT('',#5564);
#5564 = CARTESIAN_POINT('',(48.,17.093,0.41148));
#5565 = LINE('',#5566,#5567);
#5566 = CARTESIAN_POINT('',(48.,17.093,0.));
#5567 = VECTOR('',#5568,1.);
#5568 = DIRECTION('',(0.,0.,1.));
#5569 = ORIENTED_EDGE('',*,*,#5570,.T.);
#5570 = EDGE_CURVE('',#5563,#5563,#5571,.T.);
#5571 = CIRCLE('',#5572,0.5);
#5572 = AXIS2_PLACEMENT_3D('',#5573,#5574,#5575);
#5573 = CARTESIAN_POINT('',(47.5,17.093,0.41148));
#5574 = DIRECTION('',(0.,0.,1.));
#5575 = DIRECTION('',(1.,0.,-0.));
#5576 = ORIENTED_EDGE('',*,*,#5560,.F.);
#5577 = ORIENTED_EDGE('',*,*,#5578,.F.);
#5578 = EDGE_CURVE('',#5561,#5561,#5579,.T.);
#5579 = CIRCLE('',#5580,0.5);
#5580 = AXIS2_PLACEMENT_3D('',#5581,#5582,#5583);
#5581 = CARTESIAN_POINT('',(47.5,17.093,0.));
#5582 = DIRECTION('',(0.,0.,1.));
#5583 = DIRECTION('',(1.,0.,-0.));
#5584 = CYLINDRICAL_SURFACE('',#5585,0.5);
#5585 = AXIS2_PLACEMENT_3D('',#5586,#5587,#5588);
#5586 = CARTESIAN_POINT('',(47.5,17.093,0.));
#5587 = DIRECTION('',(-0.,-0.,-1.));
#5588 = DIRECTION('',(1.,0.,-0.));
#5589 = ADVANCED_FACE('',(#5590),#5617,.F.);
#5590 = FACE_BOUND('',#5591,.T.);
#5591 = EDGE_LOOP('',(#5592,#5602,#5609,#5610));
#5592 = ORIENTED_EDGE('',*,*,#5593,.T.);
#5593 = EDGE_CURVE('',#5594,#5596,#5598,.T.);
#5594 = VERTEX_POINT('',#5595);
#5595 = CARTESIAN_POINT('',(27.68,19.633,0.));
#5596 = VERTEX_POINT('',#5597);
#5597 = CARTESIAN_POINT('',(27.68,19.633,0.41148));
#5598 = LINE('',#5599,#5600);
#5599 = CARTESIAN_POINT('',(27.68,19.633,0.));
#5600 = VECTOR('',#5601,1.);
#5601 = DIRECTION('',(0.,0.,1.));
#5602 = ORIENTED_EDGE('',*,*,#5603,.T.);
#5603 = EDGE_CURVE('',#5596,#5596,#5604,.T.);
#5604 = CIRCLE('',#5605,0.5);
#5605 = AXIS2_PLACEMENT_3D('',#5606,#5607,#5608);
#5606 = CARTESIAN_POINT('',(27.18,19.633,0.41148));
#5607 = DIRECTION('',(0.,0.,1.));
#5608 = DIRECTION('',(1.,0.,-0.));
#5609 = ORIENTED_EDGE('',*,*,#5593,.F.);
#5610 = ORIENTED_EDGE('',*,*,#5611,.F.);
#5611 = EDGE_CURVE('',#5594,#5594,#5612,.T.);
#5612 = CIRCLE('',#5613,0.5);
#5613 = AXIS2_PLACEMENT_3D('',#5614,#5615,#5616);
#5614 = CARTESIAN_POINT('',(27.18,19.633,0.));
#5615 = DIRECTION('',(0.,0.,1.));
#5616 = DIRECTION('',(1.,0.,-0.));
#5617 = CYLINDRICAL_SURFACE('',#5618,0.5);
#5618 = AXIS2_PLACEMENT_3D('',#5619,#5620,#5621);
#5619 = CARTESIAN_POINT('',(27.18,19.633,0.));
#5620 = DIRECTION('',(-0.,-0.,-1.));
#5621 = DIRECTION('',(1.,0.,-0.));
#5622 = ADVANCED_FACE('',(#5623),#5650,.F.);
#5623 = FACE_BOUND('',#5624,.T.);
#5624 = EDGE_LOOP('',(#5625,#5635,#5642,#5643));
#5625 = ORIENTED_EDGE('',*,*,#5626,.T.);
#5626 = EDGE_CURVE('',#5627,#5629,#5631,.T.);
#5627 = VERTEX_POINT('',#5628);
#5628 = CARTESIAN_POINT('',(30.22,19.633,0.));
#5629 = VERTEX_POINT('',#5630);
#5630 = CARTESIAN_POINT('',(30.22,19.633,0.41148));
#5631 = LINE('',#5632,#5633);
#5632 = CARTESIAN_POINT('',(30.22,19.633,0.));
#5633 = VECTOR('',#5634,1.);
#5634 = DIRECTION('',(0.,0.,1.));
#5635 = ORIENTED_EDGE('',*,*,#5636,.T.);
#5636 = EDGE_CURVE('',#5629,#5629,#5637,.T.);
#5637 = CIRCLE('',#5638,0.5);
#5638 = AXIS2_PLACEMENT_3D('',#5639,#5640,#5641);
#5639 = CARTESIAN_POINT('',(29.72,19.633,0.41148));
#5640 = DIRECTION('',(0.,0.,1.));
#5641 = DIRECTION('',(1.,0.,-0.));
#5642 = ORIENTED_EDGE('',*,*,#5626,.F.);
#5643 = ORIENTED_EDGE('',*,*,#5644,.F.);
#5644 = EDGE_CURVE('',#5627,#5627,#5645,.T.);
#5645 = CIRCLE('',#5646,0.5);
#5646 = AXIS2_PLACEMENT_3D('',#5647,#5648,#5649);
#5647 = CARTESIAN_POINT('',(29.72,19.633,0.));
#5648 = DIRECTION('',(0.,0.,1.));
#5649 = DIRECTION('',(1.,0.,-0.));
#5650 = CYLINDRICAL_SURFACE('',#5651,0.5);
#5651 = AXIS2_PLACEMENT_3D('',#5652,#5653,#5654);
#5652 = CARTESIAN_POINT('',(29.72,19.633,0.));
#5653 = DIRECTION('',(-0.,-0.,-1.));
#5654 = DIRECTION('',(1.,0.,-0.));
#5655 = ADVANCED_FACE('',(#5656),#5683,.F.);
#5656 = FACE_BOUND('',#5657,.T.);
#5657 = EDGE_LOOP('',(#5658,#5668,#5675,#5676));
#5658 = ORIENTED_EDGE('',*,*,#5659,.T.);
#5659 = EDGE_CURVE('',#5660,#5662,#5664,.T.);
#5660 = VERTEX_POINT('',#5661);
#5661 = CARTESIAN_POINT('',(27.68,22.173,0.));
#5662 = VERTEX_POINT('',#5663);
#5663 = CARTESIAN_POINT('',(27.68,22.173,0.41148));
#5664 = LINE('',#5665,#5666);
#5665 = CARTESIAN_POINT('',(27.68,22.173,0.));
#5666 = VECTOR('',#5667,1.);
#5667 = DIRECTION('',(0.,0.,1.));
#5668 = ORIENTED_EDGE('',*,*,#5669,.T.);
#5669 = EDGE_CURVE('',#5662,#5662,#5670,.T.);
#5670 = CIRCLE('',#5671,0.5);
#5671 = AXIS2_PLACEMENT_3D('',#5672,#5673,#5674);
#5672 = CARTESIAN_POINT('',(27.18,22.173,0.41148));
#5673 = DIRECTION('',(0.,0.,1.));
#5674 = DIRECTION('',(1.,0.,-0.));
#5675 = ORIENTED_EDGE('',*,*,#5659,.F.);
#5676 = ORIENTED_EDGE('',*,*,#5677,.F.);
#5677 = EDGE_CURVE('',#5660,#5660,#5678,.T.);
#5678 = CIRCLE('',#5679,0.5);
#5679 = AXIS2_PLACEMENT_3D('',#5680,#5681,#5682);
#5680 = CARTESIAN_POINT('',(27.18,22.173,0.));
#5681 = DIRECTION('',(0.,0.,1.));
#5682 = DIRECTION('',(1.,0.,-0.));
#5683 = CYLINDRICAL_SURFACE('',#5684,0.5);
#5684 = AXIS2_PLACEMENT_3D('',#5685,#5686,#5687);
#5685 = CARTESIAN_POINT('',(27.18,22.173,0.));
#5686 = DIRECTION('',(-0.,-0.,-1.));
#5687 = DIRECTION('',(1.,0.,-0.));
#5688 = ADVANCED_FACE('',(#5689),#5716,.F.);
#5689 = FACE_BOUND('',#5690,.T.);
#5690 = EDGE_LOOP('',(#5691,#5701,#5708,#5709));
#5691 = ORIENTED_EDGE('',*,*,#5692,.T.);
#5692 = EDGE_CURVE('',#5693,#5695,#5697,.T.);
#5693 = VERTEX_POINT('',#5694);
#5694 = CARTESIAN_POINT('',(27.68,24.713,0.));
#5695 = VERTEX_POINT('',#5696);
#5696 = CARTESIAN_POINT('',(27.68,24.713,0.41148));
#5697 = LINE('',#5698,#5699);
#5698 = CARTESIAN_POINT('',(27.68,24.713,0.));
#5699 = VECTOR('',#5700,1.);
#5700 = DIRECTION('',(0.,0.,1.));
#5701 = ORIENTED_EDGE('',*,*,#5702,.T.);
#5702 = EDGE_CURVE('',#5695,#5695,#5703,.T.);
#5703 = CIRCLE('',#5704,0.5);
#5704 = AXIS2_PLACEMENT_3D('',#5705,#5706,#5707);
#5705 = CARTESIAN_POINT('',(27.18,24.713,0.41148));
#5706 = DIRECTION('',(0.,0.,1.));
#5707 = DIRECTION('',(1.,0.,-0.));
#5708 = ORIENTED_EDGE('',*,*,#5692,.F.);
#5709 = ORIENTED_EDGE('',*,*,#5710,.F.);
#5710 = EDGE_CURVE('',#5693,#5693,#5711,.T.);
#5711 = CIRCLE('',#5712,0.5);
#5712 = AXIS2_PLACEMENT_3D('',#5713,#5714,#5715);
#5713 = CARTESIAN_POINT('',(27.18,24.713,0.));
#5714 = DIRECTION('',(0.,0.,1.));
#5715 = DIRECTION('',(1.,0.,-0.));
#5716 = CYLINDRICAL_SURFACE('',#5717,0.5);
#5717 = AXIS2_PLACEMENT_3D('',#5718,#5719,#5720);
#5718 = CARTESIAN_POINT('',(27.18,24.713,0.));
#5719 = DIRECTION('',(-0.,-0.,-1.));
#5720 = DIRECTION('',(1.,0.,-0.));
#5721 = ADVANCED_FACE('',(#5722),#5749,.F.);
#5722 = FACE_BOUND('',#5723,.T.);
#5723 = EDGE_LOOP('',(#5724,#5734,#5741,#5742));
#5724 = ORIENTED_EDGE('',*,*,#5725,.T.);
#5725 = EDGE_CURVE('',#5726,#5728,#5730,.T.);
#5726 = VERTEX_POINT('',#5727);
#5727 = CARTESIAN_POINT('',(30.22,22.173,0.));
#5728 = VERTEX_POINT('',#5729);
#5729 = CARTESIAN_POINT('',(30.22,22.173,0.41148));
#5730 = LINE('',#5731,#5732);
#5731 = CARTESIAN_POINT('',(30.22,22.173,0.));
#5732 = VECTOR('',#5733,1.);
#5733 = DIRECTION('',(0.,0.,1.));
#5734 = ORIENTED_EDGE('',*,*,#5735,.T.);
#5735 = EDGE_CURVE('',#5728,#5728,#5736,.T.);
#5736 = CIRCLE('',#5737,0.5);
#5737 = AXIS2_PLACEMENT_3D('',#5738,#5739,#5740);
#5738 = CARTESIAN_POINT('',(29.72,22.173,0.41148));
#5739 = DIRECTION('',(0.,0.,1.));
#5740 = DIRECTION('',(1.,0.,-0.));
#5741 = ORIENTED_EDGE('',*,*,#5725,.F.);
#5742 = ORIENTED_EDGE('',*,*,#5743,.F.);
#5743 = EDGE_CURVE('',#5726,#5726,#5744,.T.);
#5744 = CIRCLE('',#5745,0.5);
#5745 = AXIS2_PLACEMENT_3D('',#5746,#5747,#5748);
#5746 = CARTESIAN_POINT('',(29.72,22.173,0.));
#5747 = DIRECTION('',(0.,0.,1.));
#5748 = DIRECTION('',(1.,0.,-0.));
#5749 = CYLINDRICAL_SURFACE('',#5750,0.5);
#5750 = AXIS2_PLACEMENT_3D('',#5751,#5752,#5753);
#5751 = CARTESIAN_POINT('',(29.72,22.173,0.));
#5752 = DIRECTION('',(-0.,-0.,-1.));
#5753 = DIRECTION('',(1.,0.,-0.));
#5754 = ADVANCED_FACE('',(#5755),#5782,.F.);
#5755 = FACE_BOUND('',#5756,.T.);
#5756 = EDGE_LOOP('',(#5757,#5767,#5774,#5775));
#5757 = ORIENTED_EDGE('',*,*,#5758,.T.);
#5758 = EDGE_CURVE('',#5759,#5761,#5763,.T.);
#5759 = VERTEX_POINT('',#5760);
#5760 = CARTESIAN_POINT('',(30.22,24.713,0.));
#5761 = VERTEX_POINT('',#5762);
#5762 = CARTESIAN_POINT('',(30.22,24.713,0.41148));
#5763 = LINE('',#5764,#5765);
#5764 = CARTESIAN_POINT('',(30.22,24.713,0.));
#5765 = VECTOR('',#5766,1.);
#5766 = DIRECTION('',(0.,0.,1.));
#5767 = ORIENTED_EDGE('',*,*,#5768,.T.);
#5768 = EDGE_CURVE('',#5761,#5761,#5769,.T.);
#5769 = CIRCLE('',#5770,0.5);
#5770 = AXIS2_PLACEMENT_3D('',#5771,#5772,#5773);
#5771 = CARTESIAN_POINT('',(29.72,24.713,0.41148));
#5772 = DIRECTION('',(0.,0.,1.));
#5773 = DIRECTION('',(1.,0.,-0.));
#5774 = ORIENTED_EDGE('',*,*,#5758,.F.);
#5775 = ORIENTED_EDGE('',*,*,#5776,.F.);
#5776 = EDGE_CURVE('',#5759,#5759,#5777,.T.);
#5777 = CIRCLE('',#5778,0.5);
#5778 = AXIS2_PLACEMENT_3D('',#5779,#5780,#5781);
#5779 = CARTESIAN_POINT('',(29.72,24.713,0.));
#5780 = DIRECTION('',(0.,0.,1.));
#5781 = DIRECTION('',(1.,0.,-0.));
#5782 = CYLINDRICAL_SURFACE('',#5783,0.5);
#5783 = AXIS2_PLACEMENT_3D('',#5784,#5785,#5786);
#5784 = CARTESIAN_POINT('',(29.72,24.713,0.));
#5785 = DIRECTION('',(-0.,-0.,-1.));
#5786 = DIRECTION('',(1.,0.,-0.));
#5787 = ADVANCED_FACE('',(#5788),#5815,.F.);
#5788 = FACE_BOUND('',#5789,.T.);
#5789 = EDGE_LOOP('',(#5790,#5800,#5807,#5808));
#5790 = ORIENTED_EDGE('',*,*,#5791,.T.);
#5791 = EDGE_CURVE('',#5792,#5794,#5796,.T.);
#5792 = VERTEX_POINT('',#5793);
#5793 = CARTESIAN_POINT('',(32.76,17.093,0.));
#5794 = VERTEX_POINT('',#5795);
#5795 = CARTESIAN_POINT('',(32.76,17.093,0.41148));
#5796 = LINE('',#5797,#5798);
#5797 = CARTESIAN_POINT('',(32.76,17.093,0.));
#5798 = VECTOR('',#5799,1.);
#5799 = DIRECTION('',(0.,0.,1.));
#5800 = ORIENTED_EDGE('',*,*,#5801,.T.);
#5801 = EDGE_CURVE('',#5794,#5794,#5802,.T.);
#5802 = CIRCLE('',#5803,0.5);
#5803 = AXIS2_PLACEMENT_3D('',#5804,#5805,#5806);
#5804 = CARTESIAN_POINT('',(32.26,17.093,0.41148));
#5805 = DIRECTION('',(0.,0.,1.));
#5806 = DIRECTION('',(1.,0.,-0.));
#5807 = ORIENTED_EDGE('',*,*,#5791,.F.);
#5808 = ORIENTED_EDGE('',*,*,#5809,.F.);
#5809 = EDGE_CURVE('',#5792,#5792,#5810,.T.);
#5810 = CIRCLE('',#5811,0.5);
#5811 = AXIS2_PLACEMENT_3D('',#5812,#5813,#5814);
#5812 = CARTESIAN_POINT('',(32.26,17.093,0.));
#5813 = DIRECTION('',(0.,0.,1.));
#5814 = DIRECTION('',(1.,0.,-0.));
#5815 = CYLINDRICAL_SURFACE('',#5816,0.5);
#5816 = AXIS2_PLACEMENT_3D('',#5817,#5818,#5819);
#5817 = CARTESIAN_POINT('',(32.26,17.093,0.));
#5818 = DIRECTION('',(-0.,-0.,-1.));
#5819 = DIRECTION('',(1.,0.,-0.));
#5820 = ADVANCED_FACE('',(#5821),#5848,.F.);
#5821 = FACE_BOUND('',#5822,.T.);
#5822 = EDGE_LOOP('',(#5823,#5833,#5840,#5841));
#5823 = ORIENTED_EDGE('',*,*,#5824,.T.);
#5824 = EDGE_CURVE('',#5825,#5827,#5829,.T.);
#5825 = VERTEX_POINT('',#5826);
#5826 = CARTESIAN_POINT('',(35.3,19.633,0.));
#5827 = VERTEX_POINT('',#5828);
#5828 = CARTESIAN_POINT('',(35.3,19.633,0.41148));
#5829 = LINE('',#5830,#5831);
#5830 = CARTESIAN_POINT('',(35.3,19.633,0.));
#5831 = VECTOR('',#5832,1.);
#5832 = DIRECTION('',(0.,0.,1.));
#5833 = ORIENTED_EDGE('',*,*,#5834,.T.);
#5834 = EDGE_CURVE('',#5827,#5827,#5835,.T.);
#5835 = CIRCLE('',#5836,0.5);
#5836 = AXIS2_PLACEMENT_3D('',#5837,#5838,#5839);
#5837 = CARTESIAN_POINT('',(34.8,19.633,0.41148));
#5838 = DIRECTION('',(0.,0.,1.));
#5839 = DIRECTION('',(1.,0.,-0.));
#5840 = ORIENTED_EDGE('',*,*,#5824,.F.);
#5841 = ORIENTED_EDGE('',*,*,#5842,.F.);
#5842 = EDGE_CURVE('',#5825,#5825,#5843,.T.);
#5843 = CIRCLE('',#5844,0.5);
#5844 = AXIS2_PLACEMENT_3D('',#5845,#5846,#5847);
#5845 = CARTESIAN_POINT('',(34.8,19.633,0.));
#5846 = DIRECTION('',(0.,0.,1.));
#5847 = DIRECTION('',(1.,0.,-0.));
#5848 = CYLINDRICAL_SURFACE('',#5849,0.5);
#5849 = AXIS2_PLACEMENT_3D('',#5850,#5851,#5852);
#5850 = CARTESIAN_POINT('',(34.8,19.633,0.));
#5851 = DIRECTION('',(-0.,-0.,-1.));
#5852 = DIRECTION('',(1.,0.,-0.));
#5853 = ADVANCED_FACE('',(#5854),#5881,.F.);
#5854 = FACE_BOUND('',#5855,.T.);
#5855 = EDGE_LOOP('',(#5856,#5866,#5873,#5874));
#5856 = ORIENTED_EDGE('',*,*,#5857,.T.);
#5857 = EDGE_CURVE('',#5858,#5860,#5862,.T.);
#5858 = VERTEX_POINT('',#5859);
#5859 = CARTESIAN_POINT('',(32.76,19.633,0.));
#5860 = VERTEX_POINT('',#5861);
#5861 = CARTESIAN_POINT('',(32.76,19.633,0.41148));
#5862 = LINE('',#5863,#5864);
#5863 = CARTESIAN_POINT('',(32.76,19.633,0.));
#5864 = VECTOR('',#5865,1.);
#5865 = DIRECTION('',(0.,0.,1.));
#5866 = ORIENTED_EDGE('',*,*,#5867,.T.);
#5867 = EDGE_CURVE('',#5860,#5860,#5868,.T.);
#5868 = CIRCLE('',#5869,0.5);
#5869 = AXIS2_PLACEMENT_3D('',#5870,#5871,#5872);
#5870 = CARTESIAN_POINT('',(32.26,19.633,0.41148));
#5871 = DIRECTION('',(0.,0.,1.));
#5872 = DIRECTION('',(1.,0.,-0.));
#5873 = ORIENTED_EDGE('',*,*,#5857,.F.);
#5874 = ORIENTED_EDGE('',*,*,#5875,.F.);
#5875 = EDGE_CURVE('',#5858,#5858,#5876,.T.);
#5876 = CIRCLE('',#5877,0.5);
#5877 = AXIS2_PLACEMENT_3D('',#5878,#5879,#5880);
#5878 = CARTESIAN_POINT('',(32.26,19.633,0.));
#5879 = DIRECTION('',(0.,0.,1.));
#5880 = DIRECTION('',(1.,0.,-0.));
#5881 = CYLINDRICAL_SURFACE('',#5882,0.5);
#5882 = AXIS2_PLACEMENT_3D('',#5883,#5884,#5885);
#5883 = CARTESIAN_POINT('',(32.26,19.633,0.));
#5884 = DIRECTION('',(-0.,-0.,-1.));
#5885 = DIRECTION('',(1.,0.,-0.));
#5886 = ADVANCED_FACE('',(#5887),#5914,.F.);
#5887 = FACE_BOUND('',#5888,.T.);
#5888 = EDGE_LOOP('',(#5889,#5899,#5906,#5907));
#5889 = ORIENTED_EDGE('',*,*,#5890,.T.);
#5890 = EDGE_CURVE('',#5891,#5893,#5895,.T.);
#5891 = VERTEX_POINT('',#5892);
#5892 = CARTESIAN_POINT('',(32.76,22.173,0.));
#5893 = VERTEX_POINT('',#5894);
#5894 = CARTESIAN_POINT('',(32.76,22.173,0.41148));
#5895 = LINE('',#5896,#5897);
#5896 = CARTESIAN_POINT('',(32.76,22.173,0.));
#5897 = VECTOR('',#5898,1.);
#5898 = DIRECTION('',(0.,0.,1.));
#5899 = ORIENTED_EDGE('',*,*,#5900,.T.);
#5900 = EDGE_CURVE('',#5893,#5893,#5901,.T.);
#5901 = CIRCLE('',#5902,0.5);
#5902 = AXIS2_PLACEMENT_3D('',#5903,#5904,#5905);
#5903 = CARTESIAN_POINT('',(32.26,22.173,0.41148));
#5904 = DIRECTION('',(0.,0.,1.));
#5905 = DIRECTION('',(1.,0.,-0.));
#5906 = ORIENTED_EDGE('',*,*,#5890,.F.);
#5907 = ORIENTED_EDGE('',*,*,#5908,.F.);
#5908 = EDGE_CURVE('',#5891,#5891,#5909,.T.);
#5909 = CIRCLE('',#5910,0.5);
#5910 = AXIS2_PLACEMENT_3D('',#5911,#5912,#5913);
#5911 = CARTESIAN_POINT('',(32.26,22.173,0.));
#5912 = DIRECTION('',(0.,0.,1.));
#5913 = DIRECTION('',(1.,0.,-0.));
#5914 = CYLINDRICAL_SURFACE('',#5915,0.5);
#5915 = AXIS2_PLACEMENT_3D('',#5916,#5917,#5918);
#5916 = CARTESIAN_POINT('',(32.26,22.173,0.));
#5917 = DIRECTION('',(-0.,-0.,-1.));
#5918 = DIRECTION('',(1.,0.,-0.));
#5919 = ADVANCED_FACE('',(#5920),#5947,.F.);
#5920 = FACE_BOUND('',#5921,.T.);
#5921 = EDGE_LOOP('',(#5922,#5932,#5939,#5940));
#5922 = ORIENTED_EDGE('',*,*,#5923,.T.);
#5923 = EDGE_CURVE('',#5924,#5926,#5928,.T.);
#5924 = VERTEX_POINT('',#5925);
#5925 = CARTESIAN_POINT('',(32.76,24.713,0.));
#5926 = VERTEX_POINT('',#5927);
#5927 = CARTESIAN_POINT('',(32.76,24.713,0.41148));
#5928 = LINE('',#5929,#5930);
#5929 = CARTESIAN_POINT('',(32.76,24.713,0.));
#5930 = VECTOR('',#5931,1.);
#5931 = DIRECTION('',(0.,0.,1.));
#5932 = ORIENTED_EDGE('',*,*,#5933,.T.);
#5933 = EDGE_CURVE('',#5926,#5926,#5934,.T.);
#5934 = CIRCLE('',#5935,0.5);
#5935 = AXIS2_PLACEMENT_3D('',#5936,#5937,#5938);
#5936 = CARTESIAN_POINT('',(32.26,24.713,0.41148));
#5937 = DIRECTION('',(0.,0.,1.));
#5938 = DIRECTION('',(1.,0.,-0.));
#5939 = ORIENTED_EDGE('',*,*,#5923,.F.);
#5940 = ORIENTED_EDGE('',*,*,#5941,.F.);
#5941 = EDGE_CURVE('',#5924,#5924,#5942,.T.);
#5942 = CIRCLE('',#5943,0.5);
#5943 = AXIS2_PLACEMENT_3D('',#5944,#5945,#5946);
#5944 = CARTESIAN_POINT('',(32.26,24.713,0.));
#5945 = DIRECTION('',(0.,0.,1.));
#5946 = DIRECTION('',(1.,0.,-0.));
#5947 = CYLINDRICAL_SURFACE('',#5948,0.5);
#5948 = AXIS2_PLACEMENT_3D('',#5949,#5950,#5951);
#5949 = CARTESIAN_POINT('',(32.26,24.713,0.));
#5950 = DIRECTION('',(-0.,-0.,-1.));
#5951 = DIRECTION('',(1.,0.,-0.));
#5952 = ADVANCED_FACE('',(#5953),#5980,.F.);
#5953 = FACE_BOUND('',#5954,.T.);
#5954 = EDGE_LOOP('',(#5955,#5965,#5972,#5973));
#5955 = ORIENTED_EDGE('',*,*,#5956,.T.);
#5956 = EDGE_CURVE('',#5957,#5959,#5961,.T.);
#5957 = VERTEX_POINT('',#5958);
#5958 = CARTESIAN_POINT('',(35.3,22.173,0.));
#5959 = VERTEX_POINT('',#5960);
#5960 = CARTESIAN_POINT('',(35.3,22.173,0.41148));
#5961 = LINE('',#5962,#5963);
#5962 = CARTESIAN_POINT('',(35.3,22.173,0.));
#5963 = VECTOR('',#5964,1.);
#5964 = DIRECTION('',(0.,0.,1.));
#5965 = ORIENTED_EDGE('',*,*,#5966,.T.);
#5966 = EDGE_CURVE('',#5959,#5959,#5967,.T.);
#5967 = CIRCLE('',#5968,0.5);
#5968 = AXIS2_PLACEMENT_3D('',#5969,#5970,#5971);
#5969 = CARTESIAN_POINT('',(34.8,22.173,0.41148));
#5970 = DIRECTION('',(0.,0.,1.));
#5971 = DIRECTION('',(1.,0.,-0.));
#5972 = ORIENTED_EDGE('',*,*,#5956,.F.);
#5973 = ORIENTED_EDGE('',*,*,#5974,.F.);
#5974 = EDGE_CURVE('',#5957,#5957,#5975,.T.);
#5975 = CIRCLE('',#5976,0.5);
#5976 = AXIS2_PLACEMENT_3D('',#5977,#5978,#5979);
#5977 = CARTESIAN_POINT('',(34.8,22.173,0.));
#5978 = DIRECTION('',(0.,0.,1.));
#5979 = DIRECTION('',(1.,0.,-0.));
#5980 = CYLINDRICAL_SURFACE('',#5981,0.5);
#5981 = AXIS2_PLACEMENT_3D('',#5982,#5983,#5984);
#5982 = CARTESIAN_POINT('',(34.8,22.173,0.));
#5983 = DIRECTION('',(-0.,-0.,-1.));
#5984 = DIRECTION('',(1.,0.,-0.));
#5985 = ADVANCED_FACE('',(#5986),#6013,.F.);
#5986 = FACE_BOUND('',#5987,.T.);
#5987 = EDGE_LOOP('',(#5988,#5998,#6005,#6006));
#5988 = ORIENTED_EDGE('',*,*,#5989,.T.);
#5989 = EDGE_CURVE('',#5990,#5992,#5994,.T.);
#5990 = VERTEX_POINT('',#5991);
#5991 = CARTESIAN_POINT('',(35.3,24.713,0.));
#5992 = VERTEX_POINT('',#5993);
#5993 = CARTESIAN_POINT('',(35.3,24.713,0.41148));
#5994 = LINE('',#5995,#5996);
#5995 = CARTESIAN_POINT('',(35.3,24.713,0.));
#5996 = VECTOR('',#5997,1.);
#5997 = DIRECTION('',(0.,0.,1.));
#5998 = ORIENTED_EDGE('',*,*,#5999,.T.);
#5999 = EDGE_CURVE('',#5992,#5992,#6000,.T.);
#6000 = CIRCLE('',#6001,0.5);
#6001 = AXIS2_PLACEMENT_3D('',#6002,#6003,#6004);
#6002 = CARTESIAN_POINT('',(34.8,24.713,0.41148));
#6003 = DIRECTION('',(0.,0.,1.));
#6004 = DIRECTION('',(1.,0.,-0.));
#6005 = ORIENTED_EDGE('',*,*,#5989,.F.);
#6006 = ORIENTED_EDGE('',*,*,#6007,.F.);
#6007 = EDGE_CURVE('',#5990,#5990,#6008,.T.);
#6008 = CIRCLE('',#6009,0.5);
#6009 = AXIS2_PLACEMENT_3D('',#6010,#6011,#6012);
#6010 = CARTESIAN_POINT('',(34.8,24.713,0.));
#6011 = DIRECTION('',(0.,0.,1.));
#6012 = DIRECTION('',(1.,0.,-0.));
#6013 = CYLINDRICAL_SURFACE('',#6014,0.5);
#6014 = AXIS2_PLACEMENT_3D('',#6015,#6016,#6017);
#6015 = CARTESIAN_POINT('',(34.8,24.713,0.));
#6016 = DIRECTION('',(-0.,-0.,-1.));
#6017 = DIRECTION('',(1.,0.,-0.));
#6018 = ADVANCED_FACE('',(#6019),#6046,.F.);
#6019 = FACE_BOUND('',#6020,.T.);
#6020 = EDGE_LOOP('',(#6021,#6031,#6038,#6039));
#6021 = ORIENTED_EDGE('',*,*,#6022,.T.);
#6022 = EDGE_CURVE('',#6023,#6025,#6027,.T.);
#6023 = VERTEX_POINT('',#6024);
#6024 = CARTESIAN_POINT('',(27.68,29.793,0.));
#6025 = VERTEX_POINT('',#6026);
#6026 = CARTESIAN_POINT('',(27.68,29.793,0.41148));
#6027 = LINE('',#6028,#6029);
#6028 = CARTESIAN_POINT('',(27.68,29.793,0.));
#6029 = VECTOR('',#6030,1.);
#6030 = DIRECTION('',(0.,0.,1.));
#6031 = ORIENTED_EDGE('',*,*,#6032,.T.);
#6032 = EDGE_CURVE('',#6025,#6025,#6033,.T.);
#6033 = CIRCLE('',#6034,0.5);
#6034 = AXIS2_PLACEMENT_3D('',#6035,#6036,#6037);
#6035 = CARTESIAN_POINT('',(27.18,29.793,0.41148));
#6036 = DIRECTION('',(0.,0.,1.));
#6037 = DIRECTION('',(1.,0.,-0.));
#6038 = ORIENTED_EDGE('',*,*,#6022,.F.);
#6039 = ORIENTED_EDGE('',*,*,#6040,.F.);
#6040 = EDGE_CURVE('',#6023,#6023,#6041,.T.);
#6041 = CIRCLE('',#6042,0.5);
#6042 = AXIS2_PLACEMENT_3D('',#6043,#6044,#6045);
#6043 = CARTESIAN_POINT('',(27.18,29.793,0.));
#6044 = DIRECTION('',(0.,0.,1.));
#6045 = DIRECTION('',(1.,0.,-0.));
#6046 = CYLINDRICAL_SURFACE('',#6047,0.5);
#6047 = AXIS2_PLACEMENT_3D('',#6048,#6049,#6050);
#6048 = CARTESIAN_POINT('',(27.18,29.793,0.));
#6049 = DIRECTION('',(-0.,-0.,-1.));
#6050 = DIRECTION('',(1.,0.,-0.));
#6051 = ADVANCED_FACE('',(#6052),#6079,.F.);
#6052 = FACE_BOUND('',#6053,.T.);
#6053 = EDGE_LOOP('',(#6054,#6064,#6071,#6072));
#6054 = ORIENTED_EDGE('',*,*,#6055,.T.);
#6055 = EDGE_CURVE('',#6056,#6058,#6060,.T.);
#6056 = VERTEX_POINT('',#6057);
#6057 = CARTESIAN_POINT('',(30.22,27.253,0.));
#6058 = VERTEX_POINT('',#6059);
#6059 = CARTESIAN_POINT('',(30.22,27.253,0.41148));
#6060 = LINE('',#6061,#6062);
#6061 = CARTESIAN_POINT('',(30.22,27.253,0.));
#6062 = VECTOR('',#6063,1.);
#6063 = DIRECTION('',(0.,0.,1.));
#6064 = ORIENTED_EDGE('',*,*,#6065,.T.);
#6065 = EDGE_CURVE('',#6058,#6058,#6066,.T.);
#6066 = CIRCLE('',#6067,0.5);
#6067 = AXIS2_PLACEMENT_3D('',#6068,#6069,#6070);
#6068 = CARTESIAN_POINT('',(29.72,27.253,0.41148));
#6069 = DIRECTION('',(0.,0.,1.));
#6070 = DIRECTION('',(1.,0.,-0.));
#6071 = ORIENTED_EDGE('',*,*,#6055,.F.);
#6072 = ORIENTED_EDGE('',*,*,#6073,.F.);
#6073 = EDGE_CURVE('',#6056,#6056,#6074,.T.);
#6074 = CIRCLE('',#6075,0.5);
#6075 = AXIS2_PLACEMENT_3D('',#6076,#6077,#6078);
#6076 = CARTESIAN_POINT('',(29.72,27.253,0.));
#6077 = DIRECTION('',(0.,0.,1.));
#6078 = DIRECTION('',(1.,0.,-0.));
#6079 = CYLINDRICAL_SURFACE('',#6080,0.5);
#6080 = AXIS2_PLACEMENT_3D('',#6081,#6082,#6083);
#6081 = CARTESIAN_POINT('',(29.72,27.253,0.));
#6082 = DIRECTION('',(-0.,-0.,-1.));
#6083 = DIRECTION('',(1.,0.,-0.));
#6084 = ADVANCED_FACE('',(#6085),#6112,.F.);
#6085 = FACE_BOUND('',#6086,.T.);
#6086 = EDGE_LOOP('',(#6087,#6097,#6104,#6105));
#6087 = ORIENTED_EDGE('',*,*,#6088,.T.);
#6088 = EDGE_CURVE('',#6089,#6091,#6093,.T.);
#6089 = VERTEX_POINT('',#6090);
#6090 = CARTESIAN_POINT('',(27.68,27.253,0.));
#6091 = VERTEX_POINT('',#6092);
#6092 = CARTESIAN_POINT('',(27.68,27.253,0.41148));
#6093 = LINE('',#6094,#6095);
#6094 = CARTESIAN_POINT('',(27.68,27.253,0.));
#6095 = VECTOR('',#6096,1.);
#6096 = DIRECTION('',(0.,0.,1.));
#6097 = ORIENTED_EDGE('',*,*,#6098,.T.);
#6098 = EDGE_CURVE('',#6091,#6091,#6099,.T.);
#6099 = CIRCLE('',#6100,0.5);
#6100 = AXIS2_PLACEMENT_3D('',#6101,#6102,#6103);
#6101 = CARTESIAN_POINT('',(27.18,27.253,0.41148));
#6102 = DIRECTION('',(0.,0.,1.));
#6103 = DIRECTION('',(1.,0.,-0.));
#6104 = ORIENTED_EDGE('',*,*,#6088,.F.);
#6105 = ORIENTED_EDGE('',*,*,#6106,.F.);
#6106 = EDGE_CURVE('',#6089,#6089,#6107,.T.);
#6107 = CIRCLE('',#6108,0.5);
#6108 = AXIS2_PLACEMENT_3D('',#6109,#6110,#6111);
#6109 = CARTESIAN_POINT('',(27.18,27.253,0.));
#6110 = DIRECTION('',(0.,0.,1.));
#6111 = DIRECTION('',(1.,0.,-0.));
#6112 = CYLINDRICAL_SURFACE('',#6113,0.5);
#6113 = AXIS2_PLACEMENT_3D('',#6114,#6115,#6116);
#6114 = CARTESIAN_POINT('',(27.18,27.253,0.));
#6115 = DIRECTION('',(-0.,-0.,-1.));
#6116 = DIRECTION('',(1.,0.,-0.));
#6117 = ADVANCED_FACE('',(#6118),#6145,.F.);
#6118 = FACE_BOUND('',#6119,.T.);
#6119 = EDGE_LOOP('',(#6120,#6130,#6137,#6138));
#6120 = ORIENTED_EDGE('',*,*,#6121,.T.);
#6121 = EDGE_CURVE('',#6122,#6124,#6126,.T.);
#6122 = VERTEX_POINT('',#6123);
#6123 = CARTESIAN_POINT('',(27.68,32.333,0.));
#6124 = VERTEX_POINT('',#6125);
#6125 = CARTESIAN_POINT('',(27.68,32.333,0.41148));
#6126 = LINE('',#6127,#6128);
#6127 = CARTESIAN_POINT('',(27.68,32.333,0.));
#6128 = VECTOR('',#6129,1.);
#6129 = DIRECTION('',(0.,0.,1.));
#6130 = ORIENTED_EDGE('',*,*,#6131,.T.);
#6131 = EDGE_CURVE('',#6124,#6124,#6132,.T.);
#6132 = CIRCLE('',#6133,0.5);
#6133 = AXIS2_PLACEMENT_3D('',#6134,#6135,#6136);
#6134 = CARTESIAN_POINT('',(27.18,32.333,0.41148));
#6135 = DIRECTION('',(0.,0.,1.));
#6136 = DIRECTION('',(1.,0.,-0.));
#6137 = ORIENTED_EDGE('',*,*,#6121,.F.);
#6138 = ORIENTED_EDGE('',*,*,#6139,.F.);
#6139 = EDGE_CURVE('',#6122,#6122,#6140,.T.);
#6140 = CIRCLE('',#6141,0.5);
#6141 = AXIS2_PLACEMENT_3D('',#6142,#6143,#6144);
#6142 = CARTESIAN_POINT('',(27.18,32.333,0.));
#6143 = DIRECTION('',(0.,0.,1.));
#6144 = DIRECTION('',(1.,0.,-0.));
#6145 = CYLINDRICAL_SURFACE('',#6146,0.5);
#6146 = AXIS2_PLACEMENT_3D('',#6147,#6148,#6149);
#6147 = CARTESIAN_POINT('',(27.18,32.333,0.));
#6148 = DIRECTION('',(-0.,-0.,-1.));
#6149 = DIRECTION('',(1.,0.,-0.));
#6150 = ADVANCED_FACE('',(#6151),#6178,.F.);
#6151 = FACE_BOUND('',#6152,.T.);
#6152 = EDGE_LOOP('',(#6153,#6163,#6170,#6171));
#6153 = ORIENTED_EDGE('',*,*,#6154,.T.);
#6154 = EDGE_CURVE('',#6155,#6157,#6159,.T.);
#6155 = VERTEX_POINT('',#6156);
#6156 = CARTESIAN_POINT('',(27.68,34.873,0.));
#6157 = VERTEX_POINT('',#6158);
#6158 = CARTESIAN_POINT('',(27.68,34.873,0.41148));
#6159 = LINE('',#6160,#6161);
#6160 = CARTESIAN_POINT('',(27.68,34.873,0.));
#6161 = VECTOR('',#6162,1.);
#6162 = DIRECTION('',(0.,0.,1.));
#6163 = ORIENTED_EDGE('',*,*,#6164,.T.);
#6164 = EDGE_CURVE('',#6157,#6157,#6165,.T.);
#6165 = CIRCLE('',#6166,0.5);
#6166 = AXIS2_PLACEMENT_3D('',#6167,#6168,#6169);
#6167 = CARTESIAN_POINT('',(27.18,34.873,0.41148));
#6168 = DIRECTION('',(0.,0.,1.));
#6169 = DIRECTION('',(1.,0.,-0.));
#6170 = ORIENTED_EDGE('',*,*,#6154,.F.);
#6171 = ORIENTED_EDGE('',*,*,#6172,.F.);
#6172 = EDGE_CURVE('',#6155,#6155,#6173,.T.);
#6173 = CIRCLE('',#6174,0.5);
#6174 = AXIS2_PLACEMENT_3D('',#6175,#6176,#6177);
#6175 = CARTESIAN_POINT('',(27.18,34.873,0.));
#6176 = DIRECTION('',(0.,0.,1.));
#6177 = DIRECTION('',(1.,0.,-0.));
#6178 = CYLINDRICAL_SURFACE('',#6179,0.5);
#6179 = AXIS2_PLACEMENT_3D('',#6180,#6181,#6182);
#6180 = CARTESIAN_POINT('',(27.18,34.873,0.));
#6181 = DIRECTION('',(-0.,-0.,-1.));
#6182 = DIRECTION('',(1.,0.,-0.));
#6183 = ADVANCED_FACE('',(#6184),#6211,.F.);
#6184 = FACE_BOUND('',#6185,.T.);
#6185 = EDGE_LOOP('',(#6186,#6196,#6203,#6204));
#6186 = ORIENTED_EDGE('',*,*,#6187,.T.);
#6187 = EDGE_CURVE('',#6188,#6190,#6192,.T.);
#6188 = VERTEX_POINT('',#6189);
#6189 = CARTESIAN_POINT('',(30.22,29.793,0.));
#6190 = VERTEX_POINT('',#6191);
#6191 = CARTESIAN_POINT('',(30.22,29.793,0.41148));
#6192 = LINE('',#6193,#6194);
#6193 = CARTESIAN_POINT('',(30.22,29.793,0.));
#6194 = VECTOR('',#6195,1.);
#6195 = DIRECTION('',(0.,0.,1.));
#6196 = ORIENTED_EDGE('',*,*,#6197,.T.);
#6197 = EDGE_CURVE('',#6190,#6190,#6198,.T.);
#6198 = CIRCLE('',#6199,0.5);
#6199 = AXIS2_PLACEMENT_3D('',#6200,#6201,#6202);
#6200 = CARTESIAN_POINT('',(29.72,29.793,0.41148));
#6201 = DIRECTION('',(0.,0.,1.));
#6202 = DIRECTION('',(1.,0.,-0.));
#6203 = ORIENTED_EDGE('',*,*,#6187,.F.);
#6204 = ORIENTED_EDGE('',*,*,#6205,.F.);
#6205 = EDGE_CURVE('',#6188,#6188,#6206,.T.);
#6206 = CIRCLE('',#6207,0.5);
#6207 = AXIS2_PLACEMENT_3D('',#6208,#6209,#6210);
#6208 = CARTESIAN_POINT('',(29.72,29.793,0.));
#6209 = DIRECTION('',(0.,0.,1.));
#6210 = DIRECTION('',(1.,0.,-0.));
#6211 = CYLINDRICAL_SURFACE('',#6212,0.5);
#6212 = AXIS2_PLACEMENT_3D('',#6213,#6214,#6215);
#6213 = CARTESIAN_POINT('',(29.72,29.793,0.));
#6214 = DIRECTION('',(-0.,-0.,-1.));
#6215 = DIRECTION('',(1.,0.,-0.));
#6216 = ADVANCED_FACE('',(#6217),#6244,.F.);
#6217 = FACE_BOUND('',#6218,.T.);
#6218 = EDGE_LOOP('',(#6219,#6229,#6236,#6237));
#6219 = ORIENTED_EDGE('',*,*,#6220,.T.);
#6220 = EDGE_CURVE('',#6221,#6223,#6225,.T.);
#6221 = VERTEX_POINT('',#6222);
#6222 = CARTESIAN_POINT('',(30.22,34.873,0.));
#6223 = VERTEX_POINT('',#6224);
#6224 = CARTESIAN_POINT('',(30.22,34.873,0.41148));
#6225 = LINE('',#6226,#6227);
#6226 = CARTESIAN_POINT('',(30.22,34.873,0.));
#6227 = VECTOR('',#6228,1.);
#6228 = DIRECTION('',(0.,0.,1.));
#6229 = ORIENTED_EDGE('',*,*,#6230,.T.);
#6230 = EDGE_CURVE('',#6223,#6223,#6231,.T.);
#6231 = CIRCLE('',#6232,0.5);
#6232 = AXIS2_PLACEMENT_3D('',#6233,#6234,#6235);
#6233 = CARTESIAN_POINT('',(29.72,34.873,0.41148));
#6234 = DIRECTION('',(0.,0.,1.));
#6235 = DIRECTION('',(1.,0.,-0.));
#6236 = ORIENTED_EDGE('',*,*,#6220,.F.);
#6237 = ORIENTED_EDGE('',*,*,#6238,.F.);
#6238 = EDGE_CURVE('',#6221,#6221,#6239,.T.);
#6239 = CIRCLE('',#6240,0.5);
#6240 = AXIS2_PLACEMENT_3D('',#6241,#6242,#6243);
#6241 = CARTESIAN_POINT('',(29.72,34.873,0.));
#6242 = DIRECTION('',(0.,0.,1.));
#6243 = DIRECTION('',(1.,0.,-0.));
#6244 = CYLINDRICAL_SURFACE('',#6245,0.5);
#6245 = AXIS2_PLACEMENT_3D('',#6246,#6247,#6248);
#6246 = CARTESIAN_POINT('',(29.72,34.873,0.));
#6247 = DIRECTION('',(-0.,-0.,-1.));
#6248 = DIRECTION('',(1.,0.,-0.));
#6249 = ADVANCED_FACE('',(#6250),#6277,.F.);
#6250 = FACE_BOUND('',#6251,.T.);
#6251 = EDGE_LOOP('',(#6252,#6262,#6269,#6270));
#6252 = ORIENTED_EDGE('',*,*,#6253,.T.);
#6253 = EDGE_CURVE('',#6254,#6256,#6258,.T.);
#6254 = VERTEX_POINT('',#6255);
#6255 = CARTESIAN_POINT('',(30.22,32.333,0.));
#6256 = VERTEX_POINT('',#6257);
#6257 = CARTESIAN_POINT('',(30.22,32.333,0.41148));
#6258 = LINE('',#6259,#6260);
#6259 = CARTESIAN_POINT('',(30.22,32.333,0.));
#6260 = VECTOR('',#6261,1.);
#6261 = DIRECTION('',(0.,0.,1.));
#6262 = ORIENTED_EDGE('',*,*,#6263,.T.);
#6263 = EDGE_CURVE('',#6256,#6256,#6264,.T.);
#6264 = CIRCLE('',#6265,0.5);
#6265 = AXIS2_PLACEMENT_3D('',#6266,#6267,#6268);
#6266 = CARTESIAN_POINT('',(29.72,32.333,0.41148));
#6267 = DIRECTION('',(0.,0.,1.));
#6268 = DIRECTION('',(1.,0.,-0.));
#6269 = ORIENTED_EDGE('',*,*,#6253,.F.);
#6270 = ORIENTED_EDGE('',*,*,#6271,.F.);
#6271 = EDGE_CURVE('',#6254,#6254,#6272,.T.);
#6272 = CIRCLE('',#6273,0.5);
#6273 = AXIS2_PLACEMENT_3D('',#6274,#6275,#6276);
#6274 = CARTESIAN_POINT('',(29.72,32.333,0.));
#6275 = DIRECTION('',(0.,0.,1.));
#6276 = DIRECTION('',(1.,0.,-0.));
#6277 = CYLINDRICAL_SURFACE('',#6278,0.5);
#6278 = AXIS2_PLACEMENT_3D('',#6279,#6280,#6281);
#6279 = CARTESIAN_POINT('',(29.72,32.333,0.));
#6280 = DIRECTION('',(-0.,-0.,-1.));
#6281 = DIRECTION('',(1.,0.,-0.));
#6282 = ADVANCED_FACE('',(#6283),#6310,.F.);
#6283 = FACE_BOUND('',#6284,.T.);
#6284 = EDGE_LOOP('',(#6285,#6295,#6302,#6303));
#6285 = ORIENTED_EDGE('',*,*,#6286,.T.);
#6286 = EDGE_CURVE('',#6287,#6289,#6291,.T.);
#6287 = VERTEX_POINT('',#6288);
#6288 = CARTESIAN_POINT('',(32.76,27.253,0.));
#6289 = VERTEX_POINT('',#6290);
#6290 = CARTESIAN_POINT('',(32.76,27.253,0.41148));
#6291 = LINE('',#6292,#6293);
#6292 = CARTESIAN_POINT('',(32.76,27.253,0.));
#6293 = VECTOR('',#6294,1.);
#6294 = DIRECTION('',(0.,0.,1.));
#6295 = ORIENTED_EDGE('',*,*,#6296,.T.);
#6296 = EDGE_CURVE('',#6289,#6289,#6297,.T.);
#6297 = CIRCLE('',#6298,0.5);
#6298 = AXIS2_PLACEMENT_3D('',#6299,#6300,#6301);
#6299 = CARTESIAN_POINT('',(32.26,27.253,0.41148));
#6300 = DIRECTION('',(0.,0.,1.));
#6301 = DIRECTION('',(1.,0.,-0.));
#6302 = ORIENTED_EDGE('',*,*,#6286,.F.);
#6303 = ORIENTED_EDGE('',*,*,#6304,.F.);
#6304 = EDGE_CURVE('',#6287,#6287,#6305,.T.);
#6305 = CIRCLE('',#6306,0.5);
#6306 = AXIS2_PLACEMENT_3D('',#6307,#6308,#6309);
#6307 = CARTESIAN_POINT('',(32.26,27.253,0.));
#6308 = DIRECTION('',(0.,0.,1.));
#6309 = DIRECTION('',(1.,0.,-0.));
#6310 = CYLINDRICAL_SURFACE('',#6311,0.5);
#6311 = AXIS2_PLACEMENT_3D('',#6312,#6313,#6314);
#6312 = CARTESIAN_POINT('',(32.26,27.253,0.));
#6313 = DIRECTION('',(-0.,-0.,-1.));
#6314 = DIRECTION('',(1.,0.,-0.));
#6315 = ADVANCED_FACE('',(#6316),#6343,.F.);
#6316 = FACE_BOUND('',#6317,.T.);
#6317 = EDGE_LOOP('',(#6318,#6328,#6335,#6336));
#6318 = ORIENTED_EDGE('',*,*,#6319,.T.);
#6319 = EDGE_CURVE('',#6320,#6322,#6324,.T.);
#6320 = VERTEX_POINT('',#6321);
#6321 = CARTESIAN_POINT('',(32.76,29.793,0.));
#6322 = VERTEX_POINT('',#6323);
#6323 = CARTESIAN_POINT('',(32.76,29.793,0.41148));
#6324 = LINE('',#6325,#6326);
#6325 = CARTESIAN_POINT('',(32.76,29.793,0.));
#6326 = VECTOR('',#6327,1.);
#6327 = DIRECTION('',(0.,0.,1.));
#6328 = ORIENTED_EDGE('',*,*,#6329,.T.);
#6329 = EDGE_CURVE('',#6322,#6322,#6330,.T.);
#6330 = CIRCLE('',#6331,0.5);
#6331 = AXIS2_PLACEMENT_3D('',#6332,#6333,#6334);
#6332 = CARTESIAN_POINT('',(32.26,29.793,0.41148));
#6333 = DIRECTION('',(0.,0.,1.));
#6334 = DIRECTION('',(1.,0.,-0.));
#6335 = ORIENTED_EDGE('',*,*,#6319,.F.);
#6336 = ORIENTED_EDGE('',*,*,#6337,.F.);
#6337 = EDGE_CURVE('',#6320,#6320,#6338,.T.);
#6338 = CIRCLE('',#6339,0.5);
#6339 = AXIS2_PLACEMENT_3D('',#6340,#6341,#6342);
#6340 = CARTESIAN_POINT('',(32.26,29.793,0.));
#6341 = DIRECTION('',(0.,0.,1.));
#6342 = DIRECTION('',(1.,0.,-0.));
#6343 = CYLINDRICAL_SURFACE('',#6344,0.5);
#6344 = AXIS2_PLACEMENT_3D('',#6345,#6346,#6347);
#6345 = CARTESIAN_POINT('',(32.26,29.793,0.));
#6346 = DIRECTION('',(-0.,-0.,-1.));
#6347 = DIRECTION('',(1.,0.,-0.));
#6348 = ADVANCED_FACE('',(#6349),#6376,.F.);
#6349 = FACE_BOUND('',#6350,.T.);
#6350 = EDGE_LOOP('',(#6351,#6361,#6368,#6369));
#6351 = ORIENTED_EDGE('',*,*,#6352,.T.);
#6352 = EDGE_CURVE('',#6353,#6355,#6357,.T.);
#6353 = VERTEX_POINT('',#6354);
#6354 = CARTESIAN_POINT('',(32.76,32.333,0.));
#6355 = VERTEX_POINT('',#6356);
#6356 = CARTESIAN_POINT('',(32.76,32.333,0.41148));
#6357 = LINE('',#6358,#6359);
#6358 = CARTESIAN_POINT('',(32.76,32.333,0.));
#6359 = VECTOR('',#6360,1.);
#6360 = DIRECTION('',(0.,0.,1.));
#6361 = ORIENTED_EDGE('',*,*,#6362,.T.);
#6362 = EDGE_CURVE('',#6355,#6355,#6363,.T.);
#6363 = CIRCLE('',#6364,0.5);
#6364 = AXIS2_PLACEMENT_3D('',#6365,#6366,#6367);
#6365 = CARTESIAN_POINT('',(32.26,32.333,0.41148));
#6366 = DIRECTION('',(0.,0.,1.));
#6367 = DIRECTION('',(1.,0.,-0.));
#6368 = ORIENTED_EDGE('',*,*,#6352,.F.);
#6369 = ORIENTED_EDGE('',*,*,#6370,.F.);
#6370 = EDGE_CURVE('',#6353,#6353,#6371,.T.);
#6371 = CIRCLE('',#6372,0.5);
#6372 = AXIS2_PLACEMENT_3D('',#6373,#6374,#6375);
#6373 = CARTESIAN_POINT('',(32.26,32.333,0.));
#6374 = DIRECTION('',(0.,0.,1.));
#6375 = DIRECTION('',(1.,0.,-0.));
#6376 = CYLINDRICAL_SURFACE('',#6377,0.5);
#6377 = AXIS2_PLACEMENT_3D('',#6378,#6379,#6380);
#6378 = CARTESIAN_POINT('',(32.26,32.333,0.));
#6379 = DIRECTION('',(-0.,-0.,-1.));
#6380 = DIRECTION('',(1.,0.,-0.));
#6381 = ADVANCED_FACE('',(#6382),#6409,.F.);
#6382 = FACE_BOUND('',#6383,.T.);
#6383 = EDGE_LOOP('',(#6384,#6394,#6401,#6402));
#6384 = ORIENTED_EDGE('',*,*,#6385,.T.);
#6385 = EDGE_CURVE('',#6386,#6388,#6390,.T.);
#6386 = VERTEX_POINT('',#6387);
#6387 = CARTESIAN_POINT('',(32.76,34.873,0.));
#6388 = VERTEX_POINT('',#6389);
#6389 = CARTESIAN_POINT('',(32.76,34.873,0.41148));
#6390 = LINE('',#6391,#6392);
#6391 = CARTESIAN_POINT('',(32.76,34.873,0.));
#6392 = VECTOR('',#6393,1.);
#6393 = DIRECTION('',(0.,0.,1.));
#6394 = ORIENTED_EDGE('',*,*,#6395,.T.);
#6395 = EDGE_CURVE('',#6388,#6388,#6396,.T.);
#6396 = CIRCLE('',#6397,0.5);
#6397 = AXIS2_PLACEMENT_3D('',#6398,#6399,#6400);
#6398 = CARTESIAN_POINT('',(32.26,34.873,0.41148));
#6399 = DIRECTION('',(0.,0.,1.));
#6400 = DIRECTION('',(1.,0.,-0.));
#6401 = ORIENTED_EDGE('',*,*,#6385,.F.);
#6402 = ORIENTED_EDGE('',*,*,#6403,.F.);
#6403 = EDGE_CURVE('',#6386,#6386,#6404,.T.);
#6404 = CIRCLE('',#6405,0.5);
#6405 = AXIS2_PLACEMENT_3D('',#6406,#6407,#6408);
#6406 = CARTESIAN_POINT('',(32.26,34.873,0.));
#6407 = DIRECTION('',(0.,0.,1.));
#6408 = DIRECTION('',(1.,0.,-0.));
#6409 = CYLINDRICAL_SURFACE('',#6410,0.5);
#6410 = AXIS2_PLACEMENT_3D('',#6411,#6412,#6413);
#6411 = CARTESIAN_POINT('',(32.26,34.873,0.));
#6412 = DIRECTION('',(-0.,-0.,-1.));
#6413 = DIRECTION('',(1.,0.,-0.));
#6414 = ADVANCED_FACE('',(#6415),#6442,.F.);
#6415 = FACE_BOUND('',#6416,.T.);
#6416 = EDGE_LOOP('',(#6417,#6427,#6434,#6435));
#6417 = ORIENTED_EDGE('',*,*,#6418,.T.);
#6418 = EDGE_CURVE('',#6419,#6421,#6423,.T.);
#6419 = VERTEX_POINT('',#6420);
#6420 = CARTESIAN_POINT('',(35.3,32.333,0.));
#6421 = VERTEX_POINT('',#6422);
#6422 = CARTESIAN_POINT('',(35.3,32.333,0.41148));
#6423 = LINE('',#6424,#6425);
#6424 = CARTESIAN_POINT('',(35.3,32.333,0.));
#6425 = VECTOR('',#6426,1.);
#6426 = DIRECTION('',(0.,0.,1.));
#6427 = ORIENTED_EDGE('',*,*,#6428,.T.);
#6428 = EDGE_CURVE('',#6421,#6421,#6429,.T.);
#6429 = CIRCLE('',#6430,0.5);
#6430 = AXIS2_PLACEMENT_3D('',#6431,#6432,#6433);
#6431 = CARTESIAN_POINT('',(34.8,32.333,0.41148));
#6432 = DIRECTION('',(0.,0.,1.));
#6433 = DIRECTION('',(1.,0.,-0.));
#6434 = ORIENTED_EDGE('',*,*,#6418,.F.);
#6435 = ORIENTED_EDGE('',*,*,#6436,.F.);
#6436 = EDGE_CURVE('',#6419,#6419,#6437,.T.);
#6437 = CIRCLE('',#6438,0.5);
#6438 = AXIS2_PLACEMENT_3D('',#6439,#6440,#6441);
#6439 = CARTESIAN_POINT('',(34.8,32.333,0.));
#6440 = DIRECTION('',(0.,0.,1.));
#6441 = DIRECTION('',(1.,0.,-0.));
#6442 = CYLINDRICAL_SURFACE('',#6443,0.5);
#6443 = AXIS2_PLACEMENT_3D('',#6444,#6445,#6446);
#6444 = CARTESIAN_POINT('',(34.8,32.333,0.));
#6445 = DIRECTION('',(-0.,-0.,-1.));
#6446 = DIRECTION('',(1.,0.,-0.));
#6447 = ADVANCED_FACE('',(#6448),#6475,.F.);
#6448 = FACE_BOUND('',#6449,.T.);
#6449 = EDGE_LOOP('',(#6450,#6460,#6467,#6468));
#6450 = ORIENTED_EDGE('',*,*,#6451,.T.);
#6451 = EDGE_CURVE('',#6452,#6454,#6456,.T.);
#6452 = VERTEX_POINT('',#6453);
#6453 = CARTESIAN_POINT('',(35.3,34.873,0.));
#6454 = VERTEX_POINT('',#6455);
#6455 = CARTESIAN_POINT('',(35.3,34.873,0.41148));
#6456 = LINE('',#6457,#6458);
#6457 = CARTESIAN_POINT('',(35.3,34.873,0.));
#6458 = VECTOR('',#6459,1.);
#6459 = DIRECTION('',(0.,0.,1.));
#6460 = ORIENTED_EDGE('',*,*,#6461,.T.);
#6461 = EDGE_CURVE('',#6454,#6454,#6462,.T.);
#6462 = CIRCLE('',#6463,0.5);
#6463 = AXIS2_PLACEMENT_3D('',#6464,#6465,#6466);
#6464 = CARTESIAN_POINT('',(34.8,34.873,0.41148));
#6465 = DIRECTION('',(0.,0.,1.));
#6466 = DIRECTION('',(1.,0.,-0.));
#6467 = ORIENTED_EDGE('',*,*,#6451,.F.);
#6468 = ORIENTED_EDGE('',*,*,#6469,.F.);
#6469 = EDGE_CURVE('',#6452,#6452,#6470,.T.);
#6470 = CIRCLE('',#6471,0.5);
#6471 = AXIS2_PLACEMENT_3D('',#6472,#6473,#6474);
#6472 = CARTESIAN_POINT('',(34.8,34.873,0.));
#6473 = DIRECTION('',(0.,0.,1.));
#6474 = DIRECTION('',(1.,0.,-0.));
#6475 = CYLINDRICAL_SURFACE('',#6476,0.5);
#6476 = AXIS2_PLACEMENT_3D('',#6477,#6478,#6479);
#6477 = CARTESIAN_POINT('',(34.8,34.873,0.));
#6478 = DIRECTION('',(-0.,-0.,-1.));
#6479 = DIRECTION('',(1.,0.,-0.));
#6480 = ADVANCED_FACE('',(#6481),#6508,.F.);
#6481 = FACE_BOUND('',#6482,.T.);
#6482 = EDGE_LOOP('',(#6483,#6493,#6500,#6501));
#6483 = ORIENTED_EDGE('',*,*,#6484,.T.);
#6484 = EDGE_CURVE('',#6485,#6487,#6489,.T.);
#6485 = VERTEX_POINT('',#6486);
#6486 = CARTESIAN_POINT('',(37.84,17.093,0.));
#6487 = VERTEX_POINT('',#6488);
#6488 = CARTESIAN_POINT('',(37.84,17.093,0.41148));
#6489 = LINE('',#6490,#6491);
#6490 = CARTESIAN_POINT('',(37.84,17.093,0.));
#6491 = VECTOR('',#6492,1.);
#6492 = DIRECTION('',(0.,0.,1.));
#6493 = ORIENTED_EDGE('',*,*,#6494,.T.);
#6494 = EDGE_CURVE('',#6487,#6487,#6495,.T.);
#6495 = CIRCLE('',#6496,0.5);
#6496 = AXIS2_PLACEMENT_3D('',#6497,#6498,#6499);
#6497 = CARTESIAN_POINT('',(37.34,17.093,0.41148));
#6498 = DIRECTION('',(0.,0.,1.));
#6499 = DIRECTION('',(1.,0.,-0.));
#6500 = ORIENTED_EDGE('',*,*,#6484,.F.);
#6501 = ORIENTED_EDGE('',*,*,#6502,.F.);
#6502 = EDGE_CURVE('',#6485,#6485,#6503,.T.);
#6503 = CIRCLE('',#6504,0.5);
#6504 = AXIS2_PLACEMENT_3D('',#6505,#6506,#6507);
#6505 = CARTESIAN_POINT('',(37.34,17.093,0.));
#6506 = DIRECTION('',(0.,0.,1.));
#6507 = DIRECTION('',(1.,0.,-0.));
#6508 = CYLINDRICAL_SURFACE('',#6509,0.5);
#6509 = AXIS2_PLACEMENT_3D('',#6510,#6511,#6512);
#6510 = CARTESIAN_POINT('',(37.34,17.093,0.));
#6511 = DIRECTION('',(-0.,-0.,-1.));
#6512 = DIRECTION('',(1.,0.,-0.));
#6513 = ADVANCED_FACE('',(#6514),#6541,.F.);
#6514 = FACE_BOUND('',#6515,.T.);
#6515 = EDGE_LOOP('',(#6516,#6526,#6533,#6534));
#6516 = ORIENTED_EDGE('',*,*,#6517,.T.);
#6517 = EDGE_CURVE('',#6518,#6520,#6522,.T.);
#6518 = VERTEX_POINT('',#6519);
#6519 = CARTESIAN_POINT('',(40.38,19.633,0.));
#6520 = VERTEX_POINT('',#6521);
#6521 = CARTESIAN_POINT('',(40.38,19.633,0.41148));
#6522 = LINE('',#6523,#6524);
#6523 = CARTESIAN_POINT('',(40.38,19.633,0.));
#6524 = VECTOR('',#6525,1.);
#6525 = DIRECTION('',(0.,0.,1.));
#6526 = ORIENTED_EDGE('',*,*,#6527,.T.);
#6527 = EDGE_CURVE('',#6520,#6520,#6528,.T.);
#6528 = CIRCLE('',#6529,0.5);
#6529 = AXIS2_PLACEMENT_3D('',#6530,#6531,#6532);
#6530 = CARTESIAN_POINT('',(39.88,19.633,0.41148));
#6531 = DIRECTION('',(0.,0.,1.));
#6532 = DIRECTION('',(1.,0.,-0.));
#6533 = ORIENTED_EDGE('',*,*,#6517,.F.);
#6534 = ORIENTED_EDGE('',*,*,#6535,.F.);
#6535 = EDGE_CURVE('',#6518,#6518,#6536,.T.);
#6536 = CIRCLE('',#6537,0.5);
#6537 = AXIS2_PLACEMENT_3D('',#6538,#6539,#6540);
#6538 = CARTESIAN_POINT('',(39.88,19.633,0.));
#6539 = DIRECTION('',(0.,0.,1.));
#6540 = DIRECTION('',(1.,0.,-0.));
#6541 = CYLINDRICAL_SURFACE('',#6542,0.5);
#6542 = AXIS2_PLACEMENT_3D('',#6543,#6544,#6545);
#6543 = CARTESIAN_POINT('',(39.88,19.633,0.));
#6544 = DIRECTION('',(-0.,-0.,-1.));
#6545 = DIRECTION('',(1.,0.,-0.));
#6546 = ADVANCED_FACE('',(#6547),#6574,.F.);
#6547 = FACE_BOUND('',#6548,.T.);
#6548 = EDGE_LOOP('',(#6549,#6559,#6566,#6567));
#6549 = ORIENTED_EDGE('',*,*,#6550,.T.);
#6550 = EDGE_CURVE('',#6551,#6553,#6555,.T.);
#6551 = VERTEX_POINT('',#6552);
#6552 = CARTESIAN_POINT('',(37.84,19.633,0.));
#6553 = VERTEX_POINT('',#6554);
#6554 = CARTESIAN_POINT('',(37.84,19.633,0.41148));
#6555 = LINE('',#6556,#6557);
#6556 = CARTESIAN_POINT('',(37.84,19.633,0.));
#6557 = VECTOR('',#6558,1.);
#6558 = DIRECTION('',(0.,0.,1.));
#6559 = ORIENTED_EDGE('',*,*,#6560,.T.);
#6560 = EDGE_CURVE('',#6553,#6553,#6561,.T.);
#6561 = CIRCLE('',#6562,0.5);
#6562 = AXIS2_PLACEMENT_3D('',#6563,#6564,#6565);
#6563 = CARTESIAN_POINT('',(37.34,19.633,0.41148));
#6564 = DIRECTION('',(0.,0.,1.));
#6565 = DIRECTION('',(1.,0.,-0.));
#6566 = ORIENTED_EDGE('',*,*,#6550,.F.);
#6567 = ORIENTED_EDGE('',*,*,#6568,.F.);
#6568 = EDGE_CURVE('',#6551,#6551,#6569,.T.);
#6569 = CIRCLE('',#6570,0.5);
#6570 = AXIS2_PLACEMENT_3D('',#6571,#6572,#6573);
#6571 = CARTESIAN_POINT('',(37.34,19.633,0.));
#6572 = DIRECTION('',(0.,0.,1.));
#6573 = DIRECTION('',(1.,0.,-0.));
#6574 = CYLINDRICAL_SURFACE('',#6575,0.5);
#6575 = AXIS2_PLACEMENT_3D('',#6576,#6577,#6578);
#6576 = CARTESIAN_POINT('',(37.34,19.633,0.));
#6577 = DIRECTION('',(-0.,-0.,-1.));
#6578 = DIRECTION('',(1.,0.,-0.));
#6579 = ADVANCED_FACE('',(#6580),#6607,.F.);
#6580 = FACE_BOUND('',#6581,.T.);
#6581 = EDGE_LOOP('',(#6582,#6592,#6599,#6600));
#6582 = ORIENTED_EDGE('',*,*,#6583,.T.);
#6583 = EDGE_CURVE('',#6584,#6586,#6588,.T.);
#6584 = VERTEX_POINT('',#6585);
#6585 = CARTESIAN_POINT('',(37.84,24.713,0.));
#6586 = VERTEX_POINT('',#6587);
#6587 = CARTESIAN_POINT('',(37.84,24.713,0.41148));
#6588 = LINE('',#6589,#6590);
#6589 = CARTESIAN_POINT('',(37.84,24.713,0.));
#6590 = VECTOR('',#6591,1.);
#6591 = DIRECTION('',(0.,0.,1.));
#6592 = ORIENTED_EDGE('',*,*,#6593,.T.);
#6593 = EDGE_CURVE('',#6586,#6586,#6594,.T.);
#6594 = CIRCLE('',#6595,0.5);
#6595 = AXIS2_PLACEMENT_3D('',#6596,#6597,#6598);
#6596 = CARTESIAN_POINT('',(37.34,24.713,0.41148));
#6597 = DIRECTION('',(0.,0.,1.));
#6598 = DIRECTION('',(1.,0.,-0.));
#6599 = ORIENTED_EDGE('',*,*,#6583,.F.);
#6600 = ORIENTED_EDGE('',*,*,#6601,.F.);
#6601 = EDGE_CURVE('',#6584,#6584,#6602,.T.);
#6602 = CIRCLE('',#6603,0.5);
#6603 = AXIS2_PLACEMENT_3D('',#6604,#6605,#6606);
#6604 = CARTESIAN_POINT('',(37.34,24.713,0.));
#6605 = DIRECTION('',(0.,0.,1.));
#6606 = DIRECTION('',(1.,0.,-0.));
#6607 = CYLINDRICAL_SURFACE('',#6608,0.5);
#6608 = AXIS2_PLACEMENT_3D('',#6609,#6610,#6611);
#6609 = CARTESIAN_POINT('',(37.34,24.713,0.));
#6610 = DIRECTION('',(-0.,-0.,-1.));
#6611 = DIRECTION('',(1.,0.,-0.));
#6612 = ADVANCED_FACE('',(#6613),#6640,.F.);
#6613 = FACE_BOUND('',#6614,.T.);
#6614 = EDGE_LOOP('',(#6615,#6625,#6632,#6633));
#6615 = ORIENTED_EDGE('',*,*,#6616,.T.);
#6616 = EDGE_CURVE('',#6617,#6619,#6621,.T.);
#6617 = VERTEX_POINT('',#6618);
#6618 = CARTESIAN_POINT('',(40.38,22.173,0.));
#6619 = VERTEX_POINT('',#6620);
#6620 = CARTESIAN_POINT('',(40.38,22.173,0.41148));
#6621 = LINE('',#6622,#6623);
#6622 = CARTESIAN_POINT('',(40.38,22.173,0.));
#6623 = VECTOR('',#6624,1.);
#6624 = DIRECTION('',(0.,0.,1.));
#6625 = ORIENTED_EDGE('',*,*,#6626,.T.);
#6626 = EDGE_CURVE('',#6619,#6619,#6627,.T.);
#6627 = CIRCLE('',#6628,0.5);
#6628 = AXIS2_PLACEMENT_3D('',#6629,#6630,#6631);
#6629 = CARTESIAN_POINT('',(39.88,22.173,0.41148));
#6630 = DIRECTION('',(0.,0.,1.));
#6631 = DIRECTION('',(1.,0.,-0.));
#6632 = ORIENTED_EDGE('',*,*,#6616,.F.);
#6633 = ORIENTED_EDGE('',*,*,#6634,.F.);
#6634 = EDGE_CURVE('',#6617,#6617,#6635,.T.);
#6635 = CIRCLE('',#6636,0.5);
#6636 = AXIS2_PLACEMENT_3D('',#6637,#6638,#6639);
#6637 = CARTESIAN_POINT('',(39.88,22.173,0.));
#6638 = DIRECTION('',(0.,0.,1.));
#6639 = DIRECTION('',(1.,0.,-0.));
#6640 = CYLINDRICAL_SURFACE('',#6641,0.5);
#6641 = AXIS2_PLACEMENT_3D('',#6642,#6643,#6644);
#6642 = CARTESIAN_POINT('',(39.88,22.173,0.));
#6643 = DIRECTION('',(-0.,-0.,-1.));
#6644 = DIRECTION('',(1.,0.,-0.));
#6645 = ADVANCED_FACE('',(#6646),#6673,.F.);
#6646 = FACE_BOUND('',#6647,.T.);
#6647 = EDGE_LOOP('',(#6648,#6658,#6665,#6666));
#6648 = ORIENTED_EDGE('',*,*,#6649,.T.);
#6649 = EDGE_CURVE('',#6650,#6652,#6654,.T.);
#6650 = VERTEX_POINT('',#6651);
#6651 = CARTESIAN_POINT('',(37.84,22.173,0.));
#6652 = VERTEX_POINT('',#6653);
#6653 = CARTESIAN_POINT('',(37.84,22.173,0.41148));
#6654 = LINE('',#6655,#6656);
#6655 = CARTESIAN_POINT('',(37.84,22.173,0.));
#6656 = VECTOR('',#6657,1.);
#6657 = DIRECTION('',(0.,0.,1.));
#6658 = ORIENTED_EDGE('',*,*,#6659,.T.);
#6659 = EDGE_CURVE('',#6652,#6652,#6660,.T.);
#6660 = CIRCLE('',#6661,0.5);
#6661 = AXIS2_PLACEMENT_3D('',#6662,#6663,#6664);
#6662 = CARTESIAN_POINT('',(37.34,22.173,0.41148));
#6663 = DIRECTION('',(0.,0.,1.));
#6664 = DIRECTION('',(1.,0.,-0.));
#6665 = ORIENTED_EDGE('',*,*,#6649,.F.);
#6666 = ORIENTED_EDGE('',*,*,#6667,.F.);
#6667 = EDGE_CURVE('',#6650,#6650,#6668,.T.);
#6668 = CIRCLE('',#6669,0.5);
#6669 = AXIS2_PLACEMENT_3D('',#6670,#6671,#6672);
#6670 = CARTESIAN_POINT('',(37.34,22.173,0.));
#6671 = DIRECTION('',(0.,0.,1.));
#6672 = DIRECTION('',(1.,0.,-0.));
#6673 = CYLINDRICAL_SURFACE('',#6674,0.5);
#6674 = AXIS2_PLACEMENT_3D('',#6675,#6676,#6677);
#6675 = CARTESIAN_POINT('',(37.34,22.173,0.));
#6676 = DIRECTION('',(-0.,-0.,-1.));
#6677 = DIRECTION('',(1.,0.,-0.));
#6678 = ADVANCED_FACE('',(#6679),#6706,.F.);
#6679 = FACE_BOUND('',#6680,.T.);
#6680 = EDGE_LOOP('',(#6681,#6691,#6698,#6699));
#6681 = ORIENTED_EDGE('',*,*,#6682,.T.);
#6682 = EDGE_CURVE('',#6683,#6685,#6687,.T.);
#6683 = VERTEX_POINT('',#6684);
#6684 = CARTESIAN_POINT('',(42.92,19.633,0.));
#6685 = VERTEX_POINT('',#6686);
#6686 = CARTESIAN_POINT('',(42.92,19.633,0.41148));
#6687 = LINE('',#6688,#6689);
#6688 = CARTESIAN_POINT('',(42.92,19.633,0.));
#6689 = VECTOR('',#6690,1.);
#6690 = DIRECTION('',(0.,0.,1.));
#6691 = ORIENTED_EDGE('',*,*,#6692,.T.);
#6692 = EDGE_CURVE('',#6685,#6685,#6693,.T.);
#6693 = CIRCLE('',#6694,0.5);
#6694 = AXIS2_PLACEMENT_3D('',#6695,#6696,#6697);
#6695 = CARTESIAN_POINT('',(42.42,19.633,0.41148));
#6696 = DIRECTION('',(0.,0.,1.));
#6697 = DIRECTION('',(1.,0.,-0.));
#6698 = ORIENTED_EDGE('',*,*,#6682,.F.);
#6699 = ORIENTED_EDGE('',*,*,#6700,.F.);
#6700 = EDGE_CURVE('',#6683,#6683,#6701,.T.);
#6701 = CIRCLE('',#6702,0.5);
#6702 = AXIS2_PLACEMENT_3D('',#6703,#6704,#6705);
#6703 = CARTESIAN_POINT('',(42.42,19.633,0.));
#6704 = DIRECTION('',(0.,0.,1.));
#6705 = DIRECTION('',(1.,0.,-0.));
#6706 = CYLINDRICAL_SURFACE('',#6707,0.5);
#6707 = AXIS2_PLACEMENT_3D('',#6708,#6709,#6710);
#6708 = CARTESIAN_POINT('',(42.42,19.633,0.));
#6709 = DIRECTION('',(-0.,-0.,-1.));
#6710 = DIRECTION('',(1.,0.,-0.));
#6711 = ADVANCED_FACE('',(#6712),#6739,.F.);
#6712 = FACE_BOUND('',#6713,.T.);
#6713 = EDGE_LOOP('',(#6714,#6724,#6731,#6732));
#6714 = ORIENTED_EDGE('',*,*,#6715,.T.);
#6715 = EDGE_CURVE('',#6716,#6718,#6720,.T.);
#6716 = VERTEX_POINT('',#6717);
#6717 = CARTESIAN_POINT('',(48.,19.633,0.));
#6718 = VERTEX_POINT('',#6719);
#6719 = CARTESIAN_POINT('',(48.,19.633,0.41148));
#6720 = LINE('',#6721,#6722);
#6721 = CARTESIAN_POINT('',(48.,19.633,0.));
#6722 = VECTOR('',#6723,1.);
#6723 = DIRECTION('',(0.,0.,1.));
#6724 = ORIENTED_EDGE('',*,*,#6725,.T.);
#6725 = EDGE_CURVE('',#6718,#6718,#6726,.T.);
#6726 = CIRCLE('',#6727,0.5);
#6727 = AXIS2_PLACEMENT_3D('',#6728,#6729,#6730);
#6728 = CARTESIAN_POINT('',(47.5,19.633,0.41148));
#6729 = DIRECTION('',(0.,0.,1.));
#6730 = DIRECTION('',(1.,0.,-0.));
#6731 = ORIENTED_EDGE('',*,*,#6715,.F.);
#6732 = ORIENTED_EDGE('',*,*,#6733,.F.);
#6733 = EDGE_CURVE('',#6716,#6716,#6734,.T.);
#6734 = CIRCLE('',#6735,0.5);
#6735 = AXIS2_PLACEMENT_3D('',#6736,#6737,#6738);
#6736 = CARTESIAN_POINT('',(47.5,19.633,0.));
#6737 = DIRECTION('',(0.,0.,1.));
#6738 = DIRECTION('',(1.,0.,-0.));
#6739 = CYLINDRICAL_SURFACE('',#6740,0.5);
#6740 = AXIS2_PLACEMENT_3D('',#6741,#6742,#6743);
#6741 = CARTESIAN_POINT('',(47.5,19.633,0.));
#6742 = DIRECTION('',(-0.,-0.,-1.));
#6743 = DIRECTION('',(1.,0.,-0.));
#6744 = ADVANCED_FACE('',(#6745),#6772,.F.);
#6745 = FACE_BOUND('',#6746,.T.);
#6746 = EDGE_LOOP('',(#6747,#6757,#6764,#6765));
#6747 = ORIENTED_EDGE('',*,*,#6748,.T.);
#6748 = EDGE_CURVE('',#6749,#6751,#6753,.T.);
#6749 = VERTEX_POINT('',#6750);
#6750 = CARTESIAN_POINT('',(45.46,19.633,0.));
#6751 = VERTEX_POINT('',#6752);
#6752 = CARTESIAN_POINT('',(45.46,19.633,0.41148));
#6753 = LINE('',#6754,#6755);
#6754 = CARTESIAN_POINT('',(45.46,19.633,0.));
#6755 = VECTOR('',#6756,1.);
#6756 = DIRECTION('',(0.,0.,1.));
#6757 = ORIENTED_EDGE('',*,*,#6758,.T.);
#6758 = EDGE_CURVE('',#6751,#6751,#6759,.T.);
#6759 = CIRCLE('',#6760,0.5);
#6760 = AXIS2_PLACEMENT_3D('',#6761,#6762,#6763);
#6761 = CARTESIAN_POINT('',(44.96,19.633,0.41148));
#6762 = DIRECTION('',(0.,0.,1.));
#6763 = DIRECTION('',(1.,0.,-0.));
#6764 = ORIENTED_EDGE('',*,*,#6748,.F.);
#6765 = ORIENTED_EDGE('',*,*,#6766,.F.);
#6766 = EDGE_CURVE('',#6749,#6749,#6767,.T.);
#6767 = CIRCLE('',#6768,0.5);
#6768 = AXIS2_PLACEMENT_3D('',#6769,#6770,#6771);
#6769 = CARTESIAN_POINT('',(44.96,19.633,0.));
#6770 = DIRECTION('',(0.,0.,1.));
#6771 = DIRECTION('',(1.,0.,-0.));
#6772 = CYLINDRICAL_SURFACE('',#6773,0.5);
#6773 = AXIS2_PLACEMENT_3D('',#6774,#6775,#6776);
#6774 = CARTESIAN_POINT('',(44.96,19.633,0.));
#6775 = DIRECTION('',(-0.,-0.,-1.));
#6776 = DIRECTION('',(1.,0.,-0.));
#6777 = ADVANCED_FACE('',(#6778),#6805,.F.);
#6778 = FACE_BOUND('',#6779,.T.);
#6779 = EDGE_LOOP('',(#6780,#6790,#6797,#6798));
#6780 = ORIENTED_EDGE('',*,*,#6781,.T.);
#6781 = EDGE_CURVE('',#6782,#6784,#6786,.T.);
#6782 = VERTEX_POINT('',#6783);
#6783 = CARTESIAN_POINT('',(42.92,22.173,0.));
#6784 = VERTEX_POINT('',#6785);
#6785 = CARTESIAN_POINT('',(42.92,22.173,0.41148));
#6786 = LINE('',#6787,#6788);
#6787 = CARTESIAN_POINT('',(42.92,22.173,0.));
#6788 = VECTOR('',#6789,1.);
#6789 = DIRECTION('',(0.,0.,1.));
#6790 = ORIENTED_EDGE('',*,*,#6791,.T.);
#6791 = EDGE_CURVE('',#6784,#6784,#6792,.T.);
#6792 = CIRCLE('',#6793,0.5);
#6793 = AXIS2_PLACEMENT_3D('',#6794,#6795,#6796);
#6794 = CARTESIAN_POINT('',(42.42,22.173,0.41148));
#6795 = DIRECTION('',(0.,0.,1.));
#6796 = DIRECTION('',(1.,0.,-0.));
#6797 = ORIENTED_EDGE('',*,*,#6781,.F.);
#6798 = ORIENTED_EDGE('',*,*,#6799,.F.);
#6799 = EDGE_CURVE('',#6782,#6782,#6800,.T.);
#6800 = CIRCLE('',#6801,0.5);
#6801 = AXIS2_PLACEMENT_3D('',#6802,#6803,#6804);
#6802 = CARTESIAN_POINT('',(42.42,22.173,0.));
#6803 = DIRECTION('',(0.,0.,1.));
#6804 = DIRECTION('',(1.,0.,-0.));
#6805 = CYLINDRICAL_SURFACE('',#6806,0.5);
#6806 = AXIS2_PLACEMENT_3D('',#6807,#6808,#6809);
#6807 = CARTESIAN_POINT('',(42.42,22.173,0.));
#6808 = DIRECTION('',(-0.,-0.,-1.));
#6809 = DIRECTION('',(1.,0.,-0.));
#6810 = ADVANCED_FACE('',(#6811),#6838,.F.);
#6811 = FACE_BOUND('',#6812,.T.);
#6812 = EDGE_LOOP('',(#6813,#6823,#6830,#6831));
#6813 = ORIENTED_EDGE('',*,*,#6814,.T.);
#6814 = EDGE_CURVE('',#6815,#6817,#6819,.T.);
#6815 = VERTEX_POINT('',#6816);
#6816 = CARTESIAN_POINT('',(42.92,24.713,0.));
#6817 = VERTEX_POINT('',#6818);
#6818 = CARTESIAN_POINT('',(42.92,24.713,0.41148));
#6819 = LINE('',#6820,#6821);
#6820 = CARTESIAN_POINT('',(42.92,24.713,0.));
#6821 = VECTOR('',#6822,1.);
#6822 = DIRECTION('',(0.,0.,1.));
#6823 = ORIENTED_EDGE('',*,*,#6824,.T.);
#6824 = EDGE_CURVE('',#6817,#6817,#6825,.T.);
#6825 = CIRCLE('',#6826,0.5);
#6826 = AXIS2_PLACEMENT_3D('',#6827,#6828,#6829);
#6827 = CARTESIAN_POINT('',(42.42,24.713,0.41148));
#6828 = DIRECTION('',(0.,0.,1.));
#6829 = DIRECTION('',(1.,0.,-0.));
#6830 = ORIENTED_EDGE('',*,*,#6814,.F.);
#6831 = ORIENTED_EDGE('',*,*,#6832,.F.);
#6832 = EDGE_CURVE('',#6815,#6815,#6833,.T.);
#6833 = CIRCLE('',#6834,0.5);
#6834 = AXIS2_PLACEMENT_3D('',#6835,#6836,#6837);
#6835 = CARTESIAN_POINT('',(42.42,24.713,0.));
#6836 = DIRECTION('',(0.,0.,1.));
#6837 = DIRECTION('',(1.,0.,-0.));
#6838 = CYLINDRICAL_SURFACE('',#6839,0.5);
#6839 = AXIS2_PLACEMENT_3D('',#6840,#6841,#6842);
#6840 = CARTESIAN_POINT('',(42.42,24.713,0.));
#6841 = DIRECTION('',(-0.,-0.,-1.));
#6842 = DIRECTION('',(1.,0.,-0.));
#6843 = ADVANCED_FACE('',(#6844),#6871,.F.);
#6844 = FACE_BOUND('',#6845,.T.);
#6845 = EDGE_LOOP('',(#6846,#6856,#6863,#6864));
#6846 = ORIENTED_EDGE('',*,*,#6847,.T.);
#6847 = EDGE_CURVE('',#6848,#6850,#6852,.T.);
#6848 = VERTEX_POINT('',#6849);
#6849 = CARTESIAN_POINT('',(48.,22.173,0.));
#6850 = VERTEX_POINT('',#6851);
#6851 = CARTESIAN_POINT('',(48.,22.173,0.41148));
#6852 = LINE('',#6853,#6854);
#6853 = CARTESIAN_POINT('',(48.,22.173,0.));
#6854 = VECTOR('',#6855,1.);
#6855 = DIRECTION('',(0.,0.,1.));
#6856 = ORIENTED_EDGE('',*,*,#6857,.T.);
#6857 = EDGE_CURVE('',#6850,#6850,#6858,.T.);
#6858 = CIRCLE('',#6859,0.5);
#6859 = AXIS2_PLACEMENT_3D('',#6860,#6861,#6862);
#6860 = CARTESIAN_POINT('',(47.5,22.173,0.41148));
#6861 = DIRECTION('',(0.,0.,1.));
#6862 = DIRECTION('',(1.,0.,-0.));
#6863 = ORIENTED_EDGE('',*,*,#6847,.F.);
#6864 = ORIENTED_EDGE('',*,*,#6865,.F.);
#6865 = EDGE_CURVE('',#6848,#6848,#6866,.T.);
#6866 = CIRCLE('',#6867,0.5);
#6867 = AXIS2_PLACEMENT_3D('',#6868,#6869,#6870);
#6868 = CARTESIAN_POINT('',(47.5,22.173,0.));
#6869 = DIRECTION('',(0.,0.,1.));
#6870 = DIRECTION('',(1.,0.,-0.));
#6871 = CYLINDRICAL_SURFACE('',#6872,0.5);
#6872 = AXIS2_PLACEMENT_3D('',#6873,#6874,#6875);
#6873 = CARTESIAN_POINT('',(47.5,22.173,0.));
#6874 = DIRECTION('',(-0.,-0.,-1.));
#6875 = DIRECTION('',(1.,0.,-0.));
#6876 = ADVANCED_FACE('',(#6877),#6904,.F.);
#6877 = FACE_BOUND('',#6878,.T.);
#6878 = EDGE_LOOP('',(#6879,#6889,#6896,#6897));
#6879 = ORIENTED_EDGE('',*,*,#6880,.T.);
#6880 = EDGE_CURVE('',#6881,#6883,#6885,.T.);
#6881 = VERTEX_POINT('',#6882);
#6882 = CARTESIAN_POINT('',(45.46,22.173,0.));
#6883 = VERTEX_POINT('',#6884);
#6884 = CARTESIAN_POINT('',(45.46,22.173,0.41148));
#6885 = LINE('',#6886,#6887);
#6886 = CARTESIAN_POINT('',(45.46,22.173,0.));
#6887 = VECTOR('',#6888,1.);
#6888 = DIRECTION('',(0.,0.,1.));
#6889 = ORIENTED_EDGE('',*,*,#6890,.T.);
#6890 = EDGE_CURVE('',#6883,#6883,#6891,.T.);
#6891 = CIRCLE('',#6892,0.5);
#6892 = AXIS2_PLACEMENT_3D('',#6893,#6894,#6895);
#6893 = CARTESIAN_POINT('',(44.96,22.173,0.41148));
#6894 = DIRECTION('',(0.,0.,1.));
#6895 = DIRECTION('',(1.,0.,-0.));
#6896 = ORIENTED_EDGE('',*,*,#6880,.F.);
#6897 = ORIENTED_EDGE('',*,*,#6898,.F.);
#6898 = EDGE_CURVE('',#6881,#6881,#6899,.T.);
#6899 = CIRCLE('',#6900,0.5);
#6900 = AXIS2_PLACEMENT_3D('',#6901,#6902,#6903);
#6901 = CARTESIAN_POINT('',(44.96,22.173,0.));
#6902 = DIRECTION('',(0.,0.,1.));
#6903 = DIRECTION('',(1.,0.,-0.));
#6904 = CYLINDRICAL_SURFACE('',#6905,0.5);
#6905 = AXIS2_PLACEMENT_3D('',#6906,#6907,#6908);
#6906 = CARTESIAN_POINT('',(44.96,22.173,0.));
#6907 = DIRECTION('',(-0.,-0.,-1.));
#6908 = DIRECTION('',(1.,0.,-0.));
#6909 = ADVANCED_FACE('',(#6910),#6937,.F.);
#6910 = FACE_BOUND('',#6911,.T.);
#6911 = EDGE_LOOP('',(#6912,#6922,#6929,#6930));
#6912 = ORIENTED_EDGE('',*,*,#6913,.T.);
#6913 = EDGE_CURVE('',#6914,#6916,#6918,.T.);
#6914 = VERTEX_POINT('',#6915);
#6915 = CARTESIAN_POINT('',(35.3,27.253,0.));
#6916 = VERTEX_POINT('',#6917);
#6917 = CARTESIAN_POINT('',(35.3,27.253,0.41148));
#6918 = LINE('',#6919,#6920);
#6919 = CARTESIAN_POINT('',(35.3,27.253,0.));
#6920 = VECTOR('',#6921,1.);
#6921 = DIRECTION('',(0.,0.,1.));
#6922 = ORIENTED_EDGE('',*,*,#6923,.T.);
#6923 = EDGE_CURVE('',#6916,#6916,#6924,.T.);
#6924 = CIRCLE('',#6925,0.5);
#6925 = AXIS2_PLACEMENT_3D('',#6926,#6927,#6928);
#6926 = CARTESIAN_POINT('',(34.8,27.253,0.41148));
#6927 = DIRECTION('',(0.,0.,1.));
#6928 = DIRECTION('',(1.,0.,-0.));
#6929 = ORIENTED_EDGE('',*,*,#6913,.F.);
#6930 = ORIENTED_EDGE('',*,*,#6931,.F.);
#6931 = EDGE_CURVE('',#6914,#6914,#6932,.T.);
#6932 = CIRCLE('',#6933,0.5);
#6933 = AXIS2_PLACEMENT_3D('',#6934,#6935,#6936);
#6934 = CARTESIAN_POINT('',(34.8,27.253,0.));
#6935 = DIRECTION('',(0.,0.,1.));
#6936 = DIRECTION('',(1.,0.,-0.));
#6937 = CYLINDRICAL_SURFACE('',#6938,0.5);
#6938 = AXIS2_PLACEMENT_3D('',#6939,#6940,#6941);
#6939 = CARTESIAN_POINT('',(34.8,27.253,0.));
#6940 = DIRECTION('',(-0.,-0.,-1.));
#6941 = DIRECTION('',(1.,0.,-0.));
#6942 = ADVANCED_FACE('',(#6943),#6970,.F.);
#6943 = FACE_BOUND('',#6944,.T.);
#6944 = EDGE_LOOP('',(#6945,#6955,#6962,#6963));
#6945 = ORIENTED_EDGE('',*,*,#6946,.T.);
#6946 = EDGE_CURVE('',#6947,#6949,#6951,.T.);
#6947 = VERTEX_POINT('',#6948);
#6948 = CARTESIAN_POINT('',(40.38,27.253,0.));
#6949 = VERTEX_POINT('',#6950);
#6950 = CARTESIAN_POINT('',(40.38,27.253,0.41148));
#6951 = LINE('',#6952,#6953);
#6952 = CARTESIAN_POINT('',(40.38,27.253,0.));
#6953 = VECTOR('',#6954,1.);
#6954 = DIRECTION('',(0.,0.,1.));
#6955 = ORIENTED_EDGE('',*,*,#6956,.T.);
#6956 = EDGE_CURVE('',#6949,#6949,#6957,.T.);
#6957 = CIRCLE('',#6958,0.5);
#6958 = AXIS2_PLACEMENT_3D('',#6959,#6960,#6961);
#6959 = CARTESIAN_POINT('',(39.88,27.253,0.41148));
#6960 = DIRECTION('',(0.,0.,1.));
#6961 = DIRECTION('',(1.,0.,-0.));
#6962 = ORIENTED_EDGE('',*,*,#6946,.F.);
#6963 = ORIENTED_EDGE('',*,*,#6964,.F.);
#6964 = EDGE_CURVE('',#6947,#6947,#6965,.T.);
#6965 = CIRCLE('',#6966,0.5);
#6966 = AXIS2_PLACEMENT_3D('',#6967,#6968,#6969);
#6967 = CARTESIAN_POINT('',(39.88,27.253,0.));
#6968 = DIRECTION('',(0.,0.,1.));
#6969 = DIRECTION('',(1.,0.,-0.));
#6970 = CYLINDRICAL_SURFACE('',#6971,0.5);
#6971 = AXIS2_PLACEMENT_3D('',#6972,#6973,#6974);
#6972 = CARTESIAN_POINT('',(39.88,27.253,0.));
#6973 = DIRECTION('',(-0.,-0.,-1.));
#6974 = DIRECTION('',(1.,0.,-0.));
#6975 = ADVANCED_FACE('',(#6976),#7003,.F.);
#6976 = FACE_BOUND('',#6977,.T.);
#6977 = EDGE_LOOP('',(#6978,#6988,#6995,#6996));
#6978 = ORIENTED_EDGE('',*,*,#6979,.T.);
#6979 = EDGE_CURVE('',#6980,#6982,#6984,.T.);
#6980 = VERTEX_POINT('',#6981);
#6981 = CARTESIAN_POINT('',(37.84,27.253,0.));
#6982 = VERTEX_POINT('',#6983);
#6983 = CARTESIAN_POINT('',(37.84,27.253,0.41148));
#6984 = LINE('',#6985,#6986);
#6985 = CARTESIAN_POINT('',(37.84,27.253,0.));
#6986 = VECTOR('',#6987,1.);
#6987 = DIRECTION('',(0.,0.,1.));
#6988 = ORIENTED_EDGE('',*,*,#6989,.T.);
#6989 = EDGE_CURVE('',#6982,#6982,#6990,.T.);
#6990 = CIRCLE('',#6991,0.5);
#6991 = AXIS2_PLACEMENT_3D('',#6992,#6993,#6994);
#6992 = CARTESIAN_POINT('',(37.34,27.253,0.41148));
#6993 = DIRECTION('',(0.,0.,1.));
#6994 = DIRECTION('',(1.,0.,-0.));
#6995 = ORIENTED_EDGE('',*,*,#6979,.F.);
#6996 = ORIENTED_EDGE('',*,*,#6997,.F.);
#6997 = EDGE_CURVE('',#6980,#6980,#6998,.T.);
#6998 = CIRCLE('',#6999,0.5);
#6999 = AXIS2_PLACEMENT_3D('',#7000,#7001,#7002);
#7000 = CARTESIAN_POINT('',(37.34,27.253,0.));
#7001 = DIRECTION('',(0.,0.,1.));
#7002 = DIRECTION('',(1.,0.,-0.));
#7003 = CYLINDRICAL_SURFACE('',#7004,0.5);
#7004 = AXIS2_PLACEMENT_3D('',#7005,#7006,#7007);
#7005 = CARTESIAN_POINT('',(37.34,27.253,0.));
#7006 = DIRECTION('',(-0.,-0.,-1.));
#7007 = DIRECTION('',(1.,0.,-0.));
#7008 = ADVANCED_FACE('',(#7009),#7036,.F.);
#7009 = FACE_BOUND('',#7010,.T.);
#7010 = EDGE_LOOP('',(#7011,#7021,#7028,#7029));
#7011 = ORIENTED_EDGE('',*,*,#7012,.T.);
#7012 = EDGE_CURVE('',#7013,#7015,#7017,.T.);
#7013 = VERTEX_POINT('',#7014);
#7014 = CARTESIAN_POINT('',(37.84,29.793,0.));
#7015 = VERTEX_POINT('',#7016);
#7016 = CARTESIAN_POINT('',(37.84,29.793,0.41148));
#7017 = LINE('',#7018,#7019);
#7018 = CARTESIAN_POINT('',(37.84,29.793,0.));
#7019 = VECTOR('',#7020,1.);
#7020 = DIRECTION('',(0.,0.,1.));
#7021 = ORIENTED_EDGE('',*,*,#7022,.T.);
#7022 = EDGE_CURVE('',#7015,#7015,#7023,.T.);
#7023 = CIRCLE('',#7024,0.5);
#7024 = AXIS2_PLACEMENT_3D('',#7025,#7026,#7027);
#7025 = CARTESIAN_POINT('',(37.34,29.793,0.41148));
#7026 = DIRECTION('',(0.,0.,1.));
#7027 = DIRECTION('',(1.,0.,-0.));
#7028 = ORIENTED_EDGE('',*,*,#7012,.F.);
#7029 = ORIENTED_EDGE('',*,*,#7030,.F.);
#7030 = EDGE_CURVE('',#7013,#7013,#7031,.T.);
#7031 = CIRCLE('',#7032,0.5);
#7032 = AXIS2_PLACEMENT_3D('',#7033,#7034,#7035);
#7033 = CARTESIAN_POINT('',(37.34,29.793,0.));
#7034 = DIRECTION('',(0.,0.,1.));
#7035 = DIRECTION('',(1.,0.,-0.));
#7036 = CYLINDRICAL_SURFACE('',#7037,0.5);
#7037 = AXIS2_PLACEMENT_3D('',#7038,#7039,#7040);
#7038 = CARTESIAN_POINT('',(37.34,29.793,0.));
#7039 = DIRECTION('',(-0.,-0.,-1.));
#7040 = DIRECTION('',(1.,0.,-0.));
#7041 = ADVANCED_FACE('',(#7042),#7069,.F.);
#7042 = FACE_BOUND('',#7043,.T.);
#7043 = EDGE_LOOP('',(#7044,#7054,#7061,#7062));
#7044 = ORIENTED_EDGE('',*,*,#7045,.T.);
#7045 = EDGE_CURVE('',#7046,#7048,#7050,.T.);
#7046 = VERTEX_POINT('',#7047);
#7047 = CARTESIAN_POINT('',(35.3,29.793,0.));
#7048 = VERTEX_POINT('',#7049);
#7049 = CARTESIAN_POINT('',(35.3,29.793,0.41148));
#7050 = LINE('',#7051,#7052);
#7051 = CARTESIAN_POINT('',(35.3,29.793,0.));
#7052 = VECTOR('',#7053,1.);
#7053 = DIRECTION('',(0.,0.,1.));
#7054 = ORIENTED_EDGE('',*,*,#7055,.T.);
#7055 = EDGE_CURVE('',#7048,#7048,#7056,.T.);
#7056 = CIRCLE('',#7057,0.5);
#7057 = AXIS2_PLACEMENT_3D('',#7058,#7059,#7060);
#7058 = CARTESIAN_POINT('',(34.8,29.793,0.41148));
#7059 = DIRECTION('',(0.,0.,1.));
#7060 = DIRECTION('',(1.,0.,-0.));
#7061 = ORIENTED_EDGE('',*,*,#7045,.F.);
#7062 = ORIENTED_EDGE('',*,*,#7063,.F.);
#7063 = EDGE_CURVE('',#7046,#7046,#7064,.T.);
#7064 = CIRCLE('',#7065,0.5);
#7065 = AXIS2_PLACEMENT_3D('',#7066,#7067,#7068);
#7066 = CARTESIAN_POINT('',(34.8,29.793,0.));
#7067 = DIRECTION('',(0.,0.,1.));
#7068 = DIRECTION('',(1.,0.,-0.));
#7069 = CYLINDRICAL_SURFACE('',#7070,0.5);
#7070 = AXIS2_PLACEMENT_3D('',#7071,#7072,#7073);
#7071 = CARTESIAN_POINT('',(34.8,29.793,0.));
#7072 = DIRECTION('',(-0.,-0.,-1.));
#7073 = DIRECTION('',(1.,0.,-0.));
#7074 = ADVANCED_FACE('',(#7075),#7102,.F.);
#7075 = FACE_BOUND('',#7076,.T.);
#7076 = EDGE_LOOP('',(#7077,#7087,#7094,#7095));
#7077 = ORIENTED_EDGE('',*,*,#7078,.T.);
#7078 = EDGE_CURVE('',#7079,#7081,#7083,.T.);
#7079 = VERTEX_POINT('',#7080);
#7080 = CARTESIAN_POINT('',(37.84,32.333,0.));
#7081 = VERTEX_POINT('',#7082);
#7082 = CARTESIAN_POINT('',(37.84,32.333,0.41148));
#7083 = LINE('',#7084,#7085);
#7084 = CARTESIAN_POINT('',(37.84,32.333,0.));
#7085 = VECTOR('',#7086,1.);
#7086 = DIRECTION('',(0.,0.,1.));
#7087 = ORIENTED_EDGE('',*,*,#7088,.T.);
#7088 = EDGE_CURVE('',#7081,#7081,#7089,.T.);
#7089 = CIRCLE('',#7090,0.5);
#7090 = AXIS2_PLACEMENT_3D('',#7091,#7092,#7093);
#7091 = CARTESIAN_POINT('',(37.34,32.333,0.41148));
#7092 = DIRECTION('',(0.,0.,1.));
#7093 = DIRECTION('',(1.,0.,-0.));
#7094 = ORIENTED_EDGE('',*,*,#7078,.F.);
#7095 = ORIENTED_EDGE('',*,*,#7096,.F.);
#7096 = EDGE_CURVE('',#7079,#7079,#7097,.T.);
#7097 = CIRCLE('',#7098,0.5);
#7098 = AXIS2_PLACEMENT_3D('',#7099,#7100,#7101);
#7099 = CARTESIAN_POINT('',(37.34,32.333,0.));
#7100 = DIRECTION('',(0.,0.,1.));
#7101 = DIRECTION('',(1.,0.,-0.));
#7102 = CYLINDRICAL_SURFACE('',#7103,0.5);
#7103 = AXIS2_PLACEMENT_3D('',#7104,#7105,#7106);
#7104 = CARTESIAN_POINT('',(37.34,32.333,0.));
#7105 = DIRECTION('',(-0.,-0.,-1.));
#7106 = DIRECTION('',(1.,0.,-0.));
#7107 = ADVANCED_FACE('',(#7108),#7135,.F.);
#7108 = FACE_BOUND('',#7109,.T.);
#7109 = EDGE_LOOP('',(#7110,#7120,#7127,#7128));
#7110 = ORIENTED_EDGE('',*,*,#7111,.T.);
#7111 = EDGE_CURVE('',#7112,#7114,#7116,.T.);
#7112 = VERTEX_POINT('',#7113);
#7113 = CARTESIAN_POINT('',(37.84,34.873,0.));
#7114 = VERTEX_POINT('',#7115);
#7115 = CARTESIAN_POINT('',(37.84,34.873,0.41148));
#7116 = LINE('',#7117,#7118);
#7117 = CARTESIAN_POINT('',(37.84,34.873,0.));
#7118 = VECTOR('',#7119,1.);
#7119 = DIRECTION('',(0.,0.,1.));
#7120 = ORIENTED_EDGE('',*,*,#7121,.T.);
#7121 = EDGE_CURVE('',#7114,#7114,#7122,.T.);
#7122 = CIRCLE('',#7123,0.5);
#7123 = AXIS2_PLACEMENT_3D('',#7124,#7125,#7126);
#7124 = CARTESIAN_POINT('',(37.34,34.873,0.41148));
#7125 = DIRECTION('',(0.,0.,1.));
#7126 = DIRECTION('',(1.,0.,-0.));
#7127 = ORIENTED_EDGE('',*,*,#7111,.F.);
#7128 = ORIENTED_EDGE('',*,*,#7129,.F.);
#7129 = EDGE_CURVE('',#7112,#7112,#7130,.T.);
#7130 = CIRCLE('',#7131,0.5);
#7131 = AXIS2_PLACEMENT_3D('',#7132,#7133,#7134);
#7132 = CARTESIAN_POINT('',(37.34,34.873,0.));
#7133 = DIRECTION('',(0.,0.,1.));
#7134 = DIRECTION('',(1.,0.,-0.));
#7135 = CYLINDRICAL_SURFACE('',#7136,0.5);
#7136 = AXIS2_PLACEMENT_3D('',#7137,#7138,#7139);
#7137 = CARTESIAN_POINT('',(37.34,34.873,0.));
#7138 = DIRECTION('',(-0.,-0.,-1.));
#7139 = DIRECTION('',(1.,0.,-0.));
#7140 = ADVANCED_FACE('',(#7141),#7168,.F.);
#7141 = FACE_BOUND('',#7142,.T.);
#7142 = EDGE_LOOP('',(#7143,#7153,#7160,#7161));
#7143 = ORIENTED_EDGE('',*,*,#7144,.T.);
#7144 = EDGE_CURVE('',#7145,#7147,#7149,.T.);
#7145 = VERTEX_POINT('',#7146);
#7146 = CARTESIAN_POINT('',(40.38,24.713,0.));
#7147 = VERTEX_POINT('',#7148);
#7148 = CARTESIAN_POINT('',(40.38,24.713,0.41148));
#7149 = LINE('',#7150,#7151);
#7150 = CARTESIAN_POINT('',(40.38,24.713,0.));
#7151 = VECTOR('',#7152,1.);
#7152 = DIRECTION('',(0.,0.,1.));
#7153 = ORIENTED_EDGE('',*,*,#7154,.T.);
#7154 = EDGE_CURVE('',#7147,#7147,#7155,.T.);
#7155 = CIRCLE('',#7156,0.5);
#7156 = AXIS2_PLACEMENT_3D('',#7157,#7158,#7159);
#7157 = CARTESIAN_POINT('',(39.88,24.713,0.41148));
#7158 = DIRECTION('',(0.,0.,1.));
#7159 = DIRECTION('',(1.,0.,-0.));
#7160 = ORIENTED_EDGE('',*,*,#7144,.F.);
#7161 = ORIENTED_EDGE('',*,*,#7162,.F.);
#7162 = EDGE_CURVE('',#7145,#7145,#7163,.T.);
#7163 = CIRCLE('',#7164,0.5);
#7164 = AXIS2_PLACEMENT_3D('',#7165,#7166,#7167);
#7165 = CARTESIAN_POINT('',(39.88,24.713,0.));
#7166 = DIRECTION('',(0.,0.,1.));
#7167 = DIRECTION('',(1.,0.,-0.));
#7168 = CYLINDRICAL_SURFACE('',#7169,0.5);
#7169 = AXIS2_PLACEMENT_3D('',#7170,#7171,#7172);
#7170 = CARTESIAN_POINT('',(39.88,24.713,0.));
#7171 = DIRECTION('',(-0.,-0.,-1.));
#7172 = DIRECTION('',(1.,0.,-0.));
#7173 = ADVANCED_FACE('',(#7174),#7201,.F.);
#7174 = FACE_BOUND('',#7175,.T.);
#7175 = EDGE_LOOP('',(#7176,#7186,#7193,#7194));
#7176 = ORIENTED_EDGE('',*,*,#7177,.T.);
#7177 = EDGE_CURVE('',#7178,#7180,#7182,.T.);
#7178 = VERTEX_POINT('',#7179);
#7179 = CARTESIAN_POINT('',(48.,24.713,0.));
#7180 = VERTEX_POINT('',#7181);
#7181 = CARTESIAN_POINT('',(48.,24.713,0.41148));
#7182 = LINE('',#7183,#7184);
#7183 = CARTESIAN_POINT('',(48.,24.713,0.));
#7184 = VECTOR('',#7185,1.);
#7185 = DIRECTION('',(0.,0.,1.));
#7186 = ORIENTED_EDGE('',*,*,#7187,.T.);
#7187 = EDGE_CURVE('',#7180,#7180,#7188,.T.);
#7188 = CIRCLE('',#7189,0.5);
#7189 = AXIS2_PLACEMENT_3D('',#7190,#7191,#7192);
#7190 = CARTESIAN_POINT('',(47.5,24.713,0.41148));
#7191 = DIRECTION('',(0.,0.,1.));
#7192 = DIRECTION('',(1.,0.,-0.));
#7193 = ORIENTED_EDGE('',*,*,#7177,.F.);
#7194 = ORIENTED_EDGE('',*,*,#7195,.F.);
#7195 = EDGE_CURVE('',#7178,#7178,#7196,.T.);
#7196 = CIRCLE('',#7197,0.5);
#7197 = AXIS2_PLACEMENT_3D('',#7198,#7199,#7200);
#7198 = CARTESIAN_POINT('',(47.5,24.713,0.));
#7199 = DIRECTION('',(0.,0.,1.));
#7200 = DIRECTION('',(1.,0.,-0.));
#7201 = CYLINDRICAL_SURFACE('',#7202,0.5);
#7202 = AXIS2_PLACEMENT_3D('',#7203,#7204,#7205);
#7203 = CARTESIAN_POINT('',(47.5,24.713,0.));
#7204 = DIRECTION('',(-0.,-0.,-1.));
#7205 = DIRECTION('',(1.,0.,-0.));
#7206 = ADVANCED_FACE('',(#7207),#7234,.F.);
#7207 = FACE_BOUND('',#7208,.T.);
#7208 = EDGE_LOOP('',(#7209,#7219,#7226,#7227));
#7209 = ORIENTED_EDGE('',*,*,#7210,.T.);
#7210 = EDGE_CURVE('',#7211,#7213,#7215,.T.);
#7211 = VERTEX_POINT('',#7212);
#7212 = CARTESIAN_POINT('',(45.46,24.713,0.));
#7213 = VERTEX_POINT('',#7214);
#7214 = CARTESIAN_POINT('',(45.46,24.713,0.41148));
#7215 = LINE('',#7216,#7217);
#7216 = CARTESIAN_POINT('',(45.46,24.713,0.));
#7217 = VECTOR('',#7218,1.);
#7218 = DIRECTION('',(0.,0.,1.));
#7219 = ORIENTED_EDGE('',*,*,#7220,.T.);
#7220 = EDGE_CURVE('',#7213,#7213,#7221,.T.);
#7221 = CIRCLE('',#7222,0.5);
#7222 = AXIS2_PLACEMENT_3D('',#7223,#7224,#7225);
#7223 = CARTESIAN_POINT('',(44.96,24.713,0.41148));
#7224 = DIRECTION('',(0.,0.,1.));
#7225 = DIRECTION('',(1.,0.,-0.));
#7226 = ORIENTED_EDGE('',*,*,#7210,.F.);
#7227 = ORIENTED_EDGE('',*,*,#7228,.F.);
#7228 = EDGE_CURVE('',#7211,#7211,#7229,.T.);
#7229 = CIRCLE('',#7230,0.5);
#7230 = AXIS2_PLACEMENT_3D('',#7231,#7232,#7233);
#7231 = CARTESIAN_POINT('',(44.96,24.713,0.));
#7232 = DIRECTION('',(0.,0.,1.));
#7233 = DIRECTION('',(1.,0.,-0.));
#7234 = CYLINDRICAL_SURFACE('',#7235,0.5);
#7235 = AXIS2_PLACEMENT_3D('',#7236,#7237,#7238);
#7236 = CARTESIAN_POINT('',(44.96,24.713,0.));
#7237 = DIRECTION('',(-0.,-0.,-1.));
#7238 = DIRECTION('',(1.,0.,-0.));
#7239 = ADVANCED_FACE('',(#7240),#7267,.F.);
#7240 = FACE_BOUND('',#7241,.T.);
#7241 = EDGE_LOOP('',(#7242,#7252,#7259,#7260));
#7242 = ORIENTED_EDGE('',*,*,#7243,.T.);
#7243 = EDGE_CURVE('',#7244,#7246,#7248,.T.);
#7244 = VERTEX_POINT('',#7245);
#7245 = CARTESIAN_POINT('',(40.38,32.333,0.));
#7246 = VERTEX_POINT('',#7247);
#7247 = CARTESIAN_POINT('',(40.38,32.333,0.41148));
#7248 = LINE('',#7249,#7250);
#7249 = CARTESIAN_POINT('',(40.38,32.333,0.));
#7250 = VECTOR('',#7251,1.);
#7251 = DIRECTION('',(0.,0.,1.));
#7252 = ORIENTED_EDGE('',*,*,#7253,.T.);
#7253 = EDGE_CURVE('',#7246,#7246,#7254,.T.);
#7254 = CIRCLE('',#7255,0.5);
#7255 = AXIS2_PLACEMENT_3D('',#7256,#7257,#7258);
#7256 = CARTESIAN_POINT('',(39.88,32.333,0.41148));
#7257 = DIRECTION('',(0.,0.,1.));
#7258 = DIRECTION('',(1.,0.,-0.));
#7259 = ORIENTED_EDGE('',*,*,#7243,.F.);
#7260 = ORIENTED_EDGE('',*,*,#7261,.F.);
#7261 = EDGE_CURVE('',#7244,#7244,#7262,.T.);
#7262 = CIRCLE('',#7263,0.5);
#7263 = AXIS2_PLACEMENT_3D('',#7264,#7265,#7266);
#7264 = CARTESIAN_POINT('',(39.88,32.333,0.));
#7265 = DIRECTION('',(0.,0.,1.));
#7266 = DIRECTION('',(1.,0.,-0.));
#7267 = CYLINDRICAL_SURFACE('',#7268,0.5);
#7268 = AXIS2_PLACEMENT_3D('',#7269,#7270,#7271);
#7269 = CARTESIAN_POINT('',(39.88,32.333,0.));
#7270 = DIRECTION('',(-0.,-0.,-1.));
#7271 = DIRECTION('',(1.,0.,-0.));
#7272 = ADVANCED_FACE('',(#7273),#7300,.F.);
#7273 = FACE_BOUND('',#7274,.T.);
#7274 = EDGE_LOOP('',(#7275,#7285,#7292,#7293));
#7275 = ORIENTED_EDGE('',*,*,#7276,.T.);
#7276 = EDGE_CURVE('',#7277,#7279,#7281,.T.);
#7277 = VERTEX_POINT('',#7278);
#7278 = CARTESIAN_POINT('',(40.38,34.873,0.));
#7279 = VERTEX_POINT('',#7280);
#7280 = CARTESIAN_POINT('',(40.38,34.873,0.41148));
#7281 = LINE('',#7282,#7283);
#7282 = CARTESIAN_POINT('',(40.38,34.873,0.));
#7283 = VECTOR('',#7284,1.);
#7284 = DIRECTION('',(0.,0.,1.));
#7285 = ORIENTED_EDGE('',*,*,#7286,.T.);
#7286 = EDGE_CURVE('',#7279,#7279,#7287,.T.);
#7287 = CIRCLE('',#7288,0.5);
#7288 = AXIS2_PLACEMENT_3D('',#7289,#7290,#7291);
#7289 = CARTESIAN_POINT('',(39.88,34.873,0.41148));
#7290 = DIRECTION('',(0.,0.,1.));
#7291 = DIRECTION('',(1.,0.,-0.));
#7292 = ORIENTED_EDGE('',*,*,#7276,.F.);
#7293 = ORIENTED_EDGE('',*,*,#7294,.F.);
#7294 = EDGE_CURVE('',#7277,#7277,#7295,.T.);
#7295 = CIRCLE('',#7296,0.5);
#7296 = AXIS2_PLACEMENT_3D('',#7297,#7298,#7299);
#7297 = CARTESIAN_POINT('',(39.88,34.873,0.));
#7298 = DIRECTION('',(0.,0.,1.));
#7299 = DIRECTION('',(1.,0.,-0.));
#7300 = CYLINDRICAL_SURFACE('',#7301,0.5);
#7301 = AXIS2_PLACEMENT_3D('',#7302,#7303,#7304);
#7302 = CARTESIAN_POINT('',(39.88,34.873,0.));
#7303 = DIRECTION('',(-0.,-0.,-1.));
#7304 = DIRECTION('',(1.,0.,-0.));
#7305 = ADVANCED_FACE('',(#7306),#7333,.F.);
#7306 = FACE_BOUND('',#7307,.T.);
#7307 = EDGE_LOOP('',(#7308,#7318,#7325,#7326));
#7308 = ORIENTED_EDGE('',*,*,#7309,.T.);
#7309 = EDGE_CURVE('',#7310,#7312,#7314,.T.);
#7310 = VERTEX_POINT('',#7311);
#7311 = CARTESIAN_POINT('',(40.38,29.793,0.));
#7312 = VERTEX_POINT('',#7313);
#7313 = CARTESIAN_POINT('',(40.38,29.793,0.41148));
#7314 = LINE('',#7315,#7316);
#7315 = CARTESIAN_POINT('',(40.38,29.793,0.));
#7316 = VECTOR('',#7317,1.);
#7317 = DIRECTION('',(0.,0.,1.));
#7318 = ORIENTED_EDGE('',*,*,#7319,.T.);
#7319 = EDGE_CURVE('',#7312,#7312,#7320,.T.);
#7320 = CIRCLE('',#7321,0.5);
#7321 = AXIS2_PLACEMENT_3D('',#7322,#7323,#7324);
#7322 = CARTESIAN_POINT('',(39.88,29.793,0.41148));
#7323 = DIRECTION('',(0.,0.,1.));
#7324 = DIRECTION('',(1.,0.,-0.));
#7325 = ORIENTED_EDGE('',*,*,#7309,.F.);
#7326 = ORIENTED_EDGE('',*,*,#7327,.F.);
#7327 = EDGE_CURVE('',#7310,#7310,#7328,.T.);
#7328 = CIRCLE('',#7329,0.5);
#7329 = AXIS2_PLACEMENT_3D('',#7330,#7331,#7332);
#7330 = CARTESIAN_POINT('',(39.88,29.793,0.));
#7331 = DIRECTION('',(0.,0.,1.));
#7332 = DIRECTION('',(1.,0.,-0.));
#7333 = CYLINDRICAL_SURFACE('',#7334,0.5);
#7334 = AXIS2_PLACEMENT_3D('',#7335,#7336,#7337);
#7335 = CARTESIAN_POINT('',(39.88,29.793,0.));
#7336 = DIRECTION('',(-0.,-0.,-1.));
#7337 = DIRECTION('',(1.,0.,-0.));
#7338 = ADVANCED_FACE('',(#7339),#7366,.F.);
#7339 = FACE_BOUND('',#7340,.T.);
#7340 = EDGE_LOOP('',(#7341,#7351,#7358,#7359));
#7341 = ORIENTED_EDGE('',*,*,#7342,.T.);
#7342 = EDGE_CURVE('',#7343,#7345,#7347,.T.);
#7343 = VERTEX_POINT('',#7344);
#7344 = CARTESIAN_POINT('',(45.9,28.925,0.));
#7345 = VERTEX_POINT('',#7346);
#7346 = CARTESIAN_POINT('',(45.9,28.925,0.41148));
#7347 = LINE('',#7348,#7349);
#7348 = CARTESIAN_POINT('',(45.9,28.925,0.));
#7349 = VECTOR('',#7350,1.);
#7350 = DIRECTION('',(0.,0.,1.));
#7351 = ORIENTED_EDGE('',*,*,#7352,.T.);
#7352 = EDGE_CURVE('',#7345,#7345,#7353,.T.);
#7353 = CIRCLE('',#7354,1.6);
#7354 = AXIS2_PLACEMENT_3D('',#7355,#7356,#7357);
#7355 = CARTESIAN_POINT('',(44.3,28.925,0.41148));
#7356 = DIRECTION('',(0.,0.,1.));
#7357 = DIRECTION('',(1.,0.,-0.));
#7358 = ORIENTED_EDGE('',*,*,#7342,.F.);
#7359 = ORIENTED_EDGE('',*,*,#7360,.F.);
#7360 = EDGE_CURVE('',#7343,#7343,#7361,.T.);
#7361 = CIRCLE('',#7362,1.6);
#7362 = AXIS2_PLACEMENT_3D('',#7363,#7364,#7365);
#7363 = CARTESIAN_POINT('',(44.3,28.925,0.));
#7364 = DIRECTION('',(0.,0.,1.));
#7365 = DIRECTION('',(1.,0.,-0.));
#7366 = CYLINDRICAL_SURFACE('',#7367,1.6);
#7367 = AXIS2_PLACEMENT_3D('',#7368,#7369,#7370);
#7368 = CARTESIAN_POINT('',(44.3,28.925,0.));
#7369 = DIRECTION('',(-0.,-0.,-1.));
#7370 = DIRECTION('',(1.,0.,-0.));
#7371 = ADVANCED_FACE('',(#7372,#7382,#7385,#7388,#7391,#7394,#7397,
    #7400,#7403,#7406,#7409,#7412,#7415,#7418,#7421,#7424,#7427,#7430,
    #7433,#7436,#7439,#7442,#7445,#7448,#7451,#7454,#7457,#7460,#7463,
    #7466,#7469,#7472,#7475,#7478,#7481,#7484,#7487,#7490,#7493,#7496,
    #7499,#7502,#7505,#7508,#7511,#7514,#7517,#7520,#7523,#7526,#7529,
    #7532,#7535,#7538,#7541,#7544,#7547,#7550,#7553,#7556,#7559,#7562,
    #7565,#7568,#7571,#7574,#7577,#7580,#7583,#7586,#7589,#7592,#7595,
    #7598,#7601,#7604,#7607,#7610,#7613,#7616,#7619,#7622,#7625,#7628,
    #7631,#7634,#7637,#7640,#7643,#7646,#7649,#7652,#7655,#7658,#7661,
    #7664,#7667,#7670,#7673,#7676,#7679,#7682,#7685,#7688,#7691,#7694,
    #7697,#7700,#7703,#7706,#7709,#7712,#7715,#7718,#7721,#7724,#7727,
    #7730,#7733,#7736,#7739,#7742,#7745,#7748,#7751,#7754,#7757,#7760,
    #7763,#7766,#7769,#7772,#7775,#7778,#7781,#7784,#7787,#7790,#7793,
    #7796,#7799,#7802,#7805,#7808,#7811,#7814,#7817,#7820,#7823,#7826,
    #7829,#7832,#7835,#7838,#7841,#7844,#7847,#7850,#7853,#7856,#7859,
    #7862,#7865,#7868,#7871,#7874,#7877,#7880,#7883,#7886,#7889,#7892,
    #7895,#7898,#7901,#7904,#7907,#7910,#7913,#7916,#7919,#7922,#7925,
    #7928,#7931,#7934,#7937,#7940,#7943,#7946,#7949,#7952,#7955,#7958,
    #7961,#7964,#7967,#7970,#7973,#7976,#7979,#7982,#7985,#7988,#7991,
    #7994,#7997,#8000,#8003,#8006,#8009,#8012,#8015,#8018,#8021),#8024,
  .T.);
#7372 = FACE_BOUND('',#7373,.T.);
#7373 = EDGE_LOOP('',(#7374,#7375,#7376,#7377,#7378,#7379,#7380,#7381));
#7374 = ORIENTED_EDGE('',*,*,#83,.T.);
#7375 = ORIENTED_EDGE('',*,*,#115,.T.);
#7376 = ORIENTED_EDGE('',*,*,#147,.T.);
#7377 = ORIENTED_EDGE('',*,*,#179,.T.);
#7378 = ORIENTED_EDGE('',*,*,#211,.T.);
#7379 = ORIENTED_EDGE('',*,*,#243,.T.);
#7380 = ORIENTED_EDGE('',*,*,#275,.T.);
#7381 = ORIENTED_EDGE('',*,*,#298,.T.);
#7382 = FACE_BOUND('',#7383,.T.);
#7383 = EDGE_LOOP('',(#7384));
#7384 = ORIENTED_EDGE('',*,*,#331,.T.);
#7385 = FACE_BOUND('',#7386,.T.);
#7386 = EDGE_LOOP('',(#7387));
#7387 = ORIENTED_EDGE('',*,*,#364,.T.);
#7388 = FACE_BOUND('',#7389,.T.);
#7389 = EDGE_LOOP('',(#7390));
#7390 = ORIENTED_EDGE('',*,*,#397,.T.);
#7391 = FACE_BOUND('',#7392,.T.);
#7392 = EDGE_LOOP('',(#7393));
#7393 = ORIENTED_EDGE('',*,*,#430,.T.);
#7394 = FACE_BOUND('',#7395,.T.);
#7395 = EDGE_LOOP('',(#7396));
#7396 = ORIENTED_EDGE('',*,*,#463,.T.);
#7397 = FACE_BOUND('',#7398,.T.);
#7398 = EDGE_LOOP('',(#7399));
#7399 = ORIENTED_EDGE('',*,*,#496,.T.);
#7400 = FACE_BOUND('',#7401,.T.);
#7401 = EDGE_LOOP('',(#7402));
#7402 = ORIENTED_EDGE('',*,*,#529,.T.);
#7403 = FACE_BOUND('',#7404,.T.);
#7404 = EDGE_LOOP('',(#7405));
#7405 = ORIENTED_EDGE('',*,*,#562,.T.);
#7406 = FACE_BOUND('',#7407,.T.);
#7407 = EDGE_LOOP('',(#7408));
#7408 = ORIENTED_EDGE('',*,*,#595,.T.);
#7409 = FACE_BOUND('',#7410,.T.);
#7410 = EDGE_LOOP('',(#7411));
#7411 = ORIENTED_EDGE('',*,*,#628,.T.);
#7412 = FACE_BOUND('',#7413,.T.);
#7413 = EDGE_LOOP('',(#7414));
#7414 = ORIENTED_EDGE('',*,*,#661,.T.);
#7415 = FACE_BOUND('',#7416,.T.);
#7416 = EDGE_LOOP('',(#7417));
#7417 = ORIENTED_EDGE('',*,*,#694,.T.);
#7418 = FACE_BOUND('',#7419,.T.);
#7419 = EDGE_LOOP('',(#7420));
#7420 = ORIENTED_EDGE('',*,*,#727,.T.);
#7421 = FACE_BOUND('',#7422,.T.);
#7422 = EDGE_LOOP('',(#7423));
#7423 = ORIENTED_EDGE('',*,*,#760,.T.);
#7424 = FACE_BOUND('',#7425,.T.);
#7425 = EDGE_LOOP('',(#7426));
#7426 = ORIENTED_EDGE('',*,*,#793,.T.);
#7427 = FACE_BOUND('',#7428,.T.);
#7428 = EDGE_LOOP('',(#7429));
#7429 = ORIENTED_EDGE('',*,*,#826,.T.);
#7430 = FACE_BOUND('',#7431,.T.);
#7431 = EDGE_LOOP('',(#7432));
#7432 = ORIENTED_EDGE('',*,*,#859,.T.);
#7433 = FACE_BOUND('',#7434,.T.);
#7434 = EDGE_LOOP('',(#7435));
#7435 = ORIENTED_EDGE('',*,*,#892,.T.);
#7436 = FACE_BOUND('',#7437,.T.);
#7437 = EDGE_LOOP('',(#7438));
#7438 = ORIENTED_EDGE('',*,*,#925,.T.);
#7439 = FACE_BOUND('',#7440,.T.);
#7440 = EDGE_LOOP('',(#7441));
#7441 = ORIENTED_EDGE('',*,*,#958,.T.);
#7442 = FACE_BOUND('',#7443,.T.);
#7443 = EDGE_LOOP('',(#7444));
#7444 = ORIENTED_EDGE('',*,*,#991,.T.);
#7445 = FACE_BOUND('',#7446,.T.);
#7446 = EDGE_LOOP('',(#7447));
#7447 = ORIENTED_EDGE('',*,*,#1024,.T.);
#7448 = FACE_BOUND('',#7449,.T.);
#7449 = EDGE_LOOP('',(#7450));
#7450 = ORIENTED_EDGE('',*,*,#1057,.T.);
#7451 = FACE_BOUND('',#7452,.T.);
#7452 = EDGE_LOOP('',(#7453));
#7453 = ORIENTED_EDGE('',*,*,#1090,.T.);
#7454 = FACE_BOUND('',#7455,.T.);
#7455 = EDGE_LOOP('',(#7456));
#7456 = ORIENTED_EDGE('',*,*,#1123,.T.);
#7457 = FACE_BOUND('',#7458,.T.);
#7458 = EDGE_LOOP('',(#7459));
#7459 = ORIENTED_EDGE('',*,*,#1156,.T.);
#7460 = FACE_BOUND('',#7461,.T.);
#7461 = EDGE_LOOP('',(#7462));
#7462 = ORIENTED_EDGE('',*,*,#1189,.T.);
#7463 = FACE_BOUND('',#7464,.T.);
#7464 = EDGE_LOOP('',(#7465));
#7465 = ORIENTED_EDGE('',*,*,#1222,.T.);
#7466 = FACE_BOUND('',#7467,.T.);
#7467 = EDGE_LOOP('',(#7468));
#7468 = ORIENTED_EDGE('',*,*,#1255,.T.);
#7469 = FACE_BOUND('',#7470,.T.);
#7470 = EDGE_LOOP('',(#7471));
#7471 = ORIENTED_EDGE('',*,*,#1288,.T.);
#7472 = FACE_BOUND('',#7473,.T.);
#7473 = EDGE_LOOP('',(#7474));
#7474 = ORIENTED_EDGE('',*,*,#1321,.T.);
#7475 = FACE_BOUND('',#7476,.T.);
#7476 = EDGE_LOOP('',(#7477));
#7477 = ORIENTED_EDGE('',*,*,#1354,.T.);
#7478 = FACE_BOUND('',#7479,.T.);
#7479 = EDGE_LOOP('',(#7480));
#7480 = ORIENTED_EDGE('',*,*,#1387,.T.);
#7481 = FACE_BOUND('',#7482,.T.);
#7482 = EDGE_LOOP('',(#7483));
#7483 = ORIENTED_EDGE('',*,*,#1420,.T.);
#7484 = FACE_BOUND('',#7485,.T.);
#7485 = EDGE_LOOP('',(#7486));
#7486 = ORIENTED_EDGE('',*,*,#1453,.T.);
#7487 = FACE_BOUND('',#7488,.T.);
#7488 = EDGE_LOOP('',(#7489));
#7489 = ORIENTED_EDGE('',*,*,#1486,.T.);
#7490 = FACE_BOUND('',#7491,.T.);
#7491 = EDGE_LOOP('',(#7492));
#7492 = ORIENTED_EDGE('',*,*,#1519,.T.);
#7493 = FACE_BOUND('',#7494,.T.);
#7494 = EDGE_LOOP('',(#7495));
#7495 = ORIENTED_EDGE('',*,*,#1552,.T.);
#7496 = FACE_BOUND('',#7497,.T.);
#7497 = EDGE_LOOP('',(#7498));
#7498 = ORIENTED_EDGE('',*,*,#1585,.T.);
#7499 = FACE_BOUND('',#7500,.T.);
#7500 = EDGE_LOOP('',(#7501));
#7501 = ORIENTED_EDGE('',*,*,#1618,.T.);
#7502 = FACE_BOUND('',#7503,.T.);
#7503 = EDGE_LOOP('',(#7504));
#7504 = ORIENTED_EDGE('',*,*,#1651,.T.);
#7505 = FACE_BOUND('',#7506,.T.);
#7506 = EDGE_LOOP('',(#7507));
#7507 = ORIENTED_EDGE('',*,*,#1684,.T.);
#7508 = FACE_BOUND('',#7509,.T.);
#7509 = EDGE_LOOP('',(#7510));
#7510 = ORIENTED_EDGE('',*,*,#1717,.T.);
#7511 = FACE_BOUND('',#7512,.T.);
#7512 = EDGE_LOOP('',(#7513));
#7513 = ORIENTED_EDGE('',*,*,#1750,.T.);
#7514 = FACE_BOUND('',#7515,.T.);
#7515 = EDGE_LOOP('',(#7516));
#7516 = ORIENTED_EDGE('',*,*,#1783,.T.);
#7517 = FACE_BOUND('',#7518,.T.);
#7518 = EDGE_LOOP('',(#7519));
#7519 = ORIENTED_EDGE('',*,*,#1816,.T.);
#7520 = FACE_BOUND('',#7521,.T.);
#7521 = EDGE_LOOP('',(#7522));
#7522 = ORIENTED_EDGE('',*,*,#1849,.T.);
#7523 = FACE_BOUND('',#7524,.T.);
#7524 = EDGE_LOOP('',(#7525));
#7525 = ORIENTED_EDGE('',*,*,#1882,.T.);
#7526 = FACE_BOUND('',#7527,.T.);
#7527 = EDGE_LOOP('',(#7528));
#7528 = ORIENTED_EDGE('',*,*,#1915,.T.);
#7529 = FACE_BOUND('',#7530,.T.);
#7530 = EDGE_LOOP('',(#7531));
#7531 = ORIENTED_EDGE('',*,*,#1948,.T.);
#7532 = FACE_BOUND('',#7533,.T.);
#7533 = EDGE_LOOP('',(#7534));
#7534 = ORIENTED_EDGE('',*,*,#1981,.T.);
#7535 = FACE_BOUND('',#7536,.T.);
#7536 = EDGE_LOOP('',(#7537));
#7537 = ORIENTED_EDGE('',*,*,#2014,.T.);
#7538 = FACE_BOUND('',#7539,.T.);
#7539 = EDGE_LOOP('',(#7540));
#7540 = ORIENTED_EDGE('',*,*,#2047,.T.);
#7541 = FACE_BOUND('',#7542,.T.);
#7542 = EDGE_LOOP('',(#7543));
#7543 = ORIENTED_EDGE('',*,*,#2080,.T.);
#7544 = FACE_BOUND('',#7545,.T.);
#7545 = EDGE_LOOP('',(#7546));
#7546 = ORIENTED_EDGE('',*,*,#2113,.T.);
#7547 = FACE_BOUND('',#7548,.T.);
#7548 = EDGE_LOOP('',(#7549));
#7549 = ORIENTED_EDGE('',*,*,#2146,.T.);
#7550 = FACE_BOUND('',#7551,.T.);
#7551 = EDGE_LOOP('',(#7552));
#7552 = ORIENTED_EDGE('',*,*,#2179,.T.);
#7553 = FACE_BOUND('',#7554,.T.);
#7554 = EDGE_LOOP('',(#7555));
#7555 = ORIENTED_EDGE('',*,*,#2212,.T.);
#7556 = FACE_BOUND('',#7557,.T.);
#7557 = EDGE_LOOP('',(#7558));
#7558 = ORIENTED_EDGE('',*,*,#2245,.T.);
#7559 = FACE_BOUND('',#7560,.T.);
#7560 = EDGE_LOOP('',(#7561));
#7561 = ORIENTED_EDGE('',*,*,#2278,.T.);
#7562 = FACE_BOUND('',#7563,.T.);
#7563 = EDGE_LOOP('',(#7564));
#7564 = ORIENTED_EDGE('',*,*,#2311,.T.);
#7565 = FACE_BOUND('',#7566,.T.);
#7566 = EDGE_LOOP('',(#7567));
#7567 = ORIENTED_EDGE('',*,*,#2344,.T.);
#7568 = FACE_BOUND('',#7569,.T.);
#7569 = EDGE_LOOP('',(#7570));
#7570 = ORIENTED_EDGE('',*,*,#2377,.T.);
#7571 = FACE_BOUND('',#7572,.T.);
#7572 = EDGE_LOOP('',(#7573));
#7573 = ORIENTED_EDGE('',*,*,#2410,.T.);
#7574 = FACE_BOUND('',#7575,.T.);
#7575 = EDGE_LOOP('',(#7576));
#7576 = ORIENTED_EDGE('',*,*,#2443,.T.);
#7577 = FACE_BOUND('',#7578,.T.);
#7578 = EDGE_LOOP('',(#7579));
#7579 = ORIENTED_EDGE('',*,*,#2476,.T.);
#7580 = FACE_BOUND('',#7581,.T.);
#7581 = EDGE_LOOP('',(#7582));
#7582 = ORIENTED_EDGE('',*,*,#2509,.T.);
#7583 = FACE_BOUND('',#7584,.T.);
#7584 = EDGE_LOOP('',(#7585));
#7585 = ORIENTED_EDGE('',*,*,#2542,.T.);
#7586 = FACE_BOUND('',#7587,.T.);
#7587 = EDGE_LOOP('',(#7588));
#7588 = ORIENTED_EDGE('',*,*,#2575,.T.);
#7589 = FACE_BOUND('',#7590,.T.);
#7590 = EDGE_LOOP('',(#7591));
#7591 = ORIENTED_EDGE('',*,*,#2608,.T.);
#7592 = FACE_BOUND('',#7593,.T.);
#7593 = EDGE_LOOP('',(#7594));
#7594 = ORIENTED_EDGE('',*,*,#2641,.T.);
#7595 = FACE_BOUND('',#7596,.T.);
#7596 = EDGE_LOOP('',(#7597));
#7597 = ORIENTED_EDGE('',*,*,#2674,.T.);
#7598 = FACE_BOUND('',#7599,.T.);
#7599 = EDGE_LOOP('',(#7600));
#7600 = ORIENTED_EDGE('',*,*,#2707,.T.);
#7601 = FACE_BOUND('',#7602,.T.);
#7602 = EDGE_LOOP('',(#7603));
#7603 = ORIENTED_EDGE('',*,*,#2740,.T.);
#7604 = FACE_BOUND('',#7605,.T.);
#7605 = EDGE_LOOP('',(#7606));
#7606 = ORIENTED_EDGE('',*,*,#2773,.T.);
#7607 = FACE_BOUND('',#7608,.T.);
#7608 = EDGE_LOOP('',(#7609));
#7609 = ORIENTED_EDGE('',*,*,#2806,.T.);
#7610 = FACE_BOUND('',#7611,.T.);
#7611 = EDGE_LOOP('',(#7612));
#7612 = ORIENTED_EDGE('',*,*,#2839,.T.);
#7613 = FACE_BOUND('',#7614,.T.);
#7614 = EDGE_LOOP('',(#7615));
#7615 = ORIENTED_EDGE('',*,*,#2872,.T.);
#7616 = FACE_BOUND('',#7617,.T.);
#7617 = EDGE_LOOP('',(#7618));
#7618 = ORIENTED_EDGE('',*,*,#2905,.T.);
#7619 = FACE_BOUND('',#7620,.T.);
#7620 = EDGE_LOOP('',(#7621));
#7621 = ORIENTED_EDGE('',*,*,#2938,.T.);
#7622 = FACE_BOUND('',#7623,.T.);
#7623 = EDGE_LOOP('',(#7624));
#7624 = ORIENTED_EDGE('',*,*,#2971,.T.);
#7625 = FACE_BOUND('',#7626,.T.);
#7626 = EDGE_LOOP('',(#7627));
#7627 = ORIENTED_EDGE('',*,*,#3004,.T.);
#7628 = FACE_BOUND('',#7629,.T.);
#7629 = EDGE_LOOP('',(#7630));
#7630 = ORIENTED_EDGE('',*,*,#3037,.T.);
#7631 = FACE_BOUND('',#7632,.T.);
#7632 = EDGE_LOOP('',(#7633));
#7633 = ORIENTED_EDGE('',*,*,#3070,.T.);
#7634 = FACE_BOUND('',#7635,.T.);
#7635 = EDGE_LOOP('',(#7636));
#7636 = ORIENTED_EDGE('',*,*,#3103,.T.);
#7637 = FACE_BOUND('',#7638,.T.);
#7638 = EDGE_LOOP('',(#7639));
#7639 = ORIENTED_EDGE('',*,*,#3136,.T.);
#7640 = FACE_BOUND('',#7641,.T.);
#7641 = EDGE_LOOP('',(#7642));
#7642 = ORIENTED_EDGE('',*,*,#3169,.T.);
#7643 = FACE_BOUND('',#7644,.T.);
#7644 = EDGE_LOOP('',(#7645));
#7645 = ORIENTED_EDGE('',*,*,#3202,.T.);
#7646 = FACE_BOUND('',#7647,.T.);
#7647 = EDGE_LOOP('',(#7648));
#7648 = ORIENTED_EDGE('',*,*,#3235,.T.);
#7649 = FACE_BOUND('',#7650,.T.);
#7650 = EDGE_LOOP('',(#7651));
#7651 = ORIENTED_EDGE('',*,*,#3268,.T.);
#7652 = FACE_BOUND('',#7653,.T.);
#7653 = EDGE_LOOP('',(#7654));
#7654 = ORIENTED_EDGE('',*,*,#3301,.T.);
#7655 = FACE_BOUND('',#7656,.T.);
#7656 = EDGE_LOOP('',(#7657));
#7657 = ORIENTED_EDGE('',*,*,#3334,.T.);
#7658 = FACE_BOUND('',#7659,.T.);
#7659 = EDGE_LOOP('',(#7660));
#7660 = ORIENTED_EDGE('',*,*,#3367,.T.);
#7661 = FACE_BOUND('',#7662,.T.);
#7662 = EDGE_LOOP('',(#7663));
#7663 = ORIENTED_EDGE('',*,*,#3400,.T.);
#7664 = FACE_BOUND('',#7665,.T.);
#7665 = EDGE_LOOP('',(#7666));
#7666 = ORIENTED_EDGE('',*,*,#3433,.T.);
#7667 = FACE_BOUND('',#7668,.T.);
#7668 = EDGE_LOOP('',(#7669));
#7669 = ORIENTED_EDGE('',*,*,#3466,.T.);
#7670 = FACE_BOUND('',#7671,.T.);
#7671 = EDGE_LOOP('',(#7672));
#7672 = ORIENTED_EDGE('',*,*,#3499,.T.);
#7673 = FACE_BOUND('',#7674,.T.);
#7674 = EDGE_LOOP('',(#7675));
#7675 = ORIENTED_EDGE('',*,*,#3532,.T.);
#7676 = FACE_BOUND('',#7677,.T.);
#7677 = EDGE_LOOP('',(#7678));
#7678 = ORIENTED_EDGE('',*,*,#3565,.T.);
#7679 = FACE_BOUND('',#7680,.T.);
#7680 = EDGE_LOOP('',(#7681));
#7681 = ORIENTED_EDGE('',*,*,#3598,.T.);
#7682 = FACE_BOUND('',#7683,.T.);
#7683 = EDGE_LOOP('',(#7684));
#7684 = ORIENTED_EDGE('',*,*,#3631,.T.);
#7685 = FACE_BOUND('',#7686,.T.);
#7686 = EDGE_LOOP('',(#7687));
#7687 = ORIENTED_EDGE('',*,*,#3664,.T.);
#7688 = FACE_BOUND('',#7689,.T.);
#7689 = EDGE_LOOP('',(#7690));
#7690 = ORIENTED_EDGE('',*,*,#3697,.T.);
#7691 = FACE_BOUND('',#7692,.T.);
#7692 = EDGE_LOOP('',(#7693));
#7693 = ORIENTED_EDGE('',*,*,#3730,.T.);
#7694 = FACE_BOUND('',#7695,.T.);
#7695 = EDGE_LOOP('',(#7696));
#7696 = ORIENTED_EDGE('',*,*,#3763,.T.);
#7697 = FACE_BOUND('',#7698,.T.);
#7698 = EDGE_LOOP('',(#7699));
#7699 = ORIENTED_EDGE('',*,*,#3796,.T.);
#7700 = FACE_BOUND('',#7701,.T.);
#7701 = EDGE_LOOP('',(#7702));
#7702 = ORIENTED_EDGE('',*,*,#3829,.T.);
#7703 = FACE_BOUND('',#7704,.T.);
#7704 = EDGE_LOOP('',(#7705));
#7705 = ORIENTED_EDGE('',*,*,#3862,.T.);
#7706 = FACE_BOUND('',#7707,.T.);
#7707 = EDGE_LOOP('',(#7708));
#7708 = ORIENTED_EDGE('',*,*,#3895,.T.);
#7709 = FACE_BOUND('',#7710,.T.);
#7710 = EDGE_LOOP('',(#7711));
#7711 = ORIENTED_EDGE('',*,*,#3928,.T.);
#7712 = FACE_BOUND('',#7713,.T.);
#7713 = EDGE_LOOP('',(#7714));
#7714 = ORIENTED_EDGE('',*,*,#3961,.T.);
#7715 = FACE_BOUND('',#7716,.T.);
#7716 = EDGE_LOOP('',(#7717));
#7717 = ORIENTED_EDGE('',*,*,#3994,.T.);
#7718 = FACE_BOUND('',#7719,.T.);
#7719 = EDGE_LOOP('',(#7720));
#7720 = ORIENTED_EDGE('',*,*,#4027,.T.);
#7721 = FACE_BOUND('',#7722,.T.);
#7722 = EDGE_LOOP('',(#7723));
#7723 = ORIENTED_EDGE('',*,*,#4060,.T.);
#7724 = FACE_BOUND('',#7725,.T.);
#7725 = EDGE_LOOP('',(#7726));
#7726 = ORIENTED_EDGE('',*,*,#4093,.T.);
#7727 = FACE_BOUND('',#7728,.T.);
#7728 = EDGE_LOOP('',(#7729));
#7729 = ORIENTED_EDGE('',*,*,#4126,.T.);
#7730 = FACE_BOUND('',#7731,.T.);
#7731 = EDGE_LOOP('',(#7732));
#7732 = ORIENTED_EDGE('',*,*,#4159,.T.);
#7733 = FACE_BOUND('',#7734,.T.);
#7734 = EDGE_LOOP('',(#7735));
#7735 = ORIENTED_EDGE('',*,*,#4192,.T.);
#7736 = FACE_BOUND('',#7737,.T.);
#7737 = EDGE_LOOP('',(#7738));
#7738 = ORIENTED_EDGE('',*,*,#4225,.T.);
#7739 = FACE_BOUND('',#7740,.T.);
#7740 = EDGE_LOOP('',(#7741));
#7741 = ORIENTED_EDGE('',*,*,#4258,.T.);
#7742 = FACE_BOUND('',#7743,.T.);
#7743 = EDGE_LOOP('',(#7744));
#7744 = ORIENTED_EDGE('',*,*,#4291,.T.);
#7745 = FACE_BOUND('',#7746,.T.);
#7746 = EDGE_LOOP('',(#7747));
#7747 = ORIENTED_EDGE('',*,*,#4324,.T.);
#7748 = FACE_BOUND('',#7749,.T.);
#7749 = EDGE_LOOP('',(#7750));
#7750 = ORIENTED_EDGE('',*,*,#4357,.T.);
#7751 = FACE_BOUND('',#7752,.T.);
#7752 = EDGE_LOOP('',(#7753));
#7753 = ORIENTED_EDGE('',*,*,#4390,.T.);
#7754 = FACE_BOUND('',#7755,.T.);
#7755 = EDGE_LOOP('',(#7756));
#7756 = ORIENTED_EDGE('',*,*,#4423,.T.);
#7757 = FACE_BOUND('',#7758,.T.);
#7758 = EDGE_LOOP('',(#7759));
#7759 = ORIENTED_EDGE('',*,*,#4456,.T.);
#7760 = FACE_BOUND('',#7761,.T.);
#7761 = EDGE_LOOP('',(#7762));
#7762 = ORIENTED_EDGE('',*,*,#4489,.T.);
#7763 = FACE_BOUND('',#7764,.T.);
#7764 = EDGE_LOOP('',(#7765));
#7765 = ORIENTED_EDGE('',*,*,#4522,.T.);
#7766 = FACE_BOUND('',#7767,.T.);
#7767 = EDGE_LOOP('',(#7768));
#7768 = ORIENTED_EDGE('',*,*,#4555,.T.);
#7769 = FACE_BOUND('',#7770,.T.);
#7770 = EDGE_LOOP('',(#7771));
#7771 = ORIENTED_EDGE('',*,*,#4588,.T.);
#7772 = FACE_BOUND('',#7773,.T.);
#7773 = EDGE_LOOP('',(#7774));
#7774 = ORIENTED_EDGE('',*,*,#4621,.T.);
#7775 = FACE_BOUND('',#7776,.T.);
#7776 = EDGE_LOOP('',(#7777));
#7777 = ORIENTED_EDGE('',*,*,#4654,.T.);
#7778 = FACE_BOUND('',#7779,.T.);
#7779 = EDGE_LOOP('',(#7780));
#7780 = ORIENTED_EDGE('',*,*,#4687,.T.);
#7781 = FACE_BOUND('',#7782,.T.);
#7782 = EDGE_LOOP('',(#7783));
#7783 = ORIENTED_EDGE('',*,*,#4720,.T.);
#7784 = FACE_BOUND('',#7785,.T.);
#7785 = EDGE_LOOP('',(#7786));
#7786 = ORIENTED_EDGE('',*,*,#4753,.T.);
#7787 = FACE_BOUND('',#7788,.T.);
#7788 = EDGE_LOOP('',(#7789));
#7789 = ORIENTED_EDGE('',*,*,#4786,.T.);
#7790 = FACE_BOUND('',#7791,.T.);
#7791 = EDGE_LOOP('',(#7792));
#7792 = ORIENTED_EDGE('',*,*,#4819,.T.);
#7793 = FACE_BOUND('',#7794,.T.);
#7794 = EDGE_LOOP('',(#7795));
#7795 = ORIENTED_EDGE('',*,*,#4852,.T.);
#7796 = FACE_BOUND('',#7797,.T.);
#7797 = EDGE_LOOP('',(#7798));
#7798 = ORIENTED_EDGE('',*,*,#4885,.T.);
#7799 = FACE_BOUND('',#7800,.T.);
#7800 = EDGE_LOOP('',(#7801));
#7801 = ORIENTED_EDGE('',*,*,#4918,.T.);
#7802 = FACE_BOUND('',#7803,.T.);
#7803 = EDGE_LOOP('',(#7804));
#7804 = ORIENTED_EDGE('',*,*,#4951,.T.);
#7805 = FACE_BOUND('',#7806,.T.);
#7806 = EDGE_LOOP('',(#7807));
#7807 = ORIENTED_EDGE('',*,*,#4984,.T.);
#7808 = FACE_BOUND('',#7809,.T.);
#7809 = EDGE_LOOP('',(#7810));
#7810 = ORIENTED_EDGE('',*,*,#5017,.T.);
#7811 = FACE_BOUND('',#7812,.T.);
#7812 = EDGE_LOOP('',(#7813));
#7813 = ORIENTED_EDGE('',*,*,#5050,.T.);
#7814 = FACE_BOUND('',#7815,.T.);
#7815 = EDGE_LOOP('',(#7816));
#7816 = ORIENTED_EDGE('',*,*,#5083,.T.);
#7817 = FACE_BOUND('',#7818,.T.);
#7818 = EDGE_LOOP('',(#7819));
#7819 = ORIENTED_EDGE('',*,*,#5116,.T.);
#7820 = FACE_BOUND('',#7821,.T.);
#7821 = EDGE_LOOP('',(#7822));
#7822 = ORIENTED_EDGE('',*,*,#5149,.T.);
#7823 = FACE_BOUND('',#7824,.T.);
#7824 = EDGE_LOOP('',(#7825));
#7825 = ORIENTED_EDGE('',*,*,#5182,.T.);
#7826 = FACE_BOUND('',#7827,.T.);
#7827 = EDGE_LOOP('',(#7828));
#7828 = ORIENTED_EDGE('',*,*,#5215,.T.);
#7829 = FACE_BOUND('',#7830,.T.);
#7830 = EDGE_LOOP('',(#7831));
#7831 = ORIENTED_EDGE('',*,*,#5248,.T.);
#7832 = FACE_BOUND('',#7833,.T.);
#7833 = EDGE_LOOP('',(#7834));
#7834 = ORIENTED_EDGE('',*,*,#5281,.T.);
#7835 = FACE_BOUND('',#7836,.T.);
#7836 = EDGE_LOOP('',(#7837));
#7837 = ORIENTED_EDGE('',*,*,#5314,.T.);
#7838 = FACE_BOUND('',#7839,.T.);
#7839 = EDGE_LOOP('',(#7840));
#7840 = ORIENTED_EDGE('',*,*,#5347,.T.);
#7841 = FACE_BOUND('',#7842,.T.);
#7842 = EDGE_LOOP('',(#7843));
#7843 = ORIENTED_EDGE('',*,*,#5380,.T.);
#7844 = FACE_BOUND('',#7845,.T.);
#7845 = EDGE_LOOP('',(#7846));
#7846 = ORIENTED_EDGE('',*,*,#5413,.T.);
#7847 = FACE_BOUND('',#7848,.T.);
#7848 = EDGE_LOOP('',(#7849));
#7849 = ORIENTED_EDGE('',*,*,#5446,.T.);
#7850 = FACE_BOUND('',#7851,.T.);
#7851 = EDGE_LOOP('',(#7852));
#7852 = ORIENTED_EDGE('',*,*,#5479,.T.);
#7853 = FACE_BOUND('',#7854,.T.);
#7854 = EDGE_LOOP('',(#7855));
#7855 = ORIENTED_EDGE('',*,*,#5512,.T.);
#7856 = FACE_BOUND('',#7857,.T.);
#7857 = EDGE_LOOP('',(#7858));
#7858 = ORIENTED_EDGE('',*,*,#5545,.T.);
#7859 = FACE_BOUND('',#7860,.T.);
#7860 = EDGE_LOOP('',(#7861));
#7861 = ORIENTED_EDGE('',*,*,#5578,.T.);
#7862 = FACE_BOUND('',#7863,.T.);
#7863 = EDGE_LOOP('',(#7864));
#7864 = ORIENTED_EDGE('',*,*,#5611,.T.);
#7865 = FACE_BOUND('',#7866,.T.);
#7866 = EDGE_LOOP('',(#7867));
#7867 = ORIENTED_EDGE('',*,*,#5644,.T.);
#7868 = FACE_BOUND('',#7869,.T.);
#7869 = EDGE_LOOP('',(#7870));
#7870 = ORIENTED_EDGE('',*,*,#5677,.T.);
#7871 = FACE_BOUND('',#7872,.T.);
#7872 = EDGE_LOOP('',(#7873));
#7873 = ORIENTED_EDGE('',*,*,#5710,.T.);
#7874 = FACE_BOUND('',#7875,.T.);
#7875 = EDGE_LOOP('',(#7876));
#7876 = ORIENTED_EDGE('',*,*,#5743,.T.);
#7877 = FACE_BOUND('',#7878,.T.);
#7878 = EDGE_LOOP('',(#7879));
#7879 = ORIENTED_EDGE('',*,*,#5776,.T.);
#7880 = FACE_BOUND('',#7881,.T.);
#7881 = EDGE_LOOP('',(#7882));
#7882 = ORIENTED_EDGE('',*,*,#5809,.T.);
#7883 = FACE_BOUND('',#7884,.T.);
#7884 = EDGE_LOOP('',(#7885));
#7885 = ORIENTED_EDGE('',*,*,#5842,.T.);
#7886 = FACE_BOUND('',#7887,.T.);
#7887 = EDGE_LOOP('',(#7888));
#7888 = ORIENTED_EDGE('',*,*,#5875,.T.);
#7889 = FACE_BOUND('',#7890,.T.);
#7890 = EDGE_LOOP('',(#7891));
#7891 = ORIENTED_EDGE('',*,*,#5908,.T.);
#7892 = FACE_BOUND('',#7893,.T.);
#7893 = EDGE_LOOP('',(#7894));
#7894 = ORIENTED_EDGE('',*,*,#5941,.T.);
#7895 = FACE_BOUND('',#7896,.T.);
#7896 = EDGE_LOOP('',(#7897));
#7897 = ORIENTED_EDGE('',*,*,#5974,.T.);
#7898 = FACE_BOUND('',#7899,.T.);
#7899 = EDGE_LOOP('',(#7900));
#7900 = ORIENTED_EDGE('',*,*,#6007,.T.);
#7901 = FACE_BOUND('',#7902,.T.);
#7902 = EDGE_LOOP('',(#7903));
#7903 = ORIENTED_EDGE('',*,*,#6040,.T.);
#7904 = FACE_BOUND('',#7905,.T.);
#7905 = EDGE_LOOP('',(#7906));
#7906 = ORIENTED_EDGE('',*,*,#6073,.T.);
#7907 = FACE_BOUND('',#7908,.T.);
#7908 = EDGE_LOOP('',(#7909));
#7909 = ORIENTED_EDGE('',*,*,#6106,.T.);
#7910 = FACE_BOUND('',#7911,.T.);
#7911 = EDGE_LOOP('',(#7912));
#7912 = ORIENTED_EDGE('',*,*,#6139,.T.);
#7913 = FACE_BOUND('',#7914,.T.);
#7914 = EDGE_LOOP('',(#7915));
#7915 = ORIENTED_EDGE('',*,*,#6172,.T.);
#7916 = FACE_BOUND('',#7917,.T.);
#7917 = EDGE_LOOP('',(#7918));
#7918 = ORIENTED_EDGE('',*,*,#6205,.T.);
#7919 = FACE_BOUND('',#7920,.T.);
#7920 = EDGE_LOOP('',(#7921));
#7921 = ORIENTED_EDGE('',*,*,#6238,.T.);
#7922 = FACE_BOUND('',#7923,.T.);
#7923 = EDGE_LOOP('',(#7924));
#7924 = ORIENTED_EDGE('',*,*,#6271,.T.);
#7925 = FACE_BOUND('',#7926,.T.);
#7926 = EDGE_LOOP('',(#7927));
#7927 = ORIENTED_EDGE('',*,*,#6304,.T.);
#7928 = FACE_BOUND('',#7929,.T.);
#7929 = EDGE_LOOP('',(#7930));
#7930 = ORIENTED_EDGE('',*,*,#6337,.T.);
#7931 = FACE_BOUND('',#7932,.T.);
#7932 = EDGE_LOOP('',(#7933));
#7933 = ORIENTED_EDGE('',*,*,#6370,.T.);
#7934 = FACE_BOUND('',#7935,.T.);
#7935 = EDGE_LOOP('',(#7936));
#7936 = ORIENTED_EDGE('',*,*,#6403,.T.);
#7937 = FACE_BOUND('',#7938,.T.);
#7938 = EDGE_LOOP('',(#7939));
#7939 = ORIENTED_EDGE('',*,*,#6436,.T.);
#7940 = FACE_BOUND('',#7941,.T.);
#7941 = EDGE_LOOP('',(#7942));
#7942 = ORIENTED_EDGE('',*,*,#6469,.T.);
#7943 = FACE_BOUND('',#7944,.T.);
#7944 = EDGE_LOOP('',(#7945));
#7945 = ORIENTED_EDGE('',*,*,#6502,.T.);
#7946 = FACE_BOUND('',#7947,.T.);
#7947 = EDGE_LOOP('',(#7948));
#7948 = ORIENTED_EDGE('',*,*,#6535,.T.);
#7949 = FACE_BOUND('',#7950,.T.);
#7950 = EDGE_LOOP('',(#7951));
#7951 = ORIENTED_EDGE('',*,*,#6568,.T.);
#7952 = FACE_BOUND('',#7953,.T.);
#7953 = EDGE_LOOP('',(#7954));
#7954 = ORIENTED_EDGE('',*,*,#6601,.T.);
#7955 = FACE_BOUND('',#7956,.T.);
#7956 = EDGE_LOOP('',(#7957));
#7957 = ORIENTED_EDGE('',*,*,#6634,.T.);
#7958 = FACE_BOUND('',#7959,.T.);
#7959 = EDGE_LOOP('',(#7960));
#7960 = ORIENTED_EDGE('',*,*,#6667,.T.);
#7961 = FACE_BOUND('',#7962,.T.);
#7962 = EDGE_LOOP('',(#7963));
#7963 = ORIENTED_EDGE('',*,*,#6700,.T.);
#7964 = FACE_BOUND('',#7965,.T.);
#7965 = EDGE_LOOP('',(#7966));
#7966 = ORIENTED_EDGE('',*,*,#6733,.T.);
#7967 = FACE_BOUND('',#7968,.T.);
#7968 = EDGE_LOOP('',(#7969));
#7969 = ORIENTED_EDGE('',*,*,#6766,.T.);
#7970 = FACE_BOUND('',#7971,.T.);
#7971 = EDGE_LOOP('',(#7972));
#7972 = ORIENTED_EDGE('',*,*,#6799,.T.);
#7973 = FACE_BOUND('',#7974,.T.);
#7974 = EDGE_LOOP('',(#7975));
#7975 = ORIENTED_EDGE('',*,*,#6832,.T.);
#7976 = FACE_BOUND('',#7977,.T.);
#7977 = EDGE_LOOP('',(#7978));
#7978 = ORIENTED_EDGE('',*,*,#6865,.T.);
#7979 = FACE_BOUND('',#7980,.T.);
#7980 = EDGE_LOOP('',(#7981));
#7981 = ORIENTED_EDGE('',*,*,#6898,.T.);
#7982 = FACE_BOUND('',#7983,.T.);
#7983 = EDGE_LOOP('',(#7984));
#7984 = ORIENTED_EDGE('',*,*,#6931,.T.);
#7985 = FACE_BOUND('',#7986,.T.);
#7986 = EDGE_LOOP('',(#7987));
#7987 = ORIENTED_EDGE('',*,*,#6964,.T.);
#7988 = FACE_BOUND('',#7989,.T.);
#7989 = EDGE_LOOP('',(#7990));
#7990 = ORIENTED_EDGE('',*,*,#6997,.T.);
#7991 = FACE_BOUND('',#7992,.T.);
#7992 = EDGE_LOOP('',(#7993));
#7993 = ORIENTED_EDGE('',*,*,#7030,.T.);
#7994 = FACE_BOUND('',#7995,.T.);
#7995 = EDGE_LOOP('',(#7996));
#7996 = ORIENTED_EDGE('',*,*,#7063,.T.);
#7997 = FACE_BOUND('',#7998,.T.);
#7998 = EDGE_LOOP('',(#7999));
#7999 = ORIENTED_EDGE('',*,*,#7096,.T.);
#8000 = FACE_BOUND('',#8001,.T.);
#8001 = EDGE_LOOP('',(#8002));
#8002 = ORIENTED_EDGE('',*,*,#7129,.T.);
#8003 = FACE_BOUND('',#8004,.T.);
#8004 = EDGE_LOOP('',(#8005));
#8005 = ORIENTED_EDGE('',*,*,#7162,.T.);
#8006 = FACE_BOUND('',#8007,.T.);
#8007 = EDGE_LOOP('',(#8008));
#8008 = ORIENTED_EDGE('',*,*,#7195,.T.);
#8009 = FACE_BOUND('',#8010,.T.);
#8010 = EDGE_LOOP('',(#8011));
#8011 = ORIENTED_EDGE('',*,*,#7228,.T.);
#8012 = FACE_BOUND('',#8013,.T.);
#8013 = EDGE_LOOP('',(#8014));
#8014 = ORIENTED_EDGE('',*,*,#7261,.T.);
#8015 = FACE_BOUND('',#8016,.T.);
#8016 = EDGE_LOOP('',(#8017));
#8017 = ORIENTED_EDGE('',*,*,#7294,.T.);
#8018 = FACE_BOUND('',#8019,.T.);
#8019 = EDGE_LOOP('',(#8020));
#8020 = ORIENTED_EDGE('',*,*,#7327,.T.);
#8021 = FACE_BOUND('',#8022,.T.);
#8022 = EDGE_LOOP('',(#8023));
#8023 = ORIENTED_EDGE('',*,*,#7360,.T.);
#8024 = PLANE('',#8025);
#8025 = AXIS2_PLACEMENT_3D('',#8026,#8027,#8028);
#8026 = CARTESIAN_POINT('',(26.05,18.3625,0.));
#8027 = DIRECTION('',(-0.,-0.,-1.));
#8028 = DIRECTION('',(-1.,0.,0.));
#8029 = ADVANCED_FACE('',(#8030,#8040,#8043,#8046,#8049,#8052,#8055,
    #8058,#8061,#8064,#8067,#8070,#8073,#8076,#8079,#8082,#8085,#8088,
    #8091,#8094,#8097,#8100,#8103,#8106,#8109,#8112,#8115,#8118,#8121,
    #8124,#8127,#8130,#8133,#8136,#8139,#8142,#8145,#8148,#8151,#8154,
    #8157,#8160,#8163,#8166,#8169,#8172,#8175,#8178,#8181,#8184,#8187,
    #8190,#8193,#8196,#8199,#8202,#8205,#8208,#8211,#8214,#8217,#8220,
    #8223,#8226,#8229,#8232,#8235,#8238,#8241,#8244,#8247,#8250,#8253,
    #8256,#8259,#8262,#8265,#8268,#8271,#8274,#8277,#8280,#8283,#8286,
    #8289,#8292,#8295,#8298,#8301,#8304,#8307,#8310,#8313,#8316,#8319,
    #8322,#8325,#8328,#8331,#8334,#8337,#8340,#8343,#8346,#8349,#8352,
    #8355,#8358,#8361,#8364,#8367,#8370,#8373,#8376,#8379,#8382,#8385,
    #8388,#8391,#8394,#8397,#8400,#8403,#8406,#8409,#8412,#8415,#8418,
    #8421,#8424,#8427,#8430,#8433,#8436,#8439,#8442,#8445,#8448,#8451,
    #8454,#8457,#8460,#8463,#8466,#8469,#8472,#8475,#8478,#8481,#8484,
    #8487,#8490,#8493,#8496,#8499,#8502,#8505,#8508,#8511,#8514,#8517,
    #8520,#8523,#8526,#8529,#8532,#8535,#8538,#8541,#8544,#8547,#8550,
    #8553,#8556,#8559,#8562,#8565,#8568,#8571,#8574,#8577,#8580,#8583,
    #8586,#8589,#8592,#8595,#8598,#8601,#8604,#8607,#8610,#8613,#8616,
    #8619,#8622,#8625,#8628,#8631,#8634,#8637,#8640,#8643,#8646,#8649,
    #8652,#8655,#8658,#8661,#8664,#8667,#8670,#8673,#8676,#8679),#8682,
  .F.);
#8030 = FACE_BOUND('',#8031,.F.);
#8031 = EDGE_LOOP('',(#8032,#8033,#8034,#8035,#8036,#8037,#8038,#8039));
#8032 = ORIENTED_EDGE('',*,*,#67,.T.);
#8033 = ORIENTED_EDGE('',*,*,#98,.T.);
#8034 = ORIENTED_EDGE('',*,*,#131,.T.);
#8035 = ORIENTED_EDGE('',*,*,#162,.T.);
#8036 = ORIENTED_EDGE('',*,*,#195,.T.);
#8037 = ORIENTED_EDGE('',*,*,#226,.T.);
#8038 = ORIENTED_EDGE('',*,*,#259,.T.);
#8039 = ORIENTED_EDGE('',*,*,#290,.T.);
#8040 = FACE_BOUND('',#8041,.F.);
#8041 = EDGE_LOOP('',(#8042));
#8042 = ORIENTED_EDGE('',*,*,#323,.T.);
#8043 = FACE_BOUND('',#8044,.F.);
#8044 = EDGE_LOOP('',(#8045));
#8045 = ORIENTED_EDGE('',*,*,#356,.T.);
#8046 = FACE_BOUND('',#8047,.F.);
#8047 = EDGE_LOOP('',(#8048));
#8048 = ORIENTED_EDGE('',*,*,#389,.T.);
#8049 = FACE_BOUND('',#8050,.F.);
#8050 = EDGE_LOOP('',(#8051));
#8051 = ORIENTED_EDGE('',*,*,#422,.T.);
#8052 = FACE_BOUND('',#8053,.F.);
#8053 = EDGE_LOOP('',(#8054));
#8054 = ORIENTED_EDGE('',*,*,#455,.T.);
#8055 = FACE_BOUND('',#8056,.F.);
#8056 = EDGE_LOOP('',(#8057));
#8057 = ORIENTED_EDGE('',*,*,#488,.T.);
#8058 = FACE_BOUND('',#8059,.F.);
#8059 = EDGE_LOOP('',(#8060));
#8060 = ORIENTED_EDGE('',*,*,#521,.T.);
#8061 = FACE_BOUND('',#8062,.F.);
#8062 = EDGE_LOOP('',(#8063));
#8063 = ORIENTED_EDGE('',*,*,#554,.T.);
#8064 = FACE_BOUND('',#8065,.F.);
#8065 = EDGE_LOOP('',(#8066));
#8066 = ORIENTED_EDGE('',*,*,#587,.T.);
#8067 = FACE_BOUND('',#8068,.F.);
#8068 = EDGE_LOOP('',(#8069));
#8069 = ORIENTED_EDGE('',*,*,#620,.T.);
#8070 = FACE_BOUND('',#8071,.F.);
#8071 = EDGE_LOOP('',(#8072));
#8072 = ORIENTED_EDGE('',*,*,#653,.T.);
#8073 = FACE_BOUND('',#8074,.F.);
#8074 = EDGE_LOOP('',(#8075));
#8075 = ORIENTED_EDGE('',*,*,#686,.T.);
#8076 = FACE_BOUND('',#8077,.F.);
#8077 = EDGE_LOOP('',(#8078));
#8078 = ORIENTED_EDGE('',*,*,#719,.T.);
#8079 = FACE_BOUND('',#8080,.F.);
#8080 = EDGE_LOOP('',(#8081));
#8081 = ORIENTED_EDGE('',*,*,#752,.T.);
#8082 = FACE_BOUND('',#8083,.F.);
#8083 = EDGE_LOOP('',(#8084));
#8084 = ORIENTED_EDGE('',*,*,#785,.T.);
#8085 = FACE_BOUND('',#8086,.F.);
#8086 = EDGE_LOOP('',(#8087));
#8087 = ORIENTED_EDGE('',*,*,#818,.T.);
#8088 = FACE_BOUND('',#8089,.F.);
#8089 = EDGE_LOOP('',(#8090));
#8090 = ORIENTED_EDGE('',*,*,#851,.T.);
#8091 = FACE_BOUND('',#8092,.F.);
#8092 = EDGE_LOOP('',(#8093));
#8093 = ORIENTED_EDGE('',*,*,#884,.T.);
#8094 = FACE_BOUND('',#8095,.F.);
#8095 = EDGE_LOOP('',(#8096));
#8096 = ORIENTED_EDGE('',*,*,#917,.T.);
#8097 = FACE_BOUND('',#8098,.F.);
#8098 = EDGE_LOOP('',(#8099));
#8099 = ORIENTED_EDGE('',*,*,#950,.T.);
#8100 = FACE_BOUND('',#8101,.F.);
#8101 = EDGE_LOOP('',(#8102));
#8102 = ORIENTED_EDGE('',*,*,#983,.T.);
#8103 = FACE_BOUND('',#8104,.F.);
#8104 = EDGE_LOOP('',(#8105));
#8105 = ORIENTED_EDGE('',*,*,#1016,.T.);
#8106 = FACE_BOUND('',#8107,.F.);
#8107 = EDGE_LOOP('',(#8108));
#8108 = ORIENTED_EDGE('',*,*,#1049,.T.);
#8109 = FACE_BOUND('',#8110,.F.);
#8110 = EDGE_LOOP('',(#8111));
#8111 = ORIENTED_EDGE('',*,*,#1082,.T.);
#8112 = FACE_BOUND('',#8113,.F.);
#8113 = EDGE_LOOP('',(#8114));
#8114 = ORIENTED_EDGE('',*,*,#1115,.T.);
#8115 = FACE_BOUND('',#8116,.F.);
#8116 = EDGE_LOOP('',(#8117));
#8117 = ORIENTED_EDGE('',*,*,#1148,.T.);
#8118 = FACE_BOUND('',#8119,.F.);
#8119 = EDGE_LOOP('',(#8120));
#8120 = ORIENTED_EDGE('',*,*,#1181,.T.);
#8121 = FACE_BOUND('',#8122,.F.);
#8122 = EDGE_LOOP('',(#8123));
#8123 = ORIENTED_EDGE('',*,*,#1214,.T.);
#8124 = FACE_BOUND('',#8125,.F.);
#8125 = EDGE_LOOP('',(#8126));
#8126 = ORIENTED_EDGE('',*,*,#1247,.T.);
#8127 = FACE_BOUND('',#8128,.F.);
#8128 = EDGE_LOOP('',(#8129));
#8129 = ORIENTED_EDGE('',*,*,#1280,.T.);
#8130 = FACE_BOUND('',#8131,.F.);
#8131 = EDGE_LOOP('',(#8132));
#8132 = ORIENTED_EDGE('',*,*,#1313,.T.);
#8133 = FACE_BOUND('',#8134,.F.);
#8134 = EDGE_LOOP('',(#8135));
#8135 = ORIENTED_EDGE('',*,*,#1346,.T.);
#8136 = FACE_BOUND('',#8137,.F.);
#8137 = EDGE_LOOP('',(#8138));
#8138 = ORIENTED_EDGE('',*,*,#1379,.T.);
#8139 = FACE_BOUND('',#8140,.F.);
#8140 = EDGE_LOOP('',(#8141));
#8141 = ORIENTED_EDGE('',*,*,#1412,.T.);
#8142 = FACE_BOUND('',#8143,.F.);
#8143 = EDGE_LOOP('',(#8144));
#8144 = ORIENTED_EDGE('',*,*,#1445,.T.);
#8145 = FACE_BOUND('',#8146,.F.);
#8146 = EDGE_LOOP('',(#8147));
#8147 = ORIENTED_EDGE('',*,*,#1478,.T.);
#8148 = FACE_BOUND('',#8149,.F.);
#8149 = EDGE_LOOP('',(#8150));
#8150 = ORIENTED_EDGE('',*,*,#1511,.T.);
#8151 = FACE_BOUND('',#8152,.F.);
#8152 = EDGE_LOOP('',(#8153));
#8153 = ORIENTED_EDGE('',*,*,#1544,.T.);
#8154 = FACE_BOUND('',#8155,.F.);
#8155 = EDGE_LOOP('',(#8156));
#8156 = ORIENTED_EDGE('',*,*,#1577,.T.);
#8157 = FACE_BOUND('',#8158,.F.);
#8158 = EDGE_LOOP('',(#8159));
#8159 = ORIENTED_EDGE('',*,*,#1610,.T.);
#8160 = FACE_BOUND('',#8161,.F.);
#8161 = EDGE_LOOP('',(#8162));
#8162 = ORIENTED_EDGE('',*,*,#1643,.T.);
#8163 = FACE_BOUND('',#8164,.F.);
#8164 = EDGE_LOOP('',(#8165));
#8165 = ORIENTED_EDGE('',*,*,#1676,.T.);
#8166 = FACE_BOUND('',#8167,.F.);
#8167 = EDGE_LOOP('',(#8168));
#8168 = ORIENTED_EDGE('',*,*,#1709,.T.);
#8169 = FACE_BOUND('',#8170,.F.);
#8170 = EDGE_LOOP('',(#8171));
#8171 = ORIENTED_EDGE('',*,*,#1742,.T.);
#8172 = FACE_BOUND('',#8173,.F.);
#8173 = EDGE_LOOP('',(#8174));
#8174 = ORIENTED_EDGE('',*,*,#1775,.T.);
#8175 = FACE_BOUND('',#8176,.F.);
#8176 = EDGE_LOOP('',(#8177));
#8177 = ORIENTED_EDGE('',*,*,#1808,.T.);
#8178 = FACE_BOUND('',#8179,.F.);
#8179 = EDGE_LOOP('',(#8180));
#8180 = ORIENTED_EDGE('',*,*,#1841,.T.);
#8181 = FACE_BOUND('',#8182,.F.);
#8182 = EDGE_LOOP('',(#8183));
#8183 = ORIENTED_EDGE('',*,*,#1874,.T.);
#8184 = FACE_BOUND('',#8185,.F.);
#8185 = EDGE_LOOP('',(#8186));
#8186 = ORIENTED_EDGE('',*,*,#1907,.T.);
#8187 = FACE_BOUND('',#8188,.F.);
#8188 = EDGE_LOOP('',(#8189));
#8189 = ORIENTED_EDGE('',*,*,#1940,.T.);
#8190 = FACE_BOUND('',#8191,.F.);
#8191 = EDGE_LOOP('',(#8192));
#8192 = ORIENTED_EDGE('',*,*,#1973,.T.);
#8193 = FACE_BOUND('',#8194,.F.);
#8194 = EDGE_LOOP('',(#8195));
#8195 = ORIENTED_EDGE('',*,*,#2006,.T.);
#8196 = FACE_BOUND('',#8197,.F.);
#8197 = EDGE_LOOP('',(#8198));
#8198 = ORIENTED_EDGE('',*,*,#2039,.T.);
#8199 = FACE_BOUND('',#8200,.F.);
#8200 = EDGE_LOOP('',(#8201));
#8201 = ORIENTED_EDGE('',*,*,#2072,.T.);
#8202 = FACE_BOUND('',#8203,.F.);
#8203 = EDGE_LOOP('',(#8204));
#8204 = ORIENTED_EDGE('',*,*,#2105,.T.);
#8205 = FACE_BOUND('',#8206,.F.);
#8206 = EDGE_LOOP('',(#8207));
#8207 = ORIENTED_EDGE('',*,*,#2138,.T.);
#8208 = FACE_BOUND('',#8209,.F.);
#8209 = EDGE_LOOP('',(#8210));
#8210 = ORIENTED_EDGE('',*,*,#2171,.T.);
#8211 = FACE_BOUND('',#8212,.F.);
#8212 = EDGE_LOOP('',(#8213));
#8213 = ORIENTED_EDGE('',*,*,#2204,.T.);
#8214 = FACE_BOUND('',#8215,.F.);
#8215 = EDGE_LOOP('',(#8216));
#8216 = ORIENTED_EDGE('',*,*,#2237,.T.);
#8217 = FACE_BOUND('',#8218,.F.);
#8218 = EDGE_LOOP('',(#8219));
#8219 = ORIENTED_EDGE('',*,*,#2270,.T.);
#8220 = FACE_BOUND('',#8221,.F.);
#8221 = EDGE_LOOP('',(#8222));
#8222 = ORIENTED_EDGE('',*,*,#2303,.T.);
#8223 = FACE_BOUND('',#8224,.F.);
#8224 = EDGE_LOOP('',(#8225));
#8225 = ORIENTED_EDGE('',*,*,#2336,.T.);
#8226 = FACE_BOUND('',#8227,.F.);
#8227 = EDGE_LOOP('',(#8228));
#8228 = ORIENTED_EDGE('',*,*,#2369,.T.);
#8229 = FACE_BOUND('',#8230,.F.);
#8230 = EDGE_LOOP('',(#8231));
#8231 = ORIENTED_EDGE('',*,*,#2402,.T.);
#8232 = FACE_BOUND('',#8233,.F.);
#8233 = EDGE_LOOP('',(#8234));
#8234 = ORIENTED_EDGE('',*,*,#2435,.T.);
#8235 = FACE_BOUND('',#8236,.F.);
#8236 = EDGE_LOOP('',(#8237));
#8237 = ORIENTED_EDGE('',*,*,#2468,.T.);
#8238 = FACE_BOUND('',#8239,.F.);
#8239 = EDGE_LOOP('',(#8240));
#8240 = ORIENTED_EDGE('',*,*,#2501,.T.);
#8241 = FACE_BOUND('',#8242,.F.);
#8242 = EDGE_LOOP('',(#8243));
#8243 = ORIENTED_EDGE('',*,*,#2534,.T.);
#8244 = FACE_BOUND('',#8245,.F.);
#8245 = EDGE_LOOP('',(#8246));
#8246 = ORIENTED_EDGE('',*,*,#2567,.T.);
#8247 = FACE_BOUND('',#8248,.F.);
#8248 = EDGE_LOOP('',(#8249));
#8249 = ORIENTED_EDGE('',*,*,#2600,.T.);
#8250 = FACE_BOUND('',#8251,.F.);
#8251 = EDGE_LOOP('',(#8252));
#8252 = ORIENTED_EDGE('',*,*,#2633,.T.);
#8253 = FACE_BOUND('',#8254,.F.);
#8254 = EDGE_LOOP('',(#8255));
#8255 = ORIENTED_EDGE('',*,*,#2666,.T.);
#8256 = FACE_BOUND('',#8257,.F.);
#8257 = EDGE_LOOP('',(#8258));
#8258 = ORIENTED_EDGE('',*,*,#2699,.T.);
#8259 = FACE_BOUND('',#8260,.F.);
#8260 = EDGE_LOOP('',(#8261));
#8261 = ORIENTED_EDGE('',*,*,#2732,.T.);
#8262 = FACE_BOUND('',#8263,.F.);
#8263 = EDGE_LOOP('',(#8264));
#8264 = ORIENTED_EDGE('',*,*,#2765,.T.);
#8265 = FACE_BOUND('',#8266,.F.);
#8266 = EDGE_LOOP('',(#8267));
#8267 = ORIENTED_EDGE('',*,*,#2798,.T.);
#8268 = FACE_BOUND('',#8269,.F.);
#8269 = EDGE_LOOP('',(#8270));
#8270 = ORIENTED_EDGE('',*,*,#2831,.T.);
#8271 = FACE_BOUND('',#8272,.F.);
#8272 = EDGE_LOOP('',(#8273));
#8273 = ORIENTED_EDGE('',*,*,#2864,.T.);
#8274 = FACE_BOUND('',#8275,.F.);
#8275 = EDGE_LOOP('',(#8276));
#8276 = ORIENTED_EDGE('',*,*,#2897,.T.);
#8277 = FACE_BOUND('',#8278,.F.);
#8278 = EDGE_LOOP('',(#8279));
#8279 = ORIENTED_EDGE('',*,*,#2930,.T.);
#8280 = FACE_BOUND('',#8281,.F.);
#8281 = EDGE_LOOP('',(#8282));
#8282 = ORIENTED_EDGE('',*,*,#2963,.T.);
#8283 = FACE_BOUND('',#8284,.F.);
#8284 = EDGE_LOOP('',(#8285));
#8285 = ORIENTED_EDGE('',*,*,#2996,.T.);
#8286 = FACE_BOUND('',#8287,.F.);
#8287 = EDGE_LOOP('',(#8288));
#8288 = ORIENTED_EDGE('',*,*,#3029,.T.);
#8289 = FACE_BOUND('',#8290,.F.);
#8290 = EDGE_LOOP('',(#8291));
#8291 = ORIENTED_EDGE('',*,*,#3062,.T.);
#8292 = FACE_BOUND('',#8293,.F.);
#8293 = EDGE_LOOP('',(#8294));
#8294 = ORIENTED_EDGE('',*,*,#3095,.T.);
#8295 = FACE_BOUND('',#8296,.F.);
#8296 = EDGE_LOOP('',(#8297));
#8297 = ORIENTED_EDGE('',*,*,#3128,.T.);
#8298 = FACE_BOUND('',#8299,.F.);
#8299 = EDGE_LOOP('',(#8300));
#8300 = ORIENTED_EDGE('',*,*,#3161,.T.);
#8301 = FACE_BOUND('',#8302,.F.);
#8302 = EDGE_LOOP('',(#8303));
#8303 = ORIENTED_EDGE('',*,*,#3194,.T.);
#8304 = FACE_BOUND('',#8305,.F.);
#8305 = EDGE_LOOP('',(#8306));
#8306 = ORIENTED_EDGE('',*,*,#3227,.T.);
#8307 = FACE_BOUND('',#8308,.F.);
#8308 = EDGE_LOOP('',(#8309));
#8309 = ORIENTED_EDGE('',*,*,#3260,.T.);
#8310 = FACE_BOUND('',#8311,.F.);
#8311 = EDGE_LOOP('',(#8312));
#8312 = ORIENTED_EDGE('',*,*,#3293,.T.);
#8313 = FACE_BOUND('',#8314,.F.);
#8314 = EDGE_LOOP('',(#8315));
#8315 = ORIENTED_EDGE('',*,*,#3326,.T.);
#8316 = FACE_BOUND('',#8317,.F.);
#8317 = EDGE_LOOP('',(#8318));
#8318 = ORIENTED_EDGE('',*,*,#3359,.T.);
#8319 = FACE_BOUND('',#8320,.F.);
#8320 = EDGE_LOOP('',(#8321));
#8321 = ORIENTED_EDGE('',*,*,#3392,.T.);
#8322 = FACE_BOUND('',#8323,.F.);
#8323 = EDGE_LOOP('',(#8324));
#8324 = ORIENTED_EDGE('',*,*,#3425,.T.);
#8325 = FACE_BOUND('',#8326,.F.);
#8326 = EDGE_LOOP('',(#8327));
#8327 = ORIENTED_EDGE('',*,*,#3458,.T.);
#8328 = FACE_BOUND('',#8329,.F.);
#8329 = EDGE_LOOP('',(#8330));
#8330 = ORIENTED_EDGE('',*,*,#3491,.T.);
#8331 = FACE_BOUND('',#8332,.F.);
#8332 = EDGE_LOOP('',(#8333));
#8333 = ORIENTED_EDGE('',*,*,#3524,.T.);
#8334 = FACE_BOUND('',#8335,.F.);
#8335 = EDGE_LOOP('',(#8336));
#8336 = ORIENTED_EDGE('',*,*,#3557,.T.);
#8337 = FACE_BOUND('',#8338,.F.);
#8338 = EDGE_LOOP('',(#8339));
#8339 = ORIENTED_EDGE('',*,*,#3590,.T.);
#8340 = FACE_BOUND('',#8341,.F.);
#8341 = EDGE_LOOP('',(#8342));
#8342 = ORIENTED_EDGE('',*,*,#3623,.T.);
#8343 = FACE_BOUND('',#8344,.F.);
#8344 = EDGE_LOOP('',(#8345));
#8345 = ORIENTED_EDGE('',*,*,#3656,.T.);
#8346 = FACE_BOUND('',#8347,.F.);
#8347 = EDGE_LOOP('',(#8348));
#8348 = ORIENTED_EDGE('',*,*,#3689,.T.);
#8349 = FACE_BOUND('',#8350,.F.);
#8350 = EDGE_LOOP('',(#8351));
#8351 = ORIENTED_EDGE('',*,*,#3722,.T.);
#8352 = FACE_BOUND('',#8353,.F.);
#8353 = EDGE_LOOP('',(#8354));
#8354 = ORIENTED_EDGE('',*,*,#3755,.T.);
#8355 = FACE_BOUND('',#8356,.F.);
#8356 = EDGE_LOOP('',(#8357));
#8357 = ORIENTED_EDGE('',*,*,#3788,.T.);
#8358 = FACE_BOUND('',#8359,.F.);
#8359 = EDGE_LOOP('',(#8360));
#8360 = ORIENTED_EDGE('',*,*,#3821,.T.);
#8361 = FACE_BOUND('',#8362,.F.);
#8362 = EDGE_LOOP('',(#8363));
#8363 = ORIENTED_EDGE('',*,*,#3854,.T.);
#8364 = FACE_BOUND('',#8365,.F.);
#8365 = EDGE_LOOP('',(#8366));
#8366 = ORIENTED_EDGE('',*,*,#3887,.T.);
#8367 = FACE_BOUND('',#8368,.F.);
#8368 = EDGE_LOOP('',(#8369));
#8369 = ORIENTED_EDGE('',*,*,#3920,.T.);
#8370 = FACE_BOUND('',#8371,.F.);
#8371 = EDGE_LOOP('',(#8372));
#8372 = ORIENTED_EDGE('',*,*,#3953,.T.);
#8373 = FACE_BOUND('',#8374,.F.);
#8374 = EDGE_LOOP('',(#8375));
#8375 = ORIENTED_EDGE('',*,*,#3986,.T.);
#8376 = FACE_BOUND('',#8377,.F.);
#8377 = EDGE_LOOP('',(#8378));
#8378 = ORIENTED_EDGE('',*,*,#4019,.T.);
#8379 = FACE_BOUND('',#8380,.F.);
#8380 = EDGE_LOOP('',(#8381));
#8381 = ORIENTED_EDGE('',*,*,#4052,.T.);
#8382 = FACE_BOUND('',#8383,.F.);
#8383 = EDGE_LOOP('',(#8384));
#8384 = ORIENTED_EDGE('',*,*,#4085,.T.);
#8385 = FACE_BOUND('',#8386,.F.);
#8386 = EDGE_LOOP('',(#8387));
#8387 = ORIENTED_EDGE('',*,*,#4118,.T.);
#8388 = FACE_BOUND('',#8389,.F.);
#8389 = EDGE_LOOP('',(#8390));
#8390 = ORIENTED_EDGE('',*,*,#4151,.T.);
#8391 = FACE_BOUND('',#8392,.F.);
#8392 = EDGE_LOOP('',(#8393));
#8393 = ORIENTED_EDGE('',*,*,#4184,.T.);
#8394 = FACE_BOUND('',#8395,.F.);
#8395 = EDGE_LOOP('',(#8396));
#8396 = ORIENTED_EDGE('',*,*,#4217,.T.);
#8397 = FACE_BOUND('',#8398,.F.);
#8398 = EDGE_LOOP('',(#8399));
#8399 = ORIENTED_EDGE('',*,*,#4250,.T.);
#8400 = FACE_BOUND('',#8401,.F.);
#8401 = EDGE_LOOP('',(#8402));
#8402 = ORIENTED_EDGE('',*,*,#4283,.T.);
#8403 = FACE_BOUND('',#8404,.F.);
#8404 = EDGE_LOOP('',(#8405));
#8405 = ORIENTED_EDGE('',*,*,#4316,.T.);
#8406 = FACE_BOUND('',#8407,.F.);
#8407 = EDGE_LOOP('',(#8408));
#8408 = ORIENTED_EDGE('',*,*,#4349,.T.);
#8409 = FACE_BOUND('',#8410,.F.);
#8410 = EDGE_LOOP('',(#8411));
#8411 = ORIENTED_EDGE('',*,*,#4382,.T.);
#8412 = FACE_BOUND('',#8413,.F.);
#8413 = EDGE_LOOP('',(#8414));
#8414 = ORIENTED_EDGE('',*,*,#4415,.T.);
#8415 = FACE_BOUND('',#8416,.F.);
#8416 = EDGE_LOOP('',(#8417));
#8417 = ORIENTED_EDGE('',*,*,#4448,.T.);
#8418 = FACE_BOUND('',#8419,.F.);
#8419 = EDGE_LOOP('',(#8420));
#8420 = ORIENTED_EDGE('',*,*,#4481,.T.);
#8421 = FACE_BOUND('',#8422,.F.);
#8422 = EDGE_LOOP('',(#8423));
#8423 = ORIENTED_EDGE('',*,*,#4514,.T.);
#8424 = FACE_BOUND('',#8425,.F.);
#8425 = EDGE_LOOP('',(#8426));
#8426 = ORIENTED_EDGE('',*,*,#4547,.T.);
#8427 = FACE_BOUND('',#8428,.F.);
#8428 = EDGE_LOOP('',(#8429));
#8429 = ORIENTED_EDGE('',*,*,#4580,.T.);
#8430 = FACE_BOUND('',#8431,.F.);
#8431 = EDGE_LOOP('',(#8432));
#8432 = ORIENTED_EDGE('',*,*,#4613,.T.);
#8433 = FACE_BOUND('',#8434,.F.);
#8434 = EDGE_LOOP('',(#8435));
#8435 = ORIENTED_EDGE('',*,*,#4646,.T.);
#8436 = FACE_BOUND('',#8437,.F.);
#8437 = EDGE_LOOP('',(#8438));
#8438 = ORIENTED_EDGE('',*,*,#4679,.T.);
#8439 = FACE_BOUND('',#8440,.F.);
#8440 = EDGE_LOOP('',(#8441));
#8441 = ORIENTED_EDGE('',*,*,#4712,.T.);
#8442 = FACE_BOUND('',#8443,.F.);
#8443 = EDGE_LOOP('',(#8444));
#8444 = ORIENTED_EDGE('',*,*,#4745,.T.);
#8445 = FACE_BOUND('',#8446,.F.);
#8446 = EDGE_LOOP('',(#8447));
#8447 = ORIENTED_EDGE('',*,*,#4778,.T.);
#8448 = FACE_BOUND('',#8449,.F.);
#8449 = EDGE_LOOP('',(#8450));
#8450 = ORIENTED_EDGE('',*,*,#4811,.T.);
#8451 = FACE_BOUND('',#8452,.F.);
#8452 = EDGE_LOOP('',(#8453));
#8453 = ORIENTED_EDGE('',*,*,#4844,.T.);
#8454 = FACE_BOUND('',#8455,.F.);
#8455 = EDGE_LOOP('',(#8456));
#8456 = ORIENTED_EDGE('',*,*,#4877,.T.);
#8457 = FACE_BOUND('',#8458,.F.);
#8458 = EDGE_LOOP('',(#8459));
#8459 = ORIENTED_EDGE('',*,*,#4910,.T.);
#8460 = FACE_BOUND('',#8461,.F.);
#8461 = EDGE_LOOP('',(#8462));
#8462 = ORIENTED_EDGE('',*,*,#4943,.T.);
#8463 = FACE_BOUND('',#8464,.F.);
#8464 = EDGE_LOOP('',(#8465));
#8465 = ORIENTED_EDGE('',*,*,#4976,.T.);
#8466 = FACE_BOUND('',#8467,.F.);
#8467 = EDGE_LOOP('',(#8468));
#8468 = ORIENTED_EDGE('',*,*,#5009,.T.);
#8469 = FACE_BOUND('',#8470,.F.);
#8470 = EDGE_LOOP('',(#8471));
#8471 = ORIENTED_EDGE('',*,*,#5042,.T.);
#8472 = FACE_BOUND('',#8473,.F.);
#8473 = EDGE_LOOP('',(#8474));
#8474 = ORIENTED_EDGE('',*,*,#5075,.T.);
#8475 = FACE_BOUND('',#8476,.F.);
#8476 = EDGE_LOOP('',(#8477));
#8477 = ORIENTED_EDGE('',*,*,#5108,.T.);
#8478 = FACE_BOUND('',#8479,.F.);
#8479 = EDGE_LOOP('',(#8480));
#8480 = ORIENTED_EDGE('',*,*,#5141,.T.);
#8481 = FACE_BOUND('',#8482,.F.);
#8482 = EDGE_LOOP('',(#8483));
#8483 = ORIENTED_EDGE('',*,*,#5174,.T.);
#8484 = FACE_BOUND('',#8485,.F.);
#8485 = EDGE_LOOP('',(#8486));
#8486 = ORIENTED_EDGE('',*,*,#5207,.T.);
#8487 = FACE_BOUND('',#8488,.F.);
#8488 = EDGE_LOOP('',(#8489));
#8489 = ORIENTED_EDGE('',*,*,#5240,.T.);
#8490 = FACE_BOUND('',#8491,.F.);
#8491 = EDGE_LOOP('',(#8492));
#8492 = ORIENTED_EDGE('',*,*,#5273,.T.);
#8493 = FACE_BOUND('',#8494,.F.);
#8494 = EDGE_LOOP('',(#8495));
#8495 = ORIENTED_EDGE('',*,*,#5306,.T.);
#8496 = FACE_BOUND('',#8497,.F.);
#8497 = EDGE_LOOP('',(#8498));
#8498 = ORIENTED_EDGE('',*,*,#5339,.T.);
#8499 = FACE_BOUND('',#8500,.F.);
#8500 = EDGE_LOOP('',(#8501));
#8501 = ORIENTED_EDGE('',*,*,#5372,.T.);
#8502 = FACE_BOUND('',#8503,.F.);
#8503 = EDGE_LOOP('',(#8504));
#8504 = ORIENTED_EDGE('',*,*,#5405,.T.);
#8505 = FACE_BOUND('',#8506,.F.);
#8506 = EDGE_LOOP('',(#8507));
#8507 = ORIENTED_EDGE('',*,*,#5438,.T.);
#8508 = FACE_BOUND('',#8509,.F.);
#8509 = EDGE_LOOP('',(#8510));
#8510 = ORIENTED_EDGE('',*,*,#5471,.T.);
#8511 = FACE_BOUND('',#8512,.F.);
#8512 = EDGE_LOOP('',(#8513));
#8513 = ORIENTED_EDGE('',*,*,#5504,.T.);
#8514 = FACE_BOUND('',#8515,.F.);
#8515 = EDGE_LOOP('',(#8516));
#8516 = ORIENTED_EDGE('',*,*,#5537,.T.);
#8517 = FACE_BOUND('',#8518,.F.);
#8518 = EDGE_LOOP('',(#8519));
#8519 = ORIENTED_EDGE('',*,*,#5570,.T.);
#8520 = FACE_BOUND('',#8521,.F.);
#8521 = EDGE_LOOP('',(#8522));
#8522 = ORIENTED_EDGE('',*,*,#5603,.T.);
#8523 = FACE_BOUND('',#8524,.F.);
#8524 = EDGE_LOOP('',(#8525));
#8525 = ORIENTED_EDGE('',*,*,#5636,.T.);
#8526 = FACE_BOUND('',#8527,.F.);
#8527 = EDGE_LOOP('',(#8528));
#8528 = ORIENTED_EDGE('',*,*,#5669,.T.);
#8529 = FACE_BOUND('',#8530,.F.);
#8530 = EDGE_LOOP('',(#8531));
#8531 = ORIENTED_EDGE('',*,*,#5702,.T.);
#8532 = FACE_BOUND('',#8533,.F.);
#8533 = EDGE_LOOP('',(#8534));
#8534 = ORIENTED_EDGE('',*,*,#5735,.T.);
#8535 = FACE_BOUND('',#8536,.F.);
#8536 = EDGE_LOOP('',(#8537));
#8537 = ORIENTED_EDGE('',*,*,#5768,.T.);
#8538 = FACE_BOUND('',#8539,.F.);
#8539 = EDGE_LOOP('',(#8540));
#8540 = ORIENTED_EDGE('',*,*,#5801,.T.);
#8541 = FACE_BOUND('',#8542,.F.);
#8542 = EDGE_LOOP('',(#8543));
#8543 = ORIENTED_EDGE('',*,*,#5834,.T.);
#8544 = FACE_BOUND('',#8545,.F.);
#8545 = EDGE_LOOP('',(#8546));
#8546 = ORIENTED_EDGE('',*,*,#5867,.T.);
#8547 = FACE_BOUND('',#8548,.F.);
#8548 = EDGE_LOOP('',(#8549));
#8549 = ORIENTED_EDGE('',*,*,#5900,.T.);
#8550 = FACE_BOUND('',#8551,.F.);
#8551 = EDGE_LOOP('',(#8552));
#8552 = ORIENTED_EDGE('',*,*,#5933,.T.);
#8553 = FACE_BOUND('',#8554,.F.);
#8554 = EDGE_LOOP('',(#8555));
#8555 = ORIENTED_EDGE('',*,*,#5966,.T.);
#8556 = FACE_BOUND('',#8557,.F.);
#8557 = EDGE_LOOP('',(#8558));
#8558 = ORIENTED_EDGE('',*,*,#5999,.T.);
#8559 = FACE_BOUND('',#8560,.F.);
#8560 = EDGE_LOOP('',(#8561));
#8561 = ORIENTED_EDGE('',*,*,#6032,.T.);
#8562 = FACE_BOUND('',#8563,.F.);
#8563 = EDGE_LOOP('',(#8564));
#8564 = ORIENTED_EDGE('',*,*,#6065,.T.);
#8565 = FACE_BOUND('',#8566,.F.);
#8566 = EDGE_LOOP('',(#8567));
#8567 = ORIENTED_EDGE('',*,*,#6098,.T.);
#8568 = FACE_BOUND('',#8569,.F.);
#8569 = EDGE_LOOP('',(#8570));
#8570 = ORIENTED_EDGE('',*,*,#6131,.T.);
#8571 = FACE_BOUND('',#8572,.F.);
#8572 = EDGE_LOOP('',(#8573));
#8573 = ORIENTED_EDGE('',*,*,#6164,.T.);
#8574 = FACE_BOUND('',#8575,.F.);
#8575 = EDGE_LOOP('',(#8576));
#8576 = ORIENTED_EDGE('',*,*,#6197,.T.);
#8577 = FACE_BOUND('',#8578,.F.);
#8578 = EDGE_LOOP('',(#8579));
#8579 = ORIENTED_EDGE('',*,*,#6230,.T.);
#8580 = FACE_BOUND('',#8581,.F.);
#8581 = EDGE_LOOP('',(#8582));
#8582 = ORIENTED_EDGE('',*,*,#6263,.T.);
#8583 = FACE_BOUND('',#8584,.F.);
#8584 = EDGE_LOOP('',(#8585));
#8585 = ORIENTED_EDGE('',*,*,#6296,.T.);
#8586 = FACE_BOUND('',#8587,.F.);
#8587 = EDGE_LOOP('',(#8588));
#8588 = ORIENTED_EDGE('',*,*,#6329,.T.);
#8589 = FACE_BOUND('',#8590,.F.);
#8590 = EDGE_LOOP('',(#8591));
#8591 = ORIENTED_EDGE('',*,*,#6362,.T.);
#8592 = FACE_BOUND('',#8593,.F.);
#8593 = EDGE_LOOP('',(#8594));
#8594 = ORIENTED_EDGE('',*,*,#6395,.T.);
#8595 = FACE_BOUND('',#8596,.F.);
#8596 = EDGE_LOOP('',(#8597));
#8597 = ORIENTED_EDGE('',*,*,#6428,.T.);
#8598 = FACE_BOUND('',#8599,.F.);
#8599 = EDGE_LOOP('',(#8600));
#8600 = ORIENTED_EDGE('',*,*,#6461,.T.);
#8601 = FACE_BOUND('',#8602,.F.);
#8602 = EDGE_LOOP('',(#8603));
#8603 = ORIENTED_EDGE('',*,*,#6494,.T.);
#8604 = FACE_BOUND('',#8605,.F.);
#8605 = EDGE_LOOP('',(#8606));
#8606 = ORIENTED_EDGE('',*,*,#6527,.T.);
#8607 = FACE_BOUND('',#8608,.F.);
#8608 = EDGE_LOOP('',(#8609));
#8609 = ORIENTED_EDGE('',*,*,#6560,.T.);
#8610 = FACE_BOUND('',#8611,.F.);
#8611 = EDGE_LOOP('',(#8612));
#8612 = ORIENTED_EDGE('',*,*,#6593,.T.);
#8613 = FACE_BOUND('',#8614,.F.);
#8614 = EDGE_LOOP('',(#8615));
#8615 = ORIENTED_EDGE('',*,*,#6626,.T.);
#8616 = FACE_BOUND('',#8617,.F.);
#8617 = EDGE_LOOP('',(#8618));
#8618 = ORIENTED_EDGE('',*,*,#6659,.T.);
#8619 = FACE_BOUND('',#8620,.F.);
#8620 = EDGE_LOOP('',(#8621));
#8621 = ORIENTED_EDGE('',*,*,#6692,.T.);
#8622 = FACE_BOUND('',#8623,.F.);
#8623 = EDGE_LOOP('',(#8624));
#8624 = ORIENTED_EDGE('',*,*,#6725,.T.);
#8625 = FACE_BOUND('',#8626,.F.);
#8626 = EDGE_LOOP('',(#8627));
#8627 = ORIENTED_EDGE('',*,*,#6758,.T.);
#8628 = FACE_BOUND('',#8629,.F.);
#8629 = EDGE_LOOP('',(#8630));
#8630 = ORIENTED_EDGE('',*,*,#6791,.T.);
#8631 = FACE_BOUND('',#8632,.F.);
#8632 = EDGE_LOOP('',(#8633));
#8633 = ORIENTED_EDGE('',*,*,#6824,.T.);
#8634 = FACE_BOUND('',#8635,.F.);
#8635 = EDGE_LOOP('',(#8636));
#8636 = ORIENTED_EDGE('',*,*,#6857,.T.);
#8637 = FACE_BOUND('',#8638,.F.);
#8638 = EDGE_LOOP('',(#8639));
#8639 = ORIENTED_EDGE('',*,*,#6890,.T.);
#8640 = FACE_BOUND('',#8641,.F.);
#8641 = EDGE_LOOP('',(#8642));
#8642 = ORIENTED_EDGE('',*,*,#6923,.T.);
#8643 = FACE_BOUND('',#8644,.F.);
#8644 = EDGE_LOOP('',(#8645));
#8645 = ORIENTED_EDGE('',*,*,#6956,.T.);
#8646 = FACE_BOUND('',#8647,.F.);
#8647 = EDGE_LOOP('',(#8648));
#8648 = ORIENTED_EDGE('',*,*,#6989,.T.);
#8649 = FACE_BOUND('',#8650,.F.);
#8650 = EDGE_LOOP('',(#8651));
#8651 = ORIENTED_EDGE('',*,*,#7022,.T.);
#8652 = FACE_BOUND('',#8653,.F.);
#8653 = EDGE_LOOP('',(#8654));
#8654 = ORIENTED_EDGE('',*,*,#7055,.T.);
#8655 = FACE_BOUND('',#8656,.F.);
#8656 = EDGE_LOOP('',(#8657));
#8657 = ORIENTED_EDGE('',*,*,#7088,.T.);
#8658 = FACE_BOUND('',#8659,.F.);
#8659 = EDGE_LOOP('',(#8660));
#8660 = ORIENTED_EDGE('',*,*,#7121,.T.);
#8661 = FACE_BOUND('',#8662,.F.);
#8662 = EDGE_LOOP('',(#8663));
#8663 = ORIENTED_EDGE('',*,*,#7154,.T.);
#8664 = FACE_BOUND('',#8665,.F.);
#8665 = EDGE_LOOP('',(#8666));
#8666 = ORIENTED_EDGE('',*,*,#7187,.T.);
#8667 = FACE_BOUND('',#8668,.F.);
#8668 = EDGE_LOOP('',(#8669));
#8669 = ORIENTED_EDGE('',*,*,#7220,.T.);
#8670 = FACE_BOUND('',#8671,.F.);
#8671 = EDGE_LOOP('',(#8672));
#8672 = ORIENTED_EDGE('',*,*,#7253,.T.);
#8673 = FACE_BOUND('',#8674,.F.);
#8674 = EDGE_LOOP('',(#8675));
#8675 = ORIENTED_EDGE('',*,*,#7286,.T.);
#8676 = FACE_BOUND('',#8677,.F.);
#8677 = EDGE_LOOP('',(#8678));
#8678 = ORIENTED_EDGE('',*,*,#7319,.T.);
#8679 = FACE_BOUND('',#8680,.F.);
#8680 = EDGE_LOOP('',(#8681));
#8681 = ORIENTED_EDGE('',*,*,#7352,.T.);
#8682 = PLANE('',#8683);
#8683 = AXIS2_PLACEMENT_3D('',#8684,#8685,#8686);
#8684 = CARTESIAN_POINT('',(26.05,18.3625,0.41148));
#8685 = DIRECTION('',(-0.,-0.,-1.));
#8686 = DIRECTION('',(-1.,0.,0.));
#8687 = ( GEOMETRIC_REPRESENTATION_CONTEXT(3) 
GLOBAL_UNCERTAINTY_ASSIGNED_CONTEXT((#8691)) 
GLOBAL_UNIT_ASSIGNED_CONTEXT((#8688,#8689,#8690)) REPRESENTATION_CONTEXT
('Context #1','3D Context with UNIT and UNCERTAINTY') );
#8688 = ( LENGTH_UNIT() NAMED_UNIT(*) SI_UNIT(.MILLI.,.METRE.) );
#8689 = ( NAMED_UNIT(*) PLANE_ANGLE_UNIT() SI_UNIT($,.RADIAN.) );
#8690 = ( NAMED_UNIT(*) SI_UNIT($,.STERADIAN.) SOLID_ANGLE_UNIT() );
#8691 = UNCERTAINTY_MEASURE_WITH_UNIT(LENGTH_MEASURE(1.E-07),#8688,
  'distance_accuracy_value','confusion accuracy');
#8692 = SHAPE_DEFINITION_REPRESENTATION(#8693,#50);
#8693 = PRODUCT_DEFINITION_SHAPE('','',#8694);
#8694 = PRODUCT_DEFINITION('design','',#8695,#8698);
#8695 = PRODUCT_DEFINITION_FORMATION('','',#8696);
#8696 = PRODUCT('Open CASCADE STEP translator 7.5 2.1.1',
  'Open CASCADE STEP translator 7.5 2.1.1','',(#8697));
#8697 = PRODUCT_CONTEXT('',#2,'mechanical');
#8698 = PRODUCT_DEFINITION_CONTEXT('part definition',#2,'design');
#8699 = CONTEXT_DEPENDENT_SHAPE_REPRESENTATION(#8700,#8702);
#8700 = ( REPRESENTATION_RELATIONSHIP('','',#50,#40) 
REPRESENTATION_RELATIONSHIP_WITH_TRANSFORMATION(#8701) 
SHAPE_REPRESENTATION_RELATIONSHIP() );
#8701 = ITEM_DEFINED_TRANSFORMATION('','',#11,#41);
#8702 = PRODUCT_DEFINITION_SHAPE('Placement','Placement of an item',
  #8703);
#8703 = NEXT_ASSEMBLY_USAGE_OCCURRENCE('169','','',#35,#8694,$);
#8704 = PRODUCT_RELATED_PRODUCT_CATEGORY('part',$,(#8696));
#8705 = CONTEXT_DEPENDENT_SHAPE_REPRESENTATION(#8706,#8708);
#8706 = ( REPRESENTATION_RELATIONSHIP('','',#40,#10) 
REPRESENTATION_RELATIONSHIP_WITH_TRANSFORMATION(#8707) 
SHAPE_REPRESENTATION_RELATIONSHIP() );
#8707 = ITEM_DEFINED_TRANSFORMATION('','',#11,#15);
#8708 = PRODUCT_DEFINITION_SHAPE('Placement','Placement of an item',
  #8709);
#8709 = NEXT_ASSEMBLY_USAGE_OCCURRENCE('170','','',#5,#35,$);
#8710 = PRODUCT_RELATED_PRODUCT_CATEGORY('part',$,(#37));
#8711 = SHAPE_DEFINITION_REPRESENTATION(#8712,#8718);
#8712 = PRODUCT_DEFINITION_SHAPE('','',#8713);
#8713 = PRODUCT_DEFINITION('design','',#8714,#8717);
#8714 = PRODUCT_DEFINITION_FORMATION('','',#8715);
#8715 = PRODUCT('J1AP','J1AP','',(#8716));
#8716 = PRODUCT_CONTEXT('',#2,'mechanical');
#8717 = PRODUCT_DEFINITION_CONTEXT('part definition',#2,'design');
#8718 = SHAPE_REPRESENTATION('',(#11,#8719),#8723);
#8719 = AXIS2_PLACEMENT_3D('',#8720,#8721,#8722);
#8720 = CARTESIAN_POINT('',(1.780001491957,18.36300203269,
    -1.669998526573));
#8721 = DIRECTION('',(-1.,-4.371138828674E-08,1.192488632473E-08));
#8722 = DIRECTION('',(-4.371138828674E-08,1.,-5.258637455098E-32));
#8723 = ( GEOMETRIC_REPRESENTATION_CONTEXT(3) 
GLOBAL_UNCERTAINTY_ASSIGNED_CONTEXT((#8727)) 
GLOBAL_UNIT_ASSIGNED_CONTEXT((#8724,#8725,#8726)) REPRESENTATION_CONTEXT
('Context #1','3D Context with UNIT and UNCERTAINTY') );
#8724 = ( LENGTH_UNIT() NAMED_UNIT(*) SI_UNIT(.MILLI.,.METRE.) );
#8725 = ( NAMED_UNIT(*) PLANE_ANGLE_UNIT() SI_UNIT($,.RADIAN.) );
#8726 = ( NAMED_UNIT(*) SI_UNIT($,.STERADIAN.) SOLID_ANGLE_UNIT() );
#8727 = UNCERTAINTY_MEASURE_WITH_UNIT(LENGTH_MEASURE(1.E-07),#8724,
  'distance_accuracy_value','confusion accuracy');
#8728 = SHAPE_DEFINITION_REPRESENTATION(#8729,#8735);
#8729 = PRODUCT_DEFINITION_SHAPE('','',#8730);
#8730 = PRODUCT_DEFINITION('design','',#8731,#8734);
#8731 = PRODUCT_DEFINITION_FORMATION('','',#8732);
#8732 = PRODUCT('PINHEADER_6X2','PINHEADER_6X2','',(#8733));
#8733 = PRODUCT_CONTEXT('',#2,'mechanical');
#8734 = PRODUCT_DEFINITION_CONTEXT('part definition',#2,'design');
#8735 = SHAPE_REPRESENTATION('',(#11,#8736,#8740,#8744,#8748,#8752,#8756
    ,#8760,#8764,#8768,#8772,#8776,#8780,#8784),#8788);
#8736 = AXIS2_PLACEMENT_3D('',#8737,#8738,#8739);
#8737 = CARTESIAN_POINT('',(0.,0.,0.));
#8738 = DIRECTION('',(0.,0.,1.));
#8739 = DIRECTION('',(1.,0.,0.));
#8740 = AXIS2_PLACEMENT_3D('',#8741,#8742,#8743);
#8741 = CARTESIAN_POINT('',(-6.35,1.5,2.456395418018E-15));
#8742 = DIRECTION('',(3.885780586188E-16,-1.,-2.22044604925E-16));
#8743 = DIRECTION('',(1.,3.885780586188E-16,-2.775557561563E-16));
#8744 = AXIS2_PLACEMENT_3D('',#8745,#8746,#8747);
#8745 = CARTESIAN_POINT('',(-6.35,1.5,-2.54));
#8746 = DIRECTION('',(3.885780586188E-16,-1.,-2.22044604925E-16));
#8747 = DIRECTION('',(1.,3.885780586188E-16,-2.775557561563E-16));
#8748 = AXIS2_PLACEMENT_3D('',#8749,#8750,#8751);
#8749 = CARTESIAN_POINT('',(-3.81,1.5,2.456395418018E-15));
#8750 = DIRECTION('',(3.885780586188E-16,-1.,-2.22044604925E-16));
#8751 = DIRECTION('',(1.,3.885780586188E-16,-2.775557561563E-16));
#8752 = AXIS2_PLACEMENT_3D('',#8753,#8754,#8755);
#8753 = CARTESIAN_POINT('',(-3.81,1.5,-2.54));
#8754 = DIRECTION('',(3.885780586188E-16,-1.,-2.22044604925E-16));
#8755 = DIRECTION('',(1.,3.885780586188E-16,-2.775557561563E-16));
#8756 = AXIS2_PLACEMENT_3D('',#8757,#8758,#8759);
#8757 = CARTESIAN_POINT('',(-1.27,1.5,2.456395418018E-15));
#8758 = DIRECTION('',(3.885780586188E-16,-1.,-2.22044604925E-16));
#8759 = DIRECTION('',(1.,3.885780586188E-16,-2.775557561563E-16));
#8760 = AXIS2_PLACEMENT_3D('',#8761,#8762,#8763);
#8761 = CARTESIAN_POINT('',(-1.27,1.5,-2.54));
#8762 = DIRECTION('',(3.885780586188E-16,-1.,-2.22044604925E-16));
#8763 = DIRECTION('',(1.,3.885780586188E-16,-2.775557561563E-16));
#8764 = AXIS2_PLACEMENT_3D('',#8765,#8766,#8767);
#8765 = CARTESIAN_POINT('',(1.27,1.5,2.456395418018E-15));
#8766 = DIRECTION('',(3.885780586188E-16,-1.,-2.22044604925E-16));
#8767 = DIRECTION('',(1.,3.885780586188E-16,-2.775557561563E-16));
#8768 = AXIS2_PLACEMENT_3D('',#8769,#8770,#8771);
#8769 = CARTESIAN_POINT('',(1.27,1.5,-2.54));
#8770 = DIRECTION('',(3.885780586188E-16,-1.,-2.22044604925E-16));
#8771 = DIRECTION('',(1.,3.885780586188E-16,-2.775557561563E-16));
#8772 = AXIS2_PLACEMENT_3D('',#8773,#8774,#8775);
#8773 = CARTESIAN_POINT('',(3.81,1.5,2.456395418018E-15));
#8774 = DIRECTION('',(3.885780586188E-16,-1.,-2.22044604925E-16));
#8775 = DIRECTION('',(1.,3.885780586188E-16,-2.775557561563E-16));
#8776 = AXIS2_PLACEMENT_3D('',#8777,#8778,#8779);
#8777 = CARTESIAN_POINT('',(3.81,1.5,-2.54));
#8778 = DIRECTION('',(3.885780586188E-16,-1.,-2.22044604925E-16));
#8779 = DIRECTION('',(1.,3.885780586188E-16,-2.775557561563E-16));
#8780 = AXIS2_PLACEMENT_3D('',#8781,#8782,#8783);
#8781 = CARTESIAN_POINT('',(6.35,1.5,2.456395418018E-15));
#8782 = DIRECTION('',(3.885780586188E-16,-1.,-2.22044604925E-16));
#8783 = DIRECTION('',(1.,3.885780586188E-16,-2.775557561563E-16));
#8784 = AXIS2_PLACEMENT_3D('',#8785,#8786,#8787);
#8785 = CARTESIAN_POINT('',(6.35,1.5,-2.54));
#8786 = DIRECTION('',(3.885780586188E-16,-1.,-2.22044604925E-16));
#8787 = DIRECTION('',(1.,3.885780586188E-16,-2.775557561563E-16));
#8788 = ( GEOMETRIC_REPRESENTATION_CONTEXT(3) 
GLOBAL_UNCERTAINTY_ASSIGNED_CONTEXT((#8792)) 
GLOBAL_UNIT_ASSIGNED_CONTEXT((#8789,#8790,#8791)) REPRESENTATION_CONTEXT
('Context #1','3D Context with UNIT and UNCERTAINTY') );
#8789 = ( LENGTH_UNIT() NAMED_UNIT(*) SI_UNIT(.MILLI.,.METRE.) );
#8790 = ( NAMED_UNIT(*) PLANE_ANGLE_UNIT() SI_UNIT($,.RADIAN.) );
#8791 = ( NAMED_UNIT(*) SI_UNIT($,.STERADIAN.) SOLID_ANGLE_UNIT() );
#8792 = UNCERTAINTY_MEASURE_WITH_UNIT(LENGTH_MEASURE(1.E-07),#8789,
  'distance_accuracy_value','confusion accuracy');
#8793 = ADVANCED_BREP_SHAPE_REPRESENTATION('',(#11,#8794),#12490);
#8794 = MANIFOLD_SOLID_BREP('',#8795);
#8795 = CLOSED_SHELL('',(#8796,#9516,#10236,#10276,#10316,#10356,#10396,
    #10436,#10476,#10516,#10556,#10596,#10636,#10676,#10716,#10738,
    #10760,#10784,#10813,#10837,#10866,#10890,#10919,#10943,#10972,
    #10996,#11025,#11049,#11073,#11097,#11126,#11150,#11179,#11203,
    #11232,#11256,#11285,#11309,#11338,#11362,#11386,#11398,#11410,
    #11422,#11434,#11446,#11458,#11470,#11482,#11494,#11506,#11518,
    #11530,#11542,#11554,#11566,#11578,#11590,#11602,#11614,#11626,
    #11638,#11650,#11662,#11674,#11696,#11713,#11730,#11742,#11764,
    #11781,#11798,#11810,#11832,#11849,#11866,#11878,#11900,#11917,
    #11934,#11946,#11968,#11985,#12002,#12014,#12036,#12053,#12070,
    #12082,#12104,#12121,#12138,#12150,#12172,#12189,#12206,#12218,
    #12240,#12257,#12274,#12286,#12308,#12325,#12342,#12354,#12376,
    #12393,#12410,#12422,#12444,#12461,#12478));
#8796 = ADVANCED_FACE('',(#8797,#8831,#8865,#8899,#8933,#8967,#9001,
    #9307,#9341,#9375,#9409,#9443,#9477),#9511,.T.);
#8797 = FACE_BOUND('',#8798,.T.);
#8798 = EDGE_LOOP('',(#8799,#8809,#8817,#8825));
#8799 = ORIENTED_EDGE('',*,*,#8800,.T.);
#8800 = EDGE_CURVE('',#8801,#8803,#8805,.T.);
#8801 = VERTEX_POINT('',#8802);
#8802 = CARTESIAN_POINT('',(6.03,1.27,-0.32));
#8803 = VERTEX_POINT('',#8804);
#8804 = CARTESIAN_POINT('',(6.67,1.27,-0.32));
#8805 = LINE('',#8806,#8807);
#8806 = CARTESIAN_POINT('',(6.03,1.27,-0.32));
#8807 = VECTOR('',#8808,1.);
#8808 = DIRECTION('',(1.,0.,0.));
#8809 = ORIENTED_EDGE('',*,*,#8810,.T.);
#8810 = EDGE_CURVE('',#8803,#8811,#8813,.T.);
#8811 = VERTEX_POINT('',#8812);
#8812 = CARTESIAN_POINT('',(6.67,1.27,0.32));
#8813 = LINE('',#8814,#8815);
#8814 = CARTESIAN_POINT('',(6.67,1.27,-0.32));
#8815 = VECTOR('',#8816,1.);
#8816 = DIRECTION('',(0.,-8.537024980201E-17,1.));
#8817 = ORIENTED_EDGE('',*,*,#8818,.T.);
#8818 = EDGE_CURVE('',#8811,#8819,#8821,.T.);
#8819 = VERTEX_POINT('',#8820);
#8820 = CARTESIAN_POINT('',(6.03,1.27,0.32));
#8821 = LINE('',#8822,#8823);
#8822 = CARTESIAN_POINT('',(6.67,1.27,0.32));
#8823 = VECTOR('',#8824,1.);
#8824 = DIRECTION('',(-1.,0.,0.));
#8825 = ORIENTED_EDGE('',*,*,#8826,.T.);
#8826 = EDGE_CURVE('',#8819,#8801,#8827,.T.);
#8827 = LINE('',#8828,#8829);
#8828 = CARTESIAN_POINT('',(6.03,1.27,0.32));
#8829 = VECTOR('',#8830,1.);
#8830 = DIRECTION('',(0.,8.537024980201E-17,-1.));
#8831 = FACE_BOUND('',#8832,.T.);
#8832 = EDGE_LOOP('',(#8833,#8843,#8851,#8859));
#8833 = ORIENTED_EDGE('',*,*,#8834,.T.);
#8834 = EDGE_CURVE('',#8835,#8837,#8839,.T.);
#8835 = VERTEX_POINT('',#8836);
#8836 = CARTESIAN_POINT('',(3.49,1.27,-0.32));
#8837 = VERTEX_POINT('',#8838);
#8838 = CARTESIAN_POINT('',(4.13,1.27,-0.32));
#8839 = LINE('',#8840,#8841);
#8840 = CARTESIAN_POINT('',(3.49,1.27,-0.32));
#8841 = VECTOR('',#8842,1.);
#8842 = DIRECTION('',(1.,0.,0.));
#8843 = ORIENTED_EDGE('',*,*,#8844,.T.);
#8844 = EDGE_CURVE('',#8837,#8845,#8847,.T.);
#8845 = VERTEX_POINT('',#8846);
#8846 = CARTESIAN_POINT('',(4.13,1.27,0.32));
#8847 = LINE('',#8848,#8849);
#8848 = CARTESIAN_POINT('',(4.13,1.27,-0.32));
#8849 = VECTOR('',#8850,1.);
#8850 = DIRECTION('',(0.,-8.537024980201E-17,1.));
#8851 = ORIENTED_EDGE('',*,*,#8852,.T.);
#8852 = EDGE_CURVE('',#8845,#8853,#8855,.T.);
#8853 = VERTEX_POINT('',#8854);
#8854 = CARTESIAN_POINT('',(3.49,1.27,0.32));
#8855 = LINE('',#8856,#8857);
#8856 = CARTESIAN_POINT('',(4.13,1.27,0.32));
#8857 = VECTOR('',#8858,1.);
#8858 = DIRECTION('',(-1.,0.,0.));
#8859 = ORIENTED_EDGE('',*,*,#8860,.T.);
#8860 = EDGE_CURVE('',#8853,#8835,#8861,.T.);
#8861 = LINE('',#8862,#8863);
#8862 = CARTESIAN_POINT('',(3.49,1.27,0.32));
#8863 = VECTOR('',#8864,1.);
#8864 = DIRECTION('',(0.,8.537024980201E-17,-1.));
#8865 = FACE_BOUND('',#8866,.T.);
#8866 = EDGE_LOOP('',(#8867,#8877,#8885,#8893));
#8867 = ORIENTED_EDGE('',*,*,#8868,.T.);
#8868 = EDGE_CURVE('',#8869,#8871,#8873,.T.);
#8869 = VERTEX_POINT('',#8870);
#8870 = CARTESIAN_POINT('',(0.95,1.27,-0.32));
#8871 = VERTEX_POINT('',#8872);
#8872 = CARTESIAN_POINT('',(1.59,1.27,-0.32));
#8873 = LINE('',#8874,#8875);
#8874 = CARTESIAN_POINT('',(0.95,1.27,-0.32));
#8875 = VECTOR('',#8876,1.);
#8876 = DIRECTION('',(1.,0.,0.));
#8877 = ORIENTED_EDGE('',*,*,#8878,.T.);
#8878 = EDGE_CURVE('',#8871,#8879,#8881,.T.);
#8879 = VERTEX_POINT('',#8880);
#8880 = CARTESIAN_POINT('',(1.59,1.27,0.32));
#8881 = LINE('',#8882,#8883);
#8882 = CARTESIAN_POINT('',(1.59,1.27,-0.32));
#8883 = VECTOR('',#8884,1.);
#8884 = DIRECTION('',(0.,-8.537024980201E-17,1.));
#8885 = ORIENTED_EDGE('',*,*,#8886,.T.);
#8886 = EDGE_CURVE('',#8879,#8887,#8889,.T.);
#8887 = VERTEX_POINT('',#8888);
#8888 = CARTESIAN_POINT('',(0.95,1.27,0.32));
#8889 = LINE('',#8890,#8891);
#8890 = CARTESIAN_POINT('',(1.59,1.27,0.32));
#8891 = VECTOR('',#8892,1.);
#8892 = DIRECTION('',(-1.,0.,0.));
#8893 = ORIENTED_EDGE('',*,*,#8894,.T.);
#8894 = EDGE_CURVE('',#8887,#8869,#8895,.T.);
#8895 = LINE('',#8896,#8897);
#8896 = CARTESIAN_POINT('',(0.95,1.27,0.32));
#8897 = VECTOR('',#8898,1.);
#8898 = DIRECTION('',(0.,8.537024980201E-17,-1.));
#8899 = FACE_BOUND('',#8900,.T.);
#8900 = EDGE_LOOP('',(#8901,#8911,#8919,#8927));
#8901 = ORIENTED_EDGE('',*,*,#8902,.T.);
#8902 = EDGE_CURVE('',#8903,#8905,#8907,.T.);
#8903 = VERTEX_POINT('',#8904);
#8904 = CARTESIAN_POINT('',(-1.59,1.27,-0.32));
#8905 = VERTEX_POINT('',#8906);
#8906 = CARTESIAN_POINT('',(-0.95,1.27,-0.32));
#8907 = LINE('',#8908,#8909);
#8908 = CARTESIAN_POINT('',(-1.59,1.27,-0.32));
#8909 = VECTOR('',#8910,1.);
#8910 = DIRECTION('',(1.,0.,0.));
#8911 = ORIENTED_EDGE('',*,*,#8912,.T.);
#8912 = EDGE_CURVE('',#8905,#8913,#8915,.T.);
#8913 = VERTEX_POINT('',#8914);
#8914 = CARTESIAN_POINT('',(-0.95,1.27,0.32));
#8915 = LINE('',#8916,#8917);
#8916 = CARTESIAN_POINT('',(-0.95,1.27,-0.32));
#8917 = VECTOR('',#8918,1.);
#8918 = DIRECTION('',(0.,-8.537024980201E-17,1.));
#8919 = ORIENTED_EDGE('',*,*,#8920,.T.);
#8920 = EDGE_CURVE('',#8913,#8921,#8923,.T.);
#8921 = VERTEX_POINT('',#8922);
#8922 = CARTESIAN_POINT('',(-1.59,1.27,0.32));
#8923 = LINE('',#8924,#8925);
#8924 = CARTESIAN_POINT('',(-0.95,1.27,0.32));
#8925 = VECTOR('',#8926,1.);
#8926 = DIRECTION('',(-1.,0.,0.));
#8927 = ORIENTED_EDGE('',*,*,#8928,.T.);
#8928 = EDGE_CURVE('',#8921,#8903,#8929,.T.);
#8929 = LINE('',#8930,#8931);
#8930 = CARTESIAN_POINT('',(-1.59,1.27,0.32));
#8931 = VECTOR('',#8932,1.);
#8932 = DIRECTION('',(0.,8.537024980201E-17,-1.));
#8933 = FACE_BOUND('',#8934,.T.);
#8934 = EDGE_LOOP('',(#8935,#8945,#8953,#8961));
#8935 = ORIENTED_EDGE('',*,*,#8936,.T.);
#8936 = EDGE_CURVE('',#8937,#8939,#8941,.T.);
#8937 = VERTEX_POINT('',#8938);
#8938 = CARTESIAN_POINT('',(-4.13,1.27,-0.32));
#8939 = VERTEX_POINT('',#8940);
#8940 = CARTESIAN_POINT('',(-3.49,1.27,-0.32));
#8941 = LINE('',#8942,#8943);
#8942 = CARTESIAN_POINT('',(-4.13,1.27,-0.32));
#8943 = VECTOR('',#8944,1.);
#8944 = DIRECTION('',(1.,0.,0.));
#8945 = ORIENTED_EDGE('',*,*,#8946,.T.);
#8946 = EDGE_CURVE('',#8939,#8947,#8949,.T.);
#8947 = VERTEX_POINT('',#8948);
#8948 = CARTESIAN_POINT('',(-3.49,1.27,0.32));
#8949 = LINE('',#8950,#8951);
#8950 = CARTESIAN_POINT('',(-3.49,1.27,-0.32));
#8951 = VECTOR('',#8952,1.);
#8952 = DIRECTION('',(0.,-8.537024980201E-17,1.));
#8953 = ORIENTED_EDGE('',*,*,#8954,.T.);
#8954 = EDGE_CURVE('',#8947,#8955,#8957,.T.);
#8955 = VERTEX_POINT('',#8956);
#8956 = CARTESIAN_POINT('',(-4.13,1.27,0.32));
#8957 = LINE('',#8958,#8959);
#8958 = CARTESIAN_POINT('',(-3.49,1.27,0.32));
#8959 = VECTOR('',#8960,1.);
#8960 = DIRECTION('',(-1.,0.,0.));
#8961 = ORIENTED_EDGE('',*,*,#8962,.T.);
#8962 = EDGE_CURVE('',#8955,#8937,#8963,.T.);
#8963 = LINE('',#8964,#8965);
#8964 = CARTESIAN_POINT('',(-4.13,1.27,0.32));
#8965 = VECTOR('',#8966,1.);
#8966 = DIRECTION('',(0.,8.537024980201E-17,-1.));
#8967 = FACE_BOUND('',#8968,.T.);
#8968 = EDGE_LOOP('',(#8969,#8979,#8987,#8995));
#8969 = ORIENTED_EDGE('',*,*,#8970,.T.);
#8970 = EDGE_CURVE('',#8971,#8973,#8975,.T.);
#8971 = VERTEX_POINT('',#8972);
#8972 = CARTESIAN_POINT('',(-6.67,1.27,-0.32));
#8973 = VERTEX_POINT('',#8974);
#8974 = CARTESIAN_POINT('',(-6.03,1.27,-0.32));
#8975 = LINE('',#8976,#8977);
#8976 = CARTESIAN_POINT('',(-6.67,1.27,-0.32));
#8977 = VECTOR('',#8978,1.);
#8978 = DIRECTION('',(1.,0.,0.));
#8979 = ORIENTED_EDGE('',*,*,#8980,.T.);
#8980 = EDGE_CURVE('',#8973,#8981,#8983,.T.);
#8981 = VERTEX_POINT('',#8982);
#8982 = CARTESIAN_POINT('',(-6.03,1.27,0.32));
#8983 = LINE('',#8984,#8985);
#8984 = CARTESIAN_POINT('',(-6.03,1.27,-0.32));
#8985 = VECTOR('',#8986,1.);
#8986 = DIRECTION('',(0.,-8.537024980201E-17,1.));
#8987 = ORIENTED_EDGE('',*,*,#8988,.T.);
#8988 = EDGE_CURVE('',#8981,#8989,#8991,.T.);
#8989 = VERTEX_POINT('',#8990);
#8990 = CARTESIAN_POINT('',(-6.67,1.27,0.32));
#8991 = LINE('',#8992,#8993);
#8992 = CARTESIAN_POINT('',(-6.03,1.27,0.32));
#8993 = VECTOR('',#8994,1.);
#8994 = DIRECTION('',(-1.,0.,0.));
#8995 = ORIENTED_EDGE('',*,*,#8996,.T.);
#8996 = EDGE_CURVE('',#8989,#8971,#8997,.T.);
#8997 = LINE('',#8998,#8999);
#8998 = CARTESIAN_POINT('',(-6.67,1.27,0.32));
#8999 = VECTOR('',#9000,1.);
#9000 = DIRECTION('',(0.,8.537024980201E-17,-1.));
#9001 = FACE_BOUND('',#9002,.T.);
#9002 = EDGE_LOOP('',(#9003,#9013,#9021,#9029,#9037,#9045,#9053,#9061,
    #9069,#9077,#9085,#9093,#9101,#9109,#9117,#9125,#9133,#9141,#9149,
    #9157,#9165,#9173,#9181,#9189,#9197,#9205,#9213,#9221,#9229,#9237,
    #9245,#9253,#9261,#9269,#9277,#9285,#9293,#9301));
#9003 = ORIENTED_EDGE('',*,*,#9004,.F.);
#9004 = EDGE_CURVE('',#9005,#9007,#9009,.T.);
#9005 = VERTEX_POINT('',#9006);
#9006 = CARTESIAN_POINT('',(7.37,1.27,1.27));
#9007 = VERTEX_POINT('',#9008);
#9008 = CARTESIAN_POINT('',(5.33,1.27,1.27));
#9009 = LINE('',#9010,#9011);
#9010 = CARTESIAN_POINT('',(7.62,1.27,1.27));
#9011 = VECTOR('',#9012,1.);
#9012 = DIRECTION('',(-1.,0.,0.));
#9013 = ORIENTED_EDGE('',*,*,#9014,.T.);
#9014 = EDGE_CURVE('',#9005,#9015,#9017,.T.);
#9015 = VERTEX_POINT('',#9016);
#9016 = CARTESIAN_POINT('',(7.62,1.27,0.77));
#9017 = LINE('',#9018,#9019);
#9018 = CARTESIAN_POINT('',(7.37,1.27,1.27));
#9019 = VECTOR('',#9020,1.);
#9020 = DIRECTION('',(0.4472135955,7.635747272537E-17,-0.894427191));
#9021 = ORIENTED_EDGE('',*,*,#9022,.T.);
#9022 = EDGE_CURVE('',#9015,#9023,#9025,.T.);
#9023 = VERTEX_POINT('',#9024);
#9024 = CARTESIAN_POINT('',(7.62,1.27,-3.31));
#9025 = LINE('',#9026,#9027);
#9026 = CARTESIAN_POINT('',(7.62,1.27,1.27));
#9027 = VECTOR('',#9028,1.);
#9028 = DIRECTION('',(0.,8.537024980201E-17,-1.));
#9029 = ORIENTED_EDGE('',*,*,#9030,.F.);
#9030 = EDGE_CURVE('',#9031,#9023,#9033,.T.);
#9031 = VERTEX_POINT('',#9032);
#9032 = CARTESIAN_POINT('',(7.37,1.27,-3.81));
#9033 = LINE('',#9034,#9035);
#9034 = CARTESIAN_POINT('',(7.37,1.27,-3.81));
#9035 = VECTOR('',#9036,1.);
#9036 = DIRECTION('',(0.4472135955,7.635747272537E-17,0.894427191));
#9037 = ORIENTED_EDGE('',*,*,#9038,.T.);
#9038 = EDGE_CURVE('',#9031,#9039,#9041,.T.);
#9039 = VERTEX_POINT('',#9040);
#9040 = CARTESIAN_POINT('',(5.33,1.27,-3.81));
#9041 = LINE('',#9042,#9043);
#9042 = CARTESIAN_POINT('',(7.62,1.27,-3.81));
#9043 = VECTOR('',#9044,1.);
#9044 = DIRECTION('',(-1.,0.,0.));
#9045 = ORIENTED_EDGE('',*,*,#9046,.F.);
#9046 = EDGE_CURVE('',#9047,#9039,#9049,.T.);
#9047 = VERTEX_POINT('',#9048);
#9048 = CARTESIAN_POINT('',(5.08,1.27,-3.31));
#9049 = LINE('',#9050,#9051);
#9050 = CARTESIAN_POINT('',(5.08,1.27,-3.31));
#9051 = VECTOR('',#9052,1.);
#9052 = DIRECTION('',(0.4472135955,-7.635747272537E-17,-0.894427191));
#9053 = ORIENTED_EDGE('',*,*,#9054,.F.);
#9054 = EDGE_CURVE('',#9055,#9047,#9057,.T.);
#9055 = VERTEX_POINT('',#9056);
#9056 = CARTESIAN_POINT('',(4.83,1.27,-3.81));
#9057 = LINE('',#9058,#9059);
#9058 = CARTESIAN_POINT('',(4.83,1.27,-3.81));
#9059 = VECTOR('',#9060,1.);
#9060 = DIRECTION('',(0.4472135955,7.635747272537E-17,0.894427191));
#9061 = ORIENTED_EDGE('',*,*,#9062,.T.);
#9062 = EDGE_CURVE('',#9055,#9063,#9065,.T.);
#9063 = VERTEX_POINT('',#9064);
#9064 = CARTESIAN_POINT('',(2.79,1.27,-3.81));
#9065 = LINE('',#9066,#9067);
#9066 = CARTESIAN_POINT('',(7.62,1.27,-3.81));
#9067 = VECTOR('',#9068,1.);
#9068 = DIRECTION('',(-1.,0.,0.));
#9069 = ORIENTED_EDGE('',*,*,#9070,.F.);
#9070 = EDGE_CURVE('',#9071,#9063,#9073,.T.);
#9071 = VERTEX_POINT('',#9072);
#9072 = CARTESIAN_POINT('',(2.54,1.27,-3.31));
#9073 = LINE('',#9074,#9075);
#9074 = CARTESIAN_POINT('',(2.54,1.27,-3.31));
#9075 = VECTOR('',#9076,1.);
#9076 = DIRECTION('',(0.4472135955,-7.635747272537E-17,-0.894427191));
#9077 = ORIENTED_EDGE('',*,*,#9078,.F.);
#9078 = EDGE_CURVE('',#9079,#9071,#9081,.T.);
#9079 = VERTEX_POINT('',#9080);
#9080 = CARTESIAN_POINT('',(2.29,1.27,-3.81));
#9081 = LINE('',#9082,#9083);
#9082 = CARTESIAN_POINT('',(2.29,1.27,-3.81));
#9083 = VECTOR('',#9084,1.);
#9084 = DIRECTION('',(0.4472135955,7.635747272537E-17,0.894427191));
#9085 = ORIENTED_EDGE('',*,*,#9086,.T.);
#9086 = EDGE_CURVE('',#9079,#9087,#9089,.T.);
#9087 = VERTEX_POINT('',#9088);
#9088 = CARTESIAN_POINT('',(0.25,1.27,-3.81));
#9089 = LINE('',#9090,#9091);
#9090 = CARTESIAN_POINT('',(7.62,1.27,-3.81));
#9091 = VECTOR('',#9092,1.);
#9092 = DIRECTION('',(-1.,0.,0.));
#9093 = ORIENTED_EDGE('',*,*,#9094,.F.);
#9094 = EDGE_CURVE('',#9095,#9087,#9097,.T.);
#9095 = VERTEX_POINT('',#9096);
#9096 = CARTESIAN_POINT('',(-1.51788304148E-15,1.27,-3.31));
#9097 = LINE('',#9098,#9099);
#9098 = CARTESIAN_POINT('',(0.,1.27,-3.31));
#9099 = VECTOR('',#9100,1.);
#9100 = DIRECTION('',(0.4472135955,-7.635747272537E-17,-0.894427191));
#9101 = ORIENTED_EDGE('',*,*,#9102,.F.);
#9102 = EDGE_CURVE('',#9103,#9095,#9105,.T.);
#9103 = VERTEX_POINT('',#9104);
#9104 = CARTESIAN_POINT('',(-0.25,1.27,-3.81));
#9105 = LINE('',#9106,#9107);
#9106 = CARTESIAN_POINT('',(-0.25,1.27,-3.81));
#9107 = VECTOR('',#9108,1.);
#9108 = DIRECTION('',(0.4472135955,7.635747272537E-17,0.894427191));
#9109 = ORIENTED_EDGE('',*,*,#9110,.T.);
#9110 = EDGE_CURVE('',#9103,#9111,#9113,.T.);
#9111 = VERTEX_POINT('',#9112);
#9112 = CARTESIAN_POINT('',(-2.29,1.27,-3.81));
#9113 = LINE('',#9114,#9115);
#9114 = CARTESIAN_POINT('',(7.62,1.27,-3.81));
#9115 = VECTOR('',#9116,1.);
#9116 = DIRECTION('',(-1.,0.,0.));
#9117 = ORIENTED_EDGE('',*,*,#9118,.F.);
#9118 = EDGE_CURVE('',#9119,#9111,#9121,.T.);
#9119 = VERTEX_POINT('',#9120);
#9120 = CARTESIAN_POINT('',(-2.54,1.27,-3.31));
#9121 = LINE('',#9122,#9123);
#9122 = CARTESIAN_POINT('',(-2.54,1.27,-3.31));
#9123 = VECTOR('',#9124,1.);
#9124 = DIRECTION('',(0.4472135955,-7.635747272537E-17,-0.894427191));
#9125 = ORIENTED_EDGE('',*,*,#9126,.F.);
#9126 = EDGE_CURVE('',#9127,#9119,#9129,.T.);
#9127 = VERTEX_POINT('',#9128);
#9128 = CARTESIAN_POINT('',(-2.79,1.27,-3.81));
#9129 = LINE('',#9130,#9131);
#9130 = CARTESIAN_POINT('',(-2.79,1.27,-3.81));
#9131 = VECTOR('',#9132,1.);
#9132 = DIRECTION('',(0.4472135955,7.635747272537E-17,0.894427191));
#9133 = ORIENTED_EDGE('',*,*,#9134,.T.);
#9134 = EDGE_CURVE('',#9127,#9135,#9137,.T.);
#9135 = VERTEX_POINT('',#9136);
#9136 = CARTESIAN_POINT('',(-4.83,1.27,-3.81));
#9137 = LINE('',#9138,#9139);
#9138 = CARTESIAN_POINT('',(7.62,1.27,-3.81));
#9139 = VECTOR('',#9140,1.);
#9140 = DIRECTION('',(-1.,0.,0.));
#9141 = ORIENTED_EDGE('',*,*,#9142,.F.);
#9142 = EDGE_CURVE('',#9143,#9135,#9145,.T.);
#9143 = VERTEX_POINT('',#9144);
#9144 = CARTESIAN_POINT('',(-5.08,1.27,-3.31));
#9145 = LINE('',#9146,#9147);
#9146 = CARTESIAN_POINT('',(-5.08,1.27,-3.31));
#9147 = VECTOR('',#9148,1.);
#9148 = DIRECTION('',(0.4472135955,-7.635747272537E-17,-0.894427191));
#9149 = ORIENTED_EDGE('',*,*,#9150,.F.);
#9150 = EDGE_CURVE('',#9151,#9143,#9153,.T.);
#9151 = VERTEX_POINT('',#9152);
#9152 = CARTESIAN_POINT('',(-5.33,1.27,-3.81));
#9153 = LINE('',#9154,#9155);
#9154 = CARTESIAN_POINT('',(-5.33,1.27,-3.81));
#9155 = VECTOR('',#9156,1.);
#9156 = DIRECTION('',(0.4472135955,7.635747272537E-17,0.894427191));
#9157 = ORIENTED_EDGE('',*,*,#9158,.T.);
#9158 = EDGE_CURVE('',#9151,#9159,#9161,.T.);
#9159 = VERTEX_POINT('',#9160);
#9160 = CARTESIAN_POINT('',(-7.37,1.27,-3.81));
#9161 = LINE('',#9162,#9163);
#9162 = CARTESIAN_POINT('',(7.62,1.27,-3.81));
#9163 = VECTOR('',#9164,1.);
#9164 = DIRECTION('',(-1.,0.,0.));
#9165 = ORIENTED_EDGE('',*,*,#9166,.F.);
#9166 = EDGE_CURVE('',#9167,#9159,#9169,.T.);
#9167 = VERTEX_POINT('',#9168);
#9168 = CARTESIAN_POINT('',(-7.62,1.27,-3.31));
#9169 = LINE('',#9170,#9171);
#9170 = CARTESIAN_POINT('',(-7.62,1.27,-3.31));
#9171 = VECTOR('',#9172,1.);
#9172 = DIRECTION('',(0.4472135955,-7.635747272537E-17,-0.894427191));
#9173 = ORIENTED_EDGE('',*,*,#9174,.F.);
#9174 = EDGE_CURVE('',#9175,#9167,#9177,.T.);
#9175 = VERTEX_POINT('',#9176);
#9176 = CARTESIAN_POINT('',(-7.62,1.27,0.77));
#9177 = LINE('',#9178,#9179);
#9178 = CARTESIAN_POINT('',(-7.62,1.27,1.27));
#9179 = VECTOR('',#9180,1.);
#9180 = DIRECTION('',(0.,8.537024980201E-17,-1.));
#9181 = ORIENTED_EDGE('',*,*,#9182,.T.);
#9182 = EDGE_CURVE('',#9175,#9183,#9185,.T.);
#9183 = VERTEX_POINT('',#9184);
#9184 = CARTESIAN_POINT('',(-7.37,1.27,1.27));
#9185 = LINE('',#9186,#9187);
#9186 = CARTESIAN_POINT('',(-7.62,1.27,0.77));
#9187 = VECTOR('',#9188,1.);
#9188 = DIRECTION('',(0.4472135955,-7.635747272537E-17,0.894427191));
#9189 = ORIENTED_EDGE('',*,*,#9190,.F.);
#9190 = EDGE_CURVE('',#9191,#9183,#9193,.T.);
#9191 = VERTEX_POINT('',#9192);
#9192 = CARTESIAN_POINT('',(-5.33,1.27,1.27));
#9193 = LINE('',#9194,#9195);
#9194 = CARTESIAN_POINT('',(7.62,1.27,1.27));
#9195 = VECTOR('',#9196,1.);
#9196 = DIRECTION('',(-1.,0.,0.));
#9197 = ORIENTED_EDGE('',*,*,#9198,.T.);
#9198 = EDGE_CURVE('',#9191,#9199,#9201,.T.);
#9199 = VERTEX_POINT('',#9200);
#9200 = CARTESIAN_POINT('',(-5.08,1.27,0.77));
#9201 = LINE('',#9202,#9203);
#9202 = CARTESIAN_POINT('',(-5.33,1.27,1.27));
#9203 = VECTOR('',#9204,1.);
#9204 = DIRECTION('',(0.4472135955,7.635747272537E-17,-0.894427191));
#9205 = ORIENTED_EDGE('',*,*,#9206,.T.);
#9206 = EDGE_CURVE('',#9199,#9207,#9209,.T.);
#9207 = VERTEX_POINT('',#9208);
#9208 = CARTESIAN_POINT('',(-4.83,1.27,1.27));
#9209 = LINE('',#9210,#9211);
#9210 = CARTESIAN_POINT('',(-5.08,1.27,0.77));
#9211 = VECTOR('',#9212,1.);
#9212 = DIRECTION('',(0.4472135955,-7.635747272537E-17,0.894427191));
#9213 = ORIENTED_EDGE('',*,*,#9214,.F.);
#9214 = EDGE_CURVE('',#9215,#9207,#9217,.T.);
#9215 = VERTEX_POINT('',#9216);
#9216 = CARTESIAN_POINT('',(-2.79,1.27,1.27));
#9217 = LINE('',#9218,#9219);
#9218 = CARTESIAN_POINT('',(7.62,1.27,1.27));
#9219 = VECTOR('',#9220,1.);
#9220 = DIRECTION('',(-1.,0.,0.));
#9221 = ORIENTED_EDGE('',*,*,#9222,.T.);
#9222 = EDGE_CURVE('',#9215,#9223,#9225,.T.);
#9223 = VERTEX_POINT('',#9224);
#9224 = CARTESIAN_POINT('',(-2.54,1.27,0.77));
#9225 = LINE('',#9226,#9227);
#9226 = CARTESIAN_POINT('',(-2.79,1.27,1.27));
#9227 = VECTOR('',#9228,1.);
#9228 = DIRECTION('',(0.4472135955,7.635747272537E-17,-0.894427191));
#9229 = ORIENTED_EDGE('',*,*,#9230,.T.);
#9230 = EDGE_CURVE('',#9223,#9231,#9233,.T.);
#9231 = VERTEX_POINT('',#9232);
#9232 = CARTESIAN_POINT('',(-2.29,1.27,1.27));
#9233 = LINE('',#9234,#9235);
#9234 = CARTESIAN_POINT('',(-2.54,1.27,0.77));
#9235 = VECTOR('',#9236,1.);
#9236 = DIRECTION('',(0.4472135955,-7.635747272537E-17,0.894427191));
#9237 = ORIENTED_EDGE('',*,*,#9238,.F.);
#9238 = EDGE_CURVE('',#9239,#9231,#9241,.T.);
#9239 = VERTEX_POINT('',#9240);
#9240 = CARTESIAN_POINT('',(-0.25,1.27,1.27));
#9241 = LINE('',#9242,#9243);
#9242 = CARTESIAN_POINT('',(7.62,1.27,1.27));
#9243 = VECTOR('',#9244,1.);
#9244 = DIRECTION('',(-1.,0.,0.));
#9245 = ORIENTED_EDGE('',*,*,#9246,.T.);
#9246 = EDGE_CURVE('',#9239,#9247,#9249,.T.);
#9247 = VERTEX_POINT('',#9248);
#9248 = CARTESIAN_POINT('',(-1.51788304148E-15,1.27,0.77));
#9249 = LINE('',#9250,#9251);
#9250 = CARTESIAN_POINT('',(-0.25,1.27,1.27));
#9251 = VECTOR('',#9252,1.);
#9252 = DIRECTION('',(0.4472135955,7.635747272537E-17,-0.894427191));
#9253 = ORIENTED_EDGE('',*,*,#9254,.T.);
#9254 = EDGE_CURVE('',#9247,#9255,#9257,.T.);
#9255 = VERTEX_POINT('',#9256);
#9256 = CARTESIAN_POINT('',(0.25,1.27,1.27));
#9257 = LINE('',#9258,#9259);
#9258 = CARTESIAN_POINT('',(0.,1.27,0.77));
#9259 = VECTOR('',#9260,1.);
#9260 = DIRECTION('',(0.4472135955,-7.635747272537E-17,0.894427191));
#9261 = ORIENTED_EDGE('',*,*,#9262,.F.);
#9262 = EDGE_CURVE('',#9263,#9255,#9265,.T.);
#9263 = VERTEX_POINT('',#9264);
#9264 = CARTESIAN_POINT('',(2.29,1.27,1.27));
#9265 = LINE('',#9266,#9267);
#9266 = CARTESIAN_POINT('',(7.62,1.27,1.27));
#9267 = VECTOR('',#9268,1.);
#9268 = DIRECTION('',(-1.,0.,0.));
#9269 = ORIENTED_EDGE('',*,*,#9270,.T.);
#9270 = EDGE_CURVE('',#9263,#9271,#9273,.T.);
#9271 = VERTEX_POINT('',#9272);
#9272 = CARTESIAN_POINT('',(2.54,1.27,0.77));
#9273 = LINE('',#9274,#9275);
#9274 = CARTESIAN_POINT('',(2.29,1.27,1.27));
#9275 = VECTOR('',#9276,1.);
#9276 = DIRECTION('',(0.4472135955,7.635747272537E-17,-0.894427191));
#9277 = ORIENTED_EDGE('',*,*,#9278,.T.);
#9278 = EDGE_CURVE('',#9271,#9279,#9281,.T.);
#9279 = VERTEX_POINT('',#9280);
#9280 = CARTESIAN_POINT('',(2.79,1.27,1.27));
#9281 = LINE('',#9282,#9283);
#9282 = CARTESIAN_POINT('',(2.54,1.27,0.77));
#9283 = VECTOR('',#9284,1.);
#9284 = DIRECTION('',(0.4472135955,-7.635747272537E-17,0.894427191));
#9285 = ORIENTED_EDGE('',*,*,#9286,.F.);
#9286 = EDGE_CURVE('',#9287,#9279,#9289,.T.);
#9287 = VERTEX_POINT('',#9288);
#9288 = CARTESIAN_POINT('',(4.83,1.27,1.27));
#9289 = LINE('',#9290,#9291);
#9290 = CARTESIAN_POINT('',(7.62,1.27,1.27));
#9291 = VECTOR('',#9292,1.);
#9292 = DIRECTION('',(-1.,0.,0.));
#9293 = ORIENTED_EDGE('',*,*,#9294,.T.);
#9294 = EDGE_CURVE('',#9287,#9295,#9297,.T.);
#9295 = VERTEX_POINT('',#9296);
#9296 = CARTESIAN_POINT('',(5.08,1.27,0.77));
#9297 = LINE('',#9298,#9299);
#9298 = CARTESIAN_POINT('',(4.83,1.27,1.27));
#9299 = VECTOR('',#9300,1.);
#9300 = DIRECTION('',(0.4472135955,7.635747272537E-17,-0.894427191));
#9301 = ORIENTED_EDGE('',*,*,#9302,.T.);
#9302 = EDGE_CURVE('',#9295,#9007,#9303,.T.);
#9303 = LINE('',#9304,#9305);
#9304 = CARTESIAN_POINT('',(5.08,1.27,0.77));
#9305 = VECTOR('',#9306,1.);
#9306 = DIRECTION('',(0.4472135955,-7.635747272537E-17,0.894427191));
#9307 = FACE_BOUND('',#9308,.T.);
#9308 = EDGE_LOOP('',(#9309,#9319,#9327,#9335));
#9309 = ORIENTED_EDGE('',*,*,#9310,.T.);
#9310 = EDGE_CURVE('',#9311,#9313,#9315,.T.);
#9311 = VERTEX_POINT('',#9312);
#9312 = CARTESIAN_POINT('',(-6.67,1.27,-2.86));
#9313 = VERTEX_POINT('',#9314);
#9314 = CARTESIAN_POINT('',(-6.03,1.27,-2.86));
#9315 = LINE('',#9316,#9317);
#9316 = CARTESIAN_POINT('',(-6.67,1.27,-2.86));
#9317 = VECTOR('',#9318,1.);
#9318 = DIRECTION('',(1.,0.,0.));
#9319 = ORIENTED_EDGE('',*,*,#9320,.T.);
#9320 = EDGE_CURVE('',#9313,#9321,#9323,.T.);
#9321 = VERTEX_POINT('',#9322);
#9322 = CARTESIAN_POINT('',(-6.03,1.27,-2.22));
#9323 = LINE('',#9324,#9325);
#9324 = CARTESIAN_POINT('',(-6.03,1.27,-2.86));
#9325 = VECTOR('',#9326,1.);
#9326 = DIRECTION('',(0.,-8.537024980201E-17,1.));
#9327 = ORIENTED_EDGE('',*,*,#9328,.T.);
#9328 = EDGE_CURVE('',#9321,#9329,#9331,.T.);
#9329 = VERTEX_POINT('',#9330);
#9330 = CARTESIAN_POINT('',(-6.67,1.27,-2.22));
#9331 = LINE('',#9332,#9333);
#9332 = CARTESIAN_POINT('',(-6.03,1.27,-2.22));
#9333 = VECTOR('',#9334,1.);
#9334 = DIRECTION('',(-1.,0.,0.));
#9335 = ORIENTED_EDGE('',*,*,#9336,.T.);
#9336 = EDGE_CURVE('',#9329,#9311,#9337,.T.);
#9337 = LINE('',#9338,#9339);
#9338 = CARTESIAN_POINT('',(-6.67,1.27,-2.22));
#9339 = VECTOR('',#9340,1.);
#9340 = DIRECTION('',(0.,8.537024980201E-17,-1.));
#9341 = FACE_BOUND('',#9342,.T.);
#9342 = EDGE_LOOP('',(#9343,#9353,#9361,#9369));
#9343 = ORIENTED_EDGE('',*,*,#9344,.T.);
#9344 = EDGE_CURVE('',#9345,#9347,#9349,.T.);
#9345 = VERTEX_POINT('',#9346);
#9346 = CARTESIAN_POINT('',(-4.13,1.27,-2.86));
#9347 = VERTEX_POINT('',#9348);
#9348 = CARTESIAN_POINT('',(-3.49,1.27,-2.86));
#9349 = LINE('',#9350,#9351);
#9350 = CARTESIAN_POINT('',(-4.13,1.27,-2.86));
#9351 = VECTOR('',#9352,1.);
#9352 = DIRECTION('',(1.,0.,0.));
#9353 = ORIENTED_EDGE('',*,*,#9354,.T.);
#9354 = EDGE_CURVE('',#9347,#9355,#9357,.T.);
#9355 = VERTEX_POINT('',#9356);
#9356 = CARTESIAN_POINT('',(-3.49,1.27,-2.22));
#9357 = LINE('',#9358,#9359);
#9358 = CARTESIAN_POINT('',(-3.49,1.27,-2.86));
#9359 = VECTOR('',#9360,1.);
#9360 = DIRECTION('',(0.,-8.537024980201E-17,1.));
#9361 = ORIENTED_EDGE('',*,*,#9362,.T.);
#9362 = EDGE_CURVE('',#9355,#9363,#9365,.T.);
#9363 = VERTEX_POINT('',#9364);
#9364 = CARTESIAN_POINT('',(-4.13,1.27,-2.22));
#9365 = LINE('',#9366,#9367);
#9366 = CARTESIAN_POINT('',(-3.49,1.27,-2.22));
#9367 = VECTOR('',#9368,1.);
#9368 = DIRECTION('',(-1.,0.,0.));
#9369 = ORIENTED_EDGE('',*,*,#9370,.T.);
#9370 = EDGE_CURVE('',#9363,#9345,#9371,.T.);
#9371 = LINE('',#9372,#9373);
#9372 = CARTESIAN_POINT('',(-4.13,1.27,-2.22));
#9373 = VECTOR('',#9374,1.);
#9374 = DIRECTION('',(0.,8.537024980201E-17,-1.));
#9375 = FACE_BOUND('',#9376,.T.);
#9376 = EDGE_LOOP('',(#9377,#9387,#9395,#9403));
#9377 = ORIENTED_EDGE('',*,*,#9378,.T.);
#9378 = EDGE_CURVE('',#9379,#9381,#9383,.T.);
#9379 = VERTEX_POINT('',#9380);
#9380 = CARTESIAN_POINT('',(-1.59,1.27,-2.86));
#9381 = VERTEX_POINT('',#9382);
#9382 = CARTESIAN_POINT('',(-0.95,1.27,-2.86));
#9383 = LINE('',#9384,#9385);
#9384 = CARTESIAN_POINT('',(-1.59,1.27,-2.86));
#9385 = VECTOR('',#9386,1.);
#9386 = DIRECTION('',(1.,0.,0.));
#9387 = ORIENTED_EDGE('',*,*,#9388,.T.);
#9388 = EDGE_CURVE('',#9381,#9389,#9391,.T.);
#9389 = VERTEX_POINT('',#9390);
#9390 = CARTESIAN_POINT('',(-0.95,1.27,-2.22));
#9391 = LINE('',#9392,#9393);
#9392 = CARTESIAN_POINT('',(-0.95,1.27,-2.86));
#9393 = VECTOR('',#9394,1.);
#9394 = DIRECTION('',(0.,-8.537024980201E-17,1.));
#9395 = ORIENTED_EDGE('',*,*,#9396,.T.);
#9396 = EDGE_CURVE('',#9389,#9397,#9399,.T.);
#9397 = VERTEX_POINT('',#9398);
#9398 = CARTESIAN_POINT('',(-1.59,1.27,-2.22));
#9399 = LINE('',#9400,#9401);
#9400 = CARTESIAN_POINT('',(-0.95,1.27,-2.22));
#9401 = VECTOR('',#9402,1.);
#9402 = DIRECTION('',(-1.,0.,0.));
#9403 = ORIENTED_EDGE('',*,*,#9404,.T.);
#9404 = EDGE_CURVE('',#9397,#9379,#9405,.T.);
#9405 = LINE('',#9406,#9407);
#9406 = CARTESIAN_POINT('',(-1.59,1.27,-2.22));
#9407 = VECTOR('',#9408,1.);
#9408 = DIRECTION('',(0.,8.537024980201E-17,-1.));
#9409 = FACE_BOUND('',#9410,.T.);
#9410 = EDGE_LOOP('',(#9411,#9421,#9429,#9437));
#9411 = ORIENTED_EDGE('',*,*,#9412,.T.);
#9412 = EDGE_CURVE('',#9413,#9415,#9417,.T.);
#9413 = VERTEX_POINT('',#9414);
#9414 = CARTESIAN_POINT('',(0.95,1.27,-2.86));
#9415 = VERTEX_POINT('',#9416);
#9416 = CARTESIAN_POINT('',(1.59,1.27,-2.86));
#9417 = LINE('',#9418,#9419);
#9418 = CARTESIAN_POINT('',(0.95,1.27,-2.86));
#9419 = VECTOR('',#9420,1.);
#9420 = DIRECTION('',(1.,0.,0.));
#9421 = ORIENTED_EDGE('',*,*,#9422,.T.);
#9422 = EDGE_CURVE('',#9415,#9423,#9425,.T.);
#9423 = VERTEX_POINT('',#9424);
#9424 = CARTESIAN_POINT('',(1.59,1.27,-2.22));
#9425 = LINE('',#9426,#9427);
#9426 = CARTESIAN_POINT('',(1.59,1.27,-2.86));
#9427 = VECTOR('',#9428,1.);
#9428 = DIRECTION('',(0.,-8.537024980201E-17,1.));
#9429 = ORIENTED_EDGE('',*,*,#9430,.T.);
#9430 = EDGE_CURVE('',#9423,#9431,#9433,.T.);
#9431 = VERTEX_POINT('',#9432);
#9432 = CARTESIAN_POINT('',(0.95,1.27,-2.22));
#9433 = LINE('',#9434,#9435);
#9434 = CARTESIAN_POINT('',(1.59,1.27,-2.22));
#9435 = VECTOR('',#9436,1.);
#9436 = DIRECTION('',(-1.,0.,0.));
#9437 = ORIENTED_EDGE('',*,*,#9438,.T.);
#9438 = EDGE_CURVE('',#9431,#9413,#9439,.T.);
#9439 = LINE('',#9440,#9441);
#9440 = CARTESIAN_POINT('',(0.95,1.27,-2.22));
#9441 = VECTOR('',#9442,1.);
#9442 = DIRECTION('',(0.,8.537024980201E-17,-1.));
#9443 = FACE_BOUND('',#9444,.T.);
#9444 = EDGE_LOOP('',(#9445,#9455,#9463,#9471));
#9445 = ORIENTED_EDGE('',*,*,#9446,.T.);
#9446 = EDGE_CURVE('',#9447,#9449,#9451,.T.);
#9447 = VERTEX_POINT('',#9448);
#9448 = CARTESIAN_POINT('',(3.49,1.27,-2.86));
#9449 = VERTEX_POINT('',#9450);
#9450 = CARTESIAN_POINT('',(4.13,1.27,-2.86));
#9451 = LINE('',#9452,#9453);
#9452 = CARTESIAN_POINT('',(3.49,1.27,-2.86));
#9453 = VECTOR('',#9454,1.);
#9454 = DIRECTION('',(1.,0.,0.));
#9455 = ORIENTED_EDGE('',*,*,#9456,.T.);
#9456 = EDGE_CURVE('',#9449,#9457,#9459,.T.);
#9457 = VERTEX_POINT('',#9458);
#9458 = CARTESIAN_POINT('',(4.13,1.27,-2.22));
#9459 = LINE('',#9460,#9461);
#9460 = CARTESIAN_POINT('',(4.13,1.27,-2.86));
#9461 = VECTOR('',#9462,1.);
#9462 = DIRECTION('',(0.,-8.537024980201E-17,1.));
#9463 = ORIENTED_EDGE('',*,*,#9464,.T.);
#9464 = EDGE_CURVE('',#9457,#9465,#9467,.T.);
#9465 = VERTEX_POINT('',#9466);
#9466 = CARTESIAN_POINT('',(3.49,1.27,-2.22));
#9467 = LINE('',#9468,#9469);
#9468 = CARTESIAN_POINT('',(4.13,1.27,-2.22));
#9469 = VECTOR('',#9470,1.);
#9470 = DIRECTION('',(-1.,0.,0.));
#9471 = ORIENTED_EDGE('',*,*,#9472,.T.);
#9472 = EDGE_CURVE('',#9465,#9447,#9473,.T.);
#9473 = LINE('',#9474,#9475);
#9474 = CARTESIAN_POINT('',(3.49,1.27,-2.22));
#9475 = VECTOR('',#9476,1.);
#9476 = DIRECTION('',(0.,8.537024980201E-17,-1.));
#9477 = FACE_BOUND('',#9478,.T.);
#9478 = EDGE_LOOP('',(#9479,#9489,#9497,#9505));
#9479 = ORIENTED_EDGE('',*,*,#9480,.T.);
#9480 = EDGE_CURVE('',#9481,#9483,#9485,.T.);
#9481 = VERTEX_POINT('',#9482);
#9482 = CARTESIAN_POINT('',(6.03,1.27,-2.86));
#9483 = VERTEX_POINT('',#9484);
#9484 = CARTESIAN_POINT('',(6.67,1.27,-2.86));
#9485 = LINE('',#9486,#9487);
#9486 = CARTESIAN_POINT('',(6.03,1.27,-2.86));
#9487 = VECTOR('',#9488,1.);
#9488 = DIRECTION('',(1.,0.,0.));
#9489 = ORIENTED_EDGE('',*,*,#9490,.T.);
#9490 = EDGE_CURVE('',#9483,#9491,#9493,.T.);
#9491 = VERTEX_POINT('',#9492);
#9492 = CARTESIAN_POINT('',(6.67,1.27,-2.22));
#9493 = LINE('',#9494,#9495);
#9494 = CARTESIAN_POINT('',(6.67,1.27,-2.86));
#9495 = VECTOR('',#9496,1.);
#9496 = DIRECTION('',(0.,-8.537024980201E-17,1.));
#9497 = ORIENTED_EDGE('',*,*,#9498,.T.);
#9498 = EDGE_CURVE('',#9491,#9499,#9501,.T.);
#9499 = VERTEX_POINT('',#9500);
#9500 = CARTESIAN_POINT('',(6.03,1.27,-2.22));
#9501 = LINE('',#9502,#9503);
#9502 = CARTESIAN_POINT('',(6.67,1.27,-2.22));
#9503 = VECTOR('',#9504,1.);
#9504 = DIRECTION('',(-1.,0.,0.));
#9505 = ORIENTED_EDGE('',*,*,#9506,.T.);
#9506 = EDGE_CURVE('',#9499,#9481,#9507,.T.);
#9507 = LINE('',#9508,#9509);
#9508 = CARTESIAN_POINT('',(6.03,1.27,-2.22));
#9509 = VECTOR('',#9510,1.);
#9510 = DIRECTION('',(0.,8.537024980201E-17,-1.));
#9511 = PLANE('',#9512);
#9512 = AXIS2_PLACEMENT_3D('',#9513,#9514,#9515);
#9513 = CARTESIAN_POINT('',(7.62,1.27,1.27));
#9514 = DIRECTION('',(0.,1.,8.537024980201E-17));
#9515 = DIRECTION('',(0.,-8.537024980201E-17,1.));
#9516 = ADVANCED_FACE('',(#9517,#9551,#9585,#9619,#9653,#9687,#9721,
    #10027,#10061,#10095,#10129,#10163,#10197),#10231,.T.);
#9517 = FACE_BOUND('',#9518,.T.);
#9518 = EDGE_LOOP('',(#9519,#9529,#9537,#9545));
#9519 = ORIENTED_EDGE('',*,*,#9520,.T.);
#9520 = EDGE_CURVE('',#9521,#9523,#9525,.T.);
#9521 = VERTEX_POINT('',#9522);
#9522 = CARTESIAN_POINT('',(6.03,-0.832071068427,0.32));
#9523 = VERTEX_POINT('',#9524);
#9524 = CARTESIAN_POINT('',(6.67,-0.832071068427,0.32));
#9525 = LINE('',#9526,#9527);
#9526 = CARTESIAN_POINT('',(-8.643935563079,-0.832071068427,0.32));
#9527 = VECTOR('',#9528,1.);
#9528 = DIRECTION('',(1.,0.,0.));
#9529 = ORIENTED_EDGE('',*,*,#9530,.T.);
#9530 = EDGE_CURVE('',#9523,#9531,#9533,.T.);
#9531 = VERTEX_POINT('',#9532);
#9532 = CARTESIAN_POINT('',(6.67,-0.832071068427,-0.32));
#9533 = LINE('',#9534,#9535);
#9534 = CARTESIAN_POINT('',(6.67,-0.832071068427,0.93));
#9535 = VECTOR('',#9536,1.);
#9536 = DIRECTION('',(0.,1.724867092591E-16,-1.));
#9537 = ORIENTED_EDGE('',*,*,#9538,.T.);
#9538 = EDGE_CURVE('',#9531,#9539,#9541,.T.);
#9539 = VERTEX_POINT('',#9540);
#9540 = CARTESIAN_POINT('',(6.03,-0.832071068427,-0.32));
#9541 = LINE('',#9542,#9543);
#9542 = CARTESIAN_POINT('',(-8.643935563079,-0.832071068427,-0.32));
#9543 = VECTOR('',#9544,1.);
#9544 = DIRECTION('',(-1.,0.,0.));
#9545 = ORIENTED_EDGE('',*,*,#9546,.T.);
#9546 = EDGE_CURVE('',#9539,#9521,#9547,.T.);
#9547 = LINE('',#9548,#9549);
#9548 = CARTESIAN_POINT('',(6.03,-0.832071068427,0.93));
#9549 = VECTOR('',#9550,1.);
#9550 = DIRECTION('',(0.,-1.724867092591E-16,1.));
#9551 = FACE_BOUND('',#9552,.T.);
#9552 = EDGE_LOOP('',(#9553,#9563,#9571,#9579));
#9553 = ORIENTED_EDGE('',*,*,#9554,.T.);
#9554 = EDGE_CURVE('',#9555,#9557,#9559,.T.);
#9555 = VERTEX_POINT('',#9556);
#9556 = CARTESIAN_POINT('',(3.49,-0.832071068427,0.32));
#9557 = VERTEX_POINT('',#9558);
#9558 = CARTESIAN_POINT('',(4.13,-0.832071068427,0.32));
#9559 = LINE('',#9560,#9561);
#9560 = CARTESIAN_POINT('',(-8.643935563079,-0.832071068427,0.32));
#9561 = VECTOR('',#9562,1.);
#9562 = DIRECTION('',(1.,0.,0.));
#9563 = ORIENTED_EDGE('',*,*,#9564,.T.);
#9564 = EDGE_CURVE('',#9557,#9565,#9567,.T.);
#9565 = VERTEX_POINT('',#9566);
#9566 = CARTESIAN_POINT('',(4.13,-0.832071068427,-0.32));
#9567 = LINE('',#9568,#9569);
#9568 = CARTESIAN_POINT('',(4.13,-0.832071068427,0.93));
#9569 = VECTOR('',#9570,1.);
#9570 = DIRECTION('',(0.,1.724867092591E-16,-1.));
#9571 = ORIENTED_EDGE('',*,*,#9572,.T.);
#9572 = EDGE_CURVE('',#9565,#9573,#9575,.T.);
#9573 = VERTEX_POINT('',#9574);
#9574 = CARTESIAN_POINT('',(3.49,-0.832071068427,-0.32));
#9575 = LINE('',#9576,#9577);
#9576 = CARTESIAN_POINT('',(-8.643935563079,-0.832071068427,-0.32));
#9577 = VECTOR('',#9578,1.);
#9578 = DIRECTION('',(-1.,0.,0.));
#9579 = ORIENTED_EDGE('',*,*,#9580,.T.);
#9580 = EDGE_CURVE('',#9573,#9555,#9581,.T.);
#9581 = LINE('',#9582,#9583);
#9582 = CARTESIAN_POINT('',(3.49,-0.832071068427,0.93));
#9583 = VECTOR('',#9584,1.);
#9584 = DIRECTION('',(0.,-1.724867092591E-16,1.));
#9585 = FACE_BOUND('',#9586,.T.);
#9586 = EDGE_LOOP('',(#9587,#9597,#9605,#9613));
#9587 = ORIENTED_EDGE('',*,*,#9588,.T.);
#9588 = EDGE_CURVE('',#9589,#9591,#9593,.T.);
#9589 = VERTEX_POINT('',#9590);
#9590 = CARTESIAN_POINT('',(0.95,-0.832071068427,0.32));
#9591 = VERTEX_POINT('',#9592);
#9592 = CARTESIAN_POINT('',(1.59,-0.832071068427,0.32));
#9593 = LINE('',#9594,#9595);
#9594 = CARTESIAN_POINT('',(-8.643935563079,-0.832071068427,0.32));
#9595 = VECTOR('',#9596,1.);
#9596 = DIRECTION('',(1.,0.,0.));
#9597 = ORIENTED_EDGE('',*,*,#9598,.T.);
#9598 = EDGE_CURVE('',#9591,#9599,#9601,.T.);
#9599 = VERTEX_POINT('',#9600);
#9600 = CARTESIAN_POINT('',(1.59,-0.832071068427,-0.32));
#9601 = LINE('',#9602,#9603);
#9602 = CARTESIAN_POINT('',(1.59,-0.832071068427,0.93));
#9603 = VECTOR('',#9604,1.);
#9604 = DIRECTION('',(0.,1.724867092591E-16,-1.));
#9605 = ORIENTED_EDGE('',*,*,#9606,.T.);
#9606 = EDGE_CURVE('',#9599,#9607,#9609,.T.);
#9607 = VERTEX_POINT('',#9608);
#9608 = CARTESIAN_POINT('',(0.95,-0.832071068427,-0.32));
#9609 = LINE('',#9610,#9611);
#9610 = CARTESIAN_POINT('',(-8.643935563079,-0.832071068427,-0.32));
#9611 = VECTOR('',#9612,1.);
#9612 = DIRECTION('',(-1.,0.,0.));
#9613 = ORIENTED_EDGE('',*,*,#9614,.T.);
#9614 = EDGE_CURVE('',#9607,#9589,#9615,.T.);
#9615 = LINE('',#9616,#9617);
#9616 = CARTESIAN_POINT('',(0.95,-0.832071068427,0.93));
#9617 = VECTOR('',#9618,1.);
#9618 = DIRECTION('',(0.,-1.724867092591E-16,1.));
#9619 = FACE_BOUND('',#9620,.T.);
#9620 = EDGE_LOOP('',(#9621,#9631,#9639,#9647));
#9621 = ORIENTED_EDGE('',*,*,#9622,.T.);
#9622 = EDGE_CURVE('',#9623,#9625,#9627,.T.);
#9623 = VERTEX_POINT('',#9624);
#9624 = CARTESIAN_POINT('',(-1.59,-0.832071068427,0.32));
#9625 = VERTEX_POINT('',#9626);
#9626 = CARTESIAN_POINT('',(-0.95,-0.832071068427,0.32));
#9627 = LINE('',#9628,#9629);
#9628 = CARTESIAN_POINT('',(-8.643935563079,-0.832071068427,0.32));
#9629 = VECTOR('',#9630,1.);
#9630 = DIRECTION('',(1.,0.,0.));
#9631 = ORIENTED_EDGE('',*,*,#9632,.T.);
#9632 = EDGE_CURVE('',#9625,#9633,#9635,.T.);
#9633 = VERTEX_POINT('',#9634);
#9634 = CARTESIAN_POINT('',(-0.95,-0.832071068427,-0.32));
#9635 = LINE('',#9636,#9637);
#9636 = CARTESIAN_POINT('',(-0.95,-0.832071068427,0.93));
#9637 = VECTOR('',#9638,1.);
#9638 = DIRECTION('',(0.,1.724867092591E-16,-1.));
#9639 = ORIENTED_EDGE('',*,*,#9640,.T.);
#9640 = EDGE_CURVE('',#9633,#9641,#9643,.T.);
#9641 = VERTEX_POINT('',#9642);
#9642 = CARTESIAN_POINT('',(-1.59,-0.832071068427,-0.32));
#9643 = LINE('',#9644,#9645);
#9644 = CARTESIAN_POINT('',(-8.643935563079,-0.832071068427,-0.32));
#9645 = VECTOR('',#9646,1.);
#9646 = DIRECTION('',(-1.,0.,0.));
#9647 = ORIENTED_EDGE('',*,*,#9648,.T.);
#9648 = EDGE_CURVE('',#9641,#9623,#9649,.T.);
#9649 = LINE('',#9650,#9651);
#9650 = CARTESIAN_POINT('',(-1.59,-0.832071068427,0.93));
#9651 = VECTOR('',#9652,1.);
#9652 = DIRECTION('',(0.,-1.724867092591E-16,1.));
#9653 = FACE_BOUND('',#9654,.T.);
#9654 = EDGE_LOOP('',(#9655,#9665,#9673,#9681));
#9655 = ORIENTED_EDGE('',*,*,#9656,.T.);
#9656 = EDGE_CURVE('',#9657,#9659,#9661,.T.);
#9657 = VERTEX_POINT('',#9658);
#9658 = CARTESIAN_POINT('',(-4.13,-0.832071068427,0.32));
#9659 = VERTEX_POINT('',#9660);
#9660 = CARTESIAN_POINT('',(-3.49,-0.832071068427,0.32));
#9661 = LINE('',#9662,#9663);
#9662 = CARTESIAN_POINT('',(-8.643935563079,-0.832071068427,0.32));
#9663 = VECTOR('',#9664,1.);
#9664 = DIRECTION('',(1.,0.,0.));
#9665 = ORIENTED_EDGE('',*,*,#9666,.T.);
#9666 = EDGE_CURVE('',#9659,#9667,#9669,.T.);
#9667 = VERTEX_POINT('',#9668);
#9668 = CARTESIAN_POINT('',(-3.49,-0.832071068427,-0.32));
#9669 = LINE('',#9670,#9671);
#9670 = CARTESIAN_POINT('',(-3.49,-0.832071068427,0.93));
#9671 = VECTOR('',#9672,1.);
#9672 = DIRECTION('',(0.,1.724867092591E-16,-1.));
#9673 = ORIENTED_EDGE('',*,*,#9674,.T.);
#9674 = EDGE_CURVE('',#9667,#9675,#9677,.T.);
#9675 = VERTEX_POINT('',#9676);
#9676 = CARTESIAN_POINT('',(-4.13,-0.832071068427,-0.32));
#9677 = LINE('',#9678,#9679);
#9678 = CARTESIAN_POINT('',(-8.643935563079,-0.832071068427,-0.32));
#9679 = VECTOR('',#9680,1.);
#9680 = DIRECTION('',(-1.,0.,0.));
#9681 = ORIENTED_EDGE('',*,*,#9682,.T.);
#9682 = EDGE_CURVE('',#9675,#9657,#9683,.T.);
#9683 = LINE('',#9684,#9685);
#9684 = CARTESIAN_POINT('',(-4.13,-0.832071068427,0.93));
#9685 = VECTOR('',#9686,1.);
#9686 = DIRECTION('',(0.,-1.724867092591E-16,1.));
#9687 = FACE_BOUND('',#9688,.T.);
#9688 = EDGE_LOOP('',(#9689,#9699,#9707,#9715));
#9689 = ORIENTED_EDGE('',*,*,#9690,.T.);
#9690 = EDGE_CURVE('',#9691,#9693,#9695,.T.);
#9691 = VERTEX_POINT('',#9692);
#9692 = CARTESIAN_POINT('',(-6.67,-0.832071068427,0.32));
#9693 = VERTEX_POINT('',#9694);
#9694 = CARTESIAN_POINT('',(-6.03,-0.832071068427,0.32));
#9695 = LINE('',#9696,#9697);
#9696 = CARTESIAN_POINT('',(-8.643935563079,-0.832071068427,0.32));
#9697 = VECTOR('',#9698,1.);
#9698 = DIRECTION('',(1.,0.,0.));
#9699 = ORIENTED_EDGE('',*,*,#9700,.T.);
#9700 = EDGE_CURVE('',#9693,#9701,#9703,.T.);
#9701 = VERTEX_POINT('',#9702);
#9702 = CARTESIAN_POINT('',(-6.03,-0.832071068427,-0.32));
#9703 = LINE('',#9704,#9705);
#9704 = CARTESIAN_POINT('',(-6.03,-0.832071068427,0.93));
#9705 = VECTOR('',#9706,1.);
#9706 = DIRECTION('',(0.,1.724867092591E-16,-1.));
#9707 = ORIENTED_EDGE('',*,*,#9708,.T.);
#9708 = EDGE_CURVE('',#9701,#9709,#9711,.T.);
#9709 = VERTEX_POINT('',#9710);
#9710 = CARTESIAN_POINT('',(-6.67,-0.832071068427,-0.32));
#9711 = LINE('',#9712,#9713);
#9712 = CARTESIAN_POINT('',(-8.643935563079,-0.832071068427,-0.32));
#9713 = VECTOR('',#9714,1.);
#9714 = DIRECTION('',(-1.,0.,0.));
#9715 = ORIENTED_EDGE('',*,*,#9716,.T.);
#9716 = EDGE_CURVE('',#9709,#9691,#9717,.T.);
#9717 = LINE('',#9718,#9719);
#9718 = CARTESIAN_POINT('',(-6.67,-0.832071068427,0.93));
#9719 = VECTOR('',#9720,1.);
#9720 = DIRECTION('',(0.,-1.724867092591E-16,1.));
#9721 = FACE_BOUND('',#9722,.T.);
#9722 = EDGE_LOOP('',(#9723,#9733,#9741,#9749,#9757,#9765,#9773,#9781,
    #9789,#9797,#9805,#9813,#9821,#9829,#9837,#9845,#9853,#9861,#9869,
    #9877,#9885,#9893,#9901,#9909,#9917,#9925,#9933,#9941,#9949,#9957,
    #9965,#9973,#9981,#9989,#9997,#10005,#10013,#10021));
#9723 = ORIENTED_EDGE('',*,*,#9724,.F.);
#9724 = EDGE_CURVE('',#9725,#9727,#9729,.T.);
#9725 = VERTEX_POINT('',#9726);
#9726 = CARTESIAN_POINT('',(-7.54,-0.832071068427,0.93));
#9727 = VERTEX_POINT('',#9728);
#9728 = CARTESIAN_POINT('',(-5.16,-0.832071068427,0.93));
#9729 = LINE('',#9730,#9731);
#9730 = CARTESIAN_POINT('',(-8.643935563079,-0.832071068427,0.93));
#9731 = VECTOR('',#9732,1.);
#9732 = DIRECTION('',(1.,0.,0.));
#9733 = ORIENTED_EDGE('',*,*,#9734,.F.);
#9734 = EDGE_CURVE('',#9735,#9725,#9737,.T.);
#9735 = VERTEX_POINT('',#9736);
#9736 = CARTESIAN_POINT('',(-7.62,-0.832071068427,0.77));
#9737 = LINE('',#9738,#9739);
#9738 = CARTESIAN_POINT('',(-7.62,-0.832071068427,0.77));
#9739 = VECTOR('',#9740,1.);
#9740 = DIRECTION('',(0.4472135955,-1.542768028474E-16,0.894427191));
#9741 = ORIENTED_EDGE('',*,*,#9742,.F.);
#9742 = EDGE_CURVE('',#9743,#9735,#9745,.T.);
#9743 = VERTEX_POINT('',#9744);
#9744 = CARTESIAN_POINT('',(-7.62,-0.832071068427,-3.31));
#9745 = LINE('',#9746,#9747);
#9746 = CARTESIAN_POINT('',(-7.62,-0.832071068427,-1.435212004627E-16));
#9747 = VECTOR('',#9748,1.);
#9748 = DIRECTION('',(0.,-1.724867092591E-16,1.));
#9749 = ORIENTED_EDGE('',*,*,#9750,.F.);
#9750 = EDGE_CURVE('',#9751,#9743,#9753,.T.);
#9751 = VERTEX_POINT('',#9752);
#9752 = CARTESIAN_POINT('',(-7.54,-0.832071068427,-3.47));
#9753 = LINE('',#9754,#9755);
#9754 = CARTESIAN_POINT('',(-7.62,-0.832071068427,-3.31));
#9755 = VECTOR('',#9756,1.);
#9756 = DIRECTION('',(-0.4472135955,-1.542768028474E-16,0.894427191));
#9757 = ORIENTED_EDGE('',*,*,#9758,.T.);
#9758 = EDGE_CURVE('',#9751,#9759,#9761,.T.);
#9759 = VERTEX_POINT('',#9760);
#9760 = CARTESIAN_POINT('',(-5.16,-0.832071068427,-3.47));
#9761 = LINE('',#9762,#9763);
#9762 = CARTESIAN_POINT('',(-8.643935563079,-0.832071068427,-3.47));
#9763 = VECTOR('',#9764,1.);
#9764 = DIRECTION('',(1.,0.,0.));
#9765 = ORIENTED_EDGE('',*,*,#9766,.F.);
#9766 = EDGE_CURVE('',#9767,#9759,#9769,.T.);
#9767 = VERTEX_POINT('',#9768);
#9768 = CARTESIAN_POINT('',(-5.08,-0.832071068427,-3.31));
#9769 = LINE('',#9770,#9771);
#9770 = CARTESIAN_POINT('',(-5.33,-0.832071068427,-3.81));
#9771 = VECTOR('',#9772,1.);
#9772 = DIRECTION('',(-0.4472135955,1.542768028474E-16,-0.894427191));
#9773 = ORIENTED_EDGE('',*,*,#9774,.F.);
#9774 = EDGE_CURVE('',#9775,#9767,#9777,.T.);
#9775 = VERTEX_POINT('',#9776);
#9776 = CARTESIAN_POINT('',(-5.,-0.832071068427,-3.47));
#9777 = LINE('',#9778,#9779);
#9778 = CARTESIAN_POINT('',(-5.08,-0.832071068427,-3.31));
#9779 = VECTOR('',#9780,1.);
#9780 = DIRECTION('',(-0.4472135955,-1.542768028474E-16,0.894427191));
#9781 = ORIENTED_EDGE('',*,*,#9782,.T.);
#9782 = EDGE_CURVE('',#9775,#9783,#9785,.T.);
#9783 = VERTEX_POINT('',#9784);
#9784 = CARTESIAN_POINT('',(-2.62,-0.832071068427,-3.47));
#9785 = LINE('',#9786,#9787);
#9786 = CARTESIAN_POINT('',(-8.643935563079,-0.832071068427,-3.47));
#9787 = VECTOR('',#9788,1.);
#9788 = DIRECTION('',(1.,0.,0.));
#9789 = ORIENTED_EDGE('',*,*,#9790,.F.);
#9790 = EDGE_CURVE('',#9791,#9783,#9793,.T.);
#9791 = VERTEX_POINT('',#9792);
#9792 = CARTESIAN_POINT('',(-2.54,-0.832071068427,-3.31));
#9793 = LINE('',#9794,#9795);
#9794 = CARTESIAN_POINT('',(-2.79,-0.832071068427,-3.81));
#9795 = VECTOR('',#9796,1.);
#9796 = DIRECTION('',(-0.4472135955,1.542768028474E-16,-0.894427191));
#9797 = ORIENTED_EDGE('',*,*,#9798,.F.);
#9798 = EDGE_CURVE('',#9799,#9791,#9801,.T.);
#9799 = VERTEX_POINT('',#9800);
#9800 = CARTESIAN_POINT('',(-2.46,-0.832071068427,-3.47));
#9801 = LINE('',#9802,#9803);
#9802 = CARTESIAN_POINT('',(-2.54,-0.832071068427,-3.31));
#9803 = VECTOR('',#9804,1.);
#9804 = DIRECTION('',(-0.4472135955,-1.542768028474E-16,0.894427191));
#9805 = ORIENTED_EDGE('',*,*,#9806,.T.);
#9806 = EDGE_CURVE('',#9799,#9807,#9809,.T.);
#9807 = VERTEX_POINT('',#9808);
#9808 = CARTESIAN_POINT('',(-8.E-02,-0.832071068427,-3.47));
#9809 = LINE('',#9810,#9811);
#9810 = CARTESIAN_POINT('',(-8.643935563079,-0.832071068427,-3.47));
#9811 = VECTOR('',#9812,1.);
#9812 = DIRECTION('',(1.,0.,0.));
#9813 = ORIENTED_EDGE('',*,*,#9814,.F.);
#9814 = EDGE_CURVE('',#9815,#9807,#9817,.T.);
#9815 = VERTEX_POINT('',#9816);
#9816 = CARTESIAN_POINT('',(-8.160074190782E-16,-0.832071068427,-3.31));
#9817 = LINE('',#9818,#9819);
#9818 = CARTESIAN_POINT('',(-0.25,-0.832071068427,-3.81));
#9819 = VECTOR('',#9820,1.);
#9820 = DIRECTION('',(-0.4472135955,1.542768028474E-16,-0.894427191));
#9821 = ORIENTED_EDGE('',*,*,#9822,.F.);
#9822 = EDGE_CURVE('',#9823,#9815,#9825,.T.);
#9823 = VERTEX_POINT('',#9824);
#9824 = CARTESIAN_POINT('',(8.E-02,-0.832071068427,-3.47));
#9825 = LINE('',#9826,#9827);
#9826 = CARTESIAN_POINT('',(-1.398156180612E-15,-0.832071068427,-3.31));
#9827 = VECTOR('',#9828,1.);
#9828 = DIRECTION('',(-0.4472135955,-1.542768028474E-16,0.894427191));
#9829 = ORIENTED_EDGE('',*,*,#9830,.T.);
#9830 = EDGE_CURVE('',#9823,#9831,#9833,.T.);
#9831 = VERTEX_POINT('',#9832);
#9832 = CARTESIAN_POINT('',(2.46,-0.832071068427,-3.47));
#9833 = LINE('',#9834,#9835);
#9834 = CARTESIAN_POINT('',(-8.643935563079,-0.832071068427,-3.47));
#9835 = VECTOR('',#9836,1.);
#9836 = DIRECTION('',(1.,0.,0.));
#9837 = ORIENTED_EDGE('',*,*,#9838,.F.);
#9838 = EDGE_CURVE('',#9839,#9831,#9841,.T.);
#9839 = VERTEX_POINT('',#9840);
#9840 = CARTESIAN_POINT('',(2.54,-0.832071068427,-3.31));
#9841 = LINE('',#9842,#9843);
#9842 = CARTESIAN_POINT('',(2.29,-0.832071068427,-3.81));
#9843 = VECTOR('',#9844,1.);
#9844 = DIRECTION('',(-0.4472135955,1.542768028474E-16,-0.894427191));
#9845 = ORIENTED_EDGE('',*,*,#9846,.F.);
#9846 = EDGE_CURVE('',#9847,#9839,#9849,.T.);
#9847 = VERTEX_POINT('',#9848);
#9848 = CARTESIAN_POINT('',(2.62,-0.832071068427,-3.47));
#9849 = LINE('',#9850,#9851);
#9850 = CARTESIAN_POINT('',(2.54,-0.832071068427,-3.31));
#9851 = VECTOR('',#9852,1.);
#9852 = DIRECTION('',(-0.4472135955,-1.542768028474E-16,0.894427191));
#9853 = ORIENTED_EDGE('',*,*,#9854,.T.);
#9854 = EDGE_CURVE('',#9847,#9855,#9857,.T.);
#9855 = VERTEX_POINT('',#9856);
#9856 = CARTESIAN_POINT('',(5.,-0.832071068427,-3.47));
#9857 = LINE('',#9858,#9859);
#9858 = CARTESIAN_POINT('',(-8.643935563079,-0.832071068427,-3.47));
#9859 = VECTOR('',#9860,1.);
#9860 = DIRECTION('',(1.,0.,0.));
#9861 = ORIENTED_EDGE('',*,*,#9862,.F.);
#9862 = EDGE_CURVE('',#9863,#9855,#9865,.T.);
#9863 = VERTEX_POINT('',#9864);
#9864 = CARTESIAN_POINT('',(5.08,-0.832071068427,-3.31));
#9865 = LINE('',#9866,#9867);
#9866 = CARTESIAN_POINT('',(4.83,-0.832071068427,-3.81));
#9867 = VECTOR('',#9868,1.);
#9868 = DIRECTION('',(-0.4472135955,1.542768028474E-16,-0.894427191));
#9869 = ORIENTED_EDGE('',*,*,#9870,.F.);
#9870 = EDGE_CURVE('',#9871,#9863,#9873,.T.);
#9871 = VERTEX_POINT('',#9872);
#9872 = CARTESIAN_POINT('',(5.16,-0.832071068427,-3.47));
#9873 = LINE('',#9874,#9875);
#9874 = CARTESIAN_POINT('',(5.08,-0.832071068427,-3.31));
#9875 = VECTOR('',#9876,1.);
#9876 = DIRECTION('',(-0.4472135955,-1.542768028474E-16,0.894427191));
#9877 = ORIENTED_EDGE('',*,*,#9878,.T.);
#9878 = EDGE_CURVE('',#9871,#9879,#9881,.T.);
#9879 = VERTEX_POINT('',#9880);
#9880 = CARTESIAN_POINT('',(7.54,-0.832071068427,-3.47));
#9881 = LINE('',#9882,#9883);
#9882 = CARTESIAN_POINT('',(-8.643935563079,-0.832071068427,-3.47));
#9883 = VECTOR('',#9884,1.);
#9884 = DIRECTION('',(1.,0.,0.));
#9885 = ORIENTED_EDGE('',*,*,#9886,.F.);
#9886 = EDGE_CURVE('',#9887,#9879,#9889,.T.);
#9887 = VERTEX_POINT('',#9888);
#9888 = CARTESIAN_POINT('',(7.62,-0.832071068427,-3.31));
#9889 = LINE('',#9890,#9891);
#9890 = CARTESIAN_POINT('',(7.37,-0.832071068427,-3.81));
#9891 = VECTOR('',#9892,1.);
#9892 = DIRECTION('',(-0.4472135955,1.542768028474E-16,-0.894427191));
#9893 = ORIENTED_EDGE('',*,*,#9894,.F.);
#9894 = EDGE_CURVE('',#9895,#9887,#9897,.T.);
#9895 = VERTEX_POINT('',#9896);
#9896 = CARTESIAN_POINT('',(7.62,-0.832071068427,0.77));
#9897 = LINE('',#9898,#9899);
#9898 = CARTESIAN_POINT('',(7.62,-0.832071068427,0.93));
#9899 = VECTOR('',#9900,1.);
#9900 = DIRECTION('',(0.,1.724867092591E-16,-1.));
#9901 = ORIENTED_EDGE('',*,*,#9902,.F.);
#9902 = EDGE_CURVE('',#9903,#9895,#9905,.T.);
#9903 = VERTEX_POINT('',#9904);
#9904 = CARTESIAN_POINT('',(7.54,-0.832071068427,0.93));
#9905 = LINE('',#9906,#9907);
#9906 = CARTESIAN_POINT('',(7.37,-0.832071068427,1.27));
#9907 = VECTOR('',#9908,1.);
#9908 = DIRECTION('',(0.4472135955,1.542768028474E-16,-0.894427191));
#9909 = ORIENTED_EDGE('',*,*,#9910,.F.);
#9910 = EDGE_CURVE('',#9911,#9903,#9913,.T.);
#9911 = VERTEX_POINT('',#9912);
#9912 = CARTESIAN_POINT('',(5.16,-0.832071068427,0.93));
#9913 = LINE('',#9914,#9915);
#9914 = CARTESIAN_POINT('',(-8.643935563079,-0.832071068427,0.93));
#9915 = VECTOR('',#9916,1.);
#9916 = DIRECTION('',(1.,0.,0.));
#9917 = ORIENTED_EDGE('',*,*,#9918,.F.);
#9918 = EDGE_CURVE('',#9919,#9911,#9921,.T.);
#9919 = VERTEX_POINT('',#9920);
#9920 = CARTESIAN_POINT('',(5.08,-0.832071068427,0.77));
#9921 = LINE('',#9922,#9923);
#9922 = CARTESIAN_POINT('',(5.08,-0.832071068427,0.77));
#9923 = VECTOR('',#9924,1.);
#9924 = DIRECTION('',(0.4472135955,-1.542768028474E-16,0.894427191));
#9925 = ORIENTED_EDGE('',*,*,#9926,.F.);
#9926 = EDGE_CURVE('',#9927,#9919,#9929,.T.);
#9927 = VERTEX_POINT('',#9928);
#9928 = CARTESIAN_POINT('',(5.,-0.832071068427,0.93));
#9929 = LINE('',#9930,#9931);
#9930 = CARTESIAN_POINT('',(4.83,-0.832071068427,1.27));
#9931 = VECTOR('',#9932,1.);
#9932 = DIRECTION('',(0.4472135955,1.542768028474E-16,-0.894427191));
#9933 = ORIENTED_EDGE('',*,*,#9934,.F.);
#9934 = EDGE_CURVE('',#9935,#9927,#9937,.T.);
#9935 = VERTEX_POINT('',#9936);
#9936 = CARTESIAN_POINT('',(2.62,-0.832071068427,0.93));
#9937 = LINE('',#9938,#9939);
#9938 = CARTESIAN_POINT('',(-8.643935563079,-0.832071068427,0.93));
#9939 = VECTOR('',#9940,1.);
#9940 = DIRECTION('',(1.,0.,0.));
#9941 = ORIENTED_EDGE('',*,*,#9942,.F.);
#9942 = EDGE_CURVE('',#9943,#9935,#9945,.T.);
#9943 = VERTEX_POINT('',#9944);
#9944 = CARTESIAN_POINT('',(2.54,-0.832071068427,0.77));
#9945 = LINE('',#9946,#9947);
#9946 = CARTESIAN_POINT('',(2.54,-0.832071068427,0.77));
#9947 = VECTOR('',#9948,1.);
#9948 = DIRECTION('',(0.4472135955,-1.542768028474E-16,0.894427191));
#9949 = ORIENTED_EDGE('',*,*,#9950,.F.);
#9950 = EDGE_CURVE('',#9951,#9943,#9953,.T.);
#9951 = VERTEX_POINT('',#9952);
#9952 = CARTESIAN_POINT('',(2.46,-0.832071068427,0.93));
#9953 = LINE('',#9954,#9955);
#9954 = CARTESIAN_POINT('',(2.29,-0.832071068427,1.27));
#9955 = VECTOR('',#9956,1.);
#9956 = DIRECTION('',(0.4472135955,1.542768028474E-16,-0.894427191));
#9957 = ORIENTED_EDGE('',*,*,#9958,.F.);
#9958 = EDGE_CURVE('',#9959,#9951,#9961,.T.);
#9959 = VERTEX_POINT('',#9960);
#9960 = CARTESIAN_POINT('',(8.E-02,-0.832071068427,0.93));
#9961 = LINE('',#9962,#9963);
#9962 = CARTESIAN_POINT('',(-8.643935563079,-0.832071068427,0.93));
#9963 = VECTOR('',#9964,1.);
#9964 = DIRECTION('',(1.,0.,0.));
#9965 = ORIENTED_EDGE('',*,*,#9966,.F.);
#9966 = EDGE_CURVE('',#9967,#9959,#9969,.T.);
#9967 = VERTEX_POINT('',#9968);
#9968 = CARTESIAN_POINT('',(-2.968801624655E-17,-0.832071068427,0.77));
#9969 = LINE('',#9970,#9971);
#9970 = CARTESIAN_POINT('',(4.723642777238E-16,-0.832071068427,0.77));
#9971 = VECTOR('',#9972,1.);
#9972 = DIRECTION('',(0.4472135955,-1.542768028474E-16,0.894427191));
#9973 = ORIENTED_EDGE('',*,*,#9974,.F.);
#9974 = EDGE_CURVE('',#9975,#9967,#9977,.T.);
#9975 = VERTEX_POINT('',#9976);
#9976 = CARTESIAN_POINT('',(-8.E-02,-0.832071068427,0.93));
#9977 = LINE('',#9978,#9979);
#9978 = CARTESIAN_POINT('',(-0.25,-0.832071068427,1.27));
#9979 = VECTOR('',#9980,1.);
#9980 = DIRECTION('',(0.4472135955,1.542768028474E-16,-0.894427191));
#9981 = ORIENTED_EDGE('',*,*,#9982,.F.);
#9982 = EDGE_CURVE('',#9983,#9975,#9985,.T.);
#9983 = VERTEX_POINT('',#9984);
#9984 = CARTESIAN_POINT('',(-2.46,-0.832071068427,0.93));
#9985 = LINE('',#9986,#9987);
#9986 = CARTESIAN_POINT('',(-8.643935563079,-0.832071068427,0.93));
#9987 = VECTOR('',#9988,1.);
#9988 = DIRECTION('',(1.,0.,0.));
#9989 = ORIENTED_EDGE('',*,*,#9990,.F.);
#9990 = EDGE_CURVE('',#9991,#9983,#9993,.T.);
#9991 = VERTEX_POINT('',#9992);
#9992 = CARTESIAN_POINT('',(-2.54,-0.832071068427,0.77));
#9993 = LINE('',#9994,#9995);
#9994 = CARTESIAN_POINT('',(-2.54,-0.832071068427,0.77));
#9995 = VECTOR('',#9996,1.);
#9996 = DIRECTION('',(0.4472135955,-1.542768028474E-16,0.894427191));
#9997 = ORIENTED_EDGE('',*,*,#9998,.F.);
#9998 = EDGE_CURVE('',#9999,#9991,#10001,.T.);
#9999 = VERTEX_POINT('',#10000);
#10000 = CARTESIAN_POINT('',(-2.62,-0.832071068427,0.93));
#10001 = LINE('',#10002,#10003);
#10002 = CARTESIAN_POINT('',(-2.79,-0.832071068427,1.27));
#10003 = VECTOR('',#10004,1.);
#10004 = DIRECTION('',(0.4472135955,1.542768028474E-16,-0.894427191));
#10005 = ORIENTED_EDGE('',*,*,#10006,.F.);
#10006 = EDGE_CURVE('',#10007,#9999,#10009,.T.);
#10007 = VERTEX_POINT('',#10008);
#10008 = CARTESIAN_POINT('',(-5.,-0.832071068427,0.93));
#10009 = LINE('',#10010,#10011);
#10010 = CARTESIAN_POINT('',(-8.643935563079,-0.832071068427,0.93));
#10011 = VECTOR('',#10012,1.);
#10012 = DIRECTION('',(1.,0.,0.));
#10013 = ORIENTED_EDGE('',*,*,#10014,.F.);
#10014 = EDGE_CURVE('',#10015,#10007,#10017,.T.);
#10015 = VERTEX_POINT('',#10016);
#10016 = CARTESIAN_POINT('',(-5.08,-0.832071068427,0.77));
#10017 = LINE('',#10018,#10019);
#10018 = CARTESIAN_POINT('',(-5.08,-0.832071068427,0.77));
#10019 = VECTOR('',#10020,1.);
#10020 = DIRECTION('',(0.4472135955,-1.542768028474E-16,0.894427191));
#10021 = ORIENTED_EDGE('',*,*,#10022,.F.);
#10022 = EDGE_CURVE('',#9727,#10015,#10023,.T.);
#10023 = LINE('',#10024,#10025);
#10024 = CARTESIAN_POINT('',(-5.33,-0.832071068427,1.27));
#10025 = VECTOR('',#10026,1.);
#10026 = DIRECTION('',(0.4472135955,1.542768028474E-16,-0.894427191));
#10027 = FACE_BOUND('',#10028,.T.);
#10028 = EDGE_LOOP('',(#10029,#10039,#10047,#10055));
#10029 = ORIENTED_EDGE('',*,*,#10030,.T.);
#10030 = EDGE_CURVE('',#10031,#10033,#10035,.T.);
#10031 = VERTEX_POINT('',#10032);
#10032 = CARTESIAN_POINT('',(-6.67,-0.832071068427,-2.22));
#10033 = VERTEX_POINT('',#10034);
#10034 = CARTESIAN_POINT('',(-6.03,-0.832071068427,-2.22));
#10035 = LINE('',#10036,#10037);
#10036 = CARTESIAN_POINT('',(-8.643935563079,-0.832071068427,-2.22));
#10037 = VECTOR('',#10038,1.);
#10038 = DIRECTION('',(1.,0.,0.));
#10039 = ORIENTED_EDGE('',*,*,#10040,.T.);
#10040 = EDGE_CURVE('',#10033,#10041,#10043,.T.);
#10041 = VERTEX_POINT('',#10042);
#10042 = CARTESIAN_POINT('',(-6.03,-0.832071068427,-2.86));
#10043 = LINE('',#10044,#10045);
#10044 = CARTESIAN_POINT('',(-6.03,-0.832071068427,0.93));
#10045 = VECTOR('',#10046,1.);
#10046 = DIRECTION('',(0.,1.724867092591E-16,-1.));
#10047 = ORIENTED_EDGE('',*,*,#10048,.T.);
#10048 = EDGE_CURVE('',#10041,#10049,#10051,.T.);
#10049 = VERTEX_POINT('',#10050);
#10050 = CARTESIAN_POINT('',(-6.67,-0.832071068427,-2.86));
#10051 = LINE('',#10052,#10053);
#10052 = CARTESIAN_POINT('',(-8.643935563079,-0.832071068427,-2.86));
#10053 = VECTOR('',#10054,1.);
#10054 = DIRECTION('',(-1.,0.,0.));
#10055 = ORIENTED_EDGE('',*,*,#10056,.T.);
#10056 = EDGE_CURVE('',#10049,#10031,#10057,.T.);
#10057 = LINE('',#10058,#10059);
#10058 = CARTESIAN_POINT('',(-6.67,-0.832071068427,0.93));
#10059 = VECTOR('',#10060,1.);
#10060 = DIRECTION('',(0.,-1.724867092591E-16,1.));
#10061 = FACE_BOUND('',#10062,.T.);
#10062 = EDGE_LOOP('',(#10063,#10073,#10081,#10089));
#10063 = ORIENTED_EDGE('',*,*,#10064,.T.);
#10064 = EDGE_CURVE('',#10065,#10067,#10069,.T.);
#10065 = VERTEX_POINT('',#10066);
#10066 = CARTESIAN_POINT('',(-4.13,-0.832071068427,-2.22));
#10067 = VERTEX_POINT('',#10068);
#10068 = CARTESIAN_POINT('',(-3.49,-0.832071068427,-2.22));
#10069 = LINE('',#10070,#10071);
#10070 = CARTESIAN_POINT('',(-8.643935563079,-0.832071068427,-2.22));
#10071 = VECTOR('',#10072,1.);
#10072 = DIRECTION('',(1.,0.,0.));
#10073 = ORIENTED_EDGE('',*,*,#10074,.T.);
#10074 = EDGE_CURVE('',#10067,#10075,#10077,.T.);
#10075 = VERTEX_POINT('',#10076);
#10076 = CARTESIAN_POINT('',(-3.49,-0.832071068427,-2.86));
#10077 = LINE('',#10078,#10079);
#10078 = CARTESIAN_POINT('',(-3.49,-0.832071068427,0.93));
#10079 = VECTOR('',#10080,1.);
#10080 = DIRECTION('',(0.,1.724867092591E-16,-1.));
#10081 = ORIENTED_EDGE('',*,*,#10082,.T.);
#10082 = EDGE_CURVE('',#10075,#10083,#10085,.T.);
#10083 = VERTEX_POINT('',#10084);
#10084 = CARTESIAN_POINT('',(-4.13,-0.832071068427,-2.86));
#10085 = LINE('',#10086,#10087);
#10086 = CARTESIAN_POINT('',(-8.643935563079,-0.832071068427,-2.86));
#10087 = VECTOR('',#10088,1.);
#10088 = DIRECTION('',(-1.,0.,0.));
#10089 = ORIENTED_EDGE('',*,*,#10090,.T.);
#10090 = EDGE_CURVE('',#10083,#10065,#10091,.T.);
#10091 = LINE('',#10092,#10093);
#10092 = CARTESIAN_POINT('',(-4.13,-0.832071068427,0.93));
#10093 = VECTOR('',#10094,1.);
#10094 = DIRECTION('',(0.,-1.724867092591E-16,1.));
#10095 = FACE_BOUND('',#10096,.T.);
#10096 = EDGE_LOOP('',(#10097,#10107,#10115,#10123));
#10097 = ORIENTED_EDGE('',*,*,#10098,.T.);
#10098 = EDGE_CURVE('',#10099,#10101,#10103,.T.);
#10099 = VERTEX_POINT('',#10100);
#10100 = CARTESIAN_POINT('',(-1.59,-0.832071068427,-2.22));
#10101 = VERTEX_POINT('',#10102);
#10102 = CARTESIAN_POINT('',(-0.95,-0.832071068427,-2.22));
#10103 = LINE('',#10104,#10105);
#10104 = CARTESIAN_POINT('',(-8.643935563079,-0.832071068427,-2.22));
#10105 = VECTOR('',#10106,1.);
#10106 = DIRECTION('',(1.,0.,0.));
#10107 = ORIENTED_EDGE('',*,*,#10108,.T.);
#10108 = EDGE_CURVE('',#10101,#10109,#10111,.T.);
#10109 = VERTEX_POINT('',#10110);
#10110 = CARTESIAN_POINT('',(-0.95,-0.832071068427,-2.86));
#10111 = LINE('',#10112,#10113);
#10112 = CARTESIAN_POINT('',(-0.95,-0.832071068427,0.93));
#10113 = VECTOR('',#10114,1.);
#10114 = DIRECTION('',(0.,1.724867092591E-16,-1.));
#10115 = ORIENTED_EDGE('',*,*,#10116,.T.);
#10116 = EDGE_CURVE('',#10109,#10117,#10119,.T.);
#10117 = VERTEX_POINT('',#10118);
#10118 = CARTESIAN_POINT('',(-1.59,-0.832071068427,-2.86));
#10119 = LINE('',#10120,#10121);
#10120 = CARTESIAN_POINT('',(-8.643935563079,-0.832071068427,-2.86));
#10121 = VECTOR('',#10122,1.);
#10122 = DIRECTION('',(-1.,0.,0.));
#10123 = ORIENTED_EDGE('',*,*,#10124,.T.);
#10124 = EDGE_CURVE('',#10117,#10099,#10125,.T.);
#10125 = LINE('',#10126,#10127);
#10126 = CARTESIAN_POINT('',(-1.59,-0.832071068427,0.93));
#10127 = VECTOR('',#10128,1.);
#10128 = DIRECTION('',(0.,-1.724867092591E-16,1.));
#10129 = FACE_BOUND('',#10130,.T.);
#10130 = EDGE_LOOP('',(#10131,#10141,#10149,#10157));
#10131 = ORIENTED_EDGE('',*,*,#10132,.T.);
#10132 = EDGE_CURVE('',#10133,#10135,#10137,.T.);
#10133 = VERTEX_POINT('',#10134);
#10134 = CARTESIAN_POINT('',(0.95,-0.832071068427,-2.22));
#10135 = VERTEX_POINT('',#10136);
#10136 = CARTESIAN_POINT('',(1.59,-0.832071068427,-2.22));
#10137 = LINE('',#10138,#10139);
#10138 = CARTESIAN_POINT('',(-8.643935563079,-0.832071068427,-2.22));
#10139 = VECTOR('',#10140,1.);
#10140 = DIRECTION('',(1.,0.,0.));
#10141 = ORIENTED_EDGE('',*,*,#10142,.T.);
#10142 = EDGE_CURVE('',#10135,#10143,#10145,.T.);
#10143 = VERTEX_POINT('',#10144);
#10144 = CARTESIAN_POINT('',(1.59,-0.832071068427,-2.86));
#10145 = LINE('',#10146,#10147);
#10146 = CARTESIAN_POINT('',(1.59,-0.832071068427,0.93));
#10147 = VECTOR('',#10148,1.);
#10148 = DIRECTION('',(0.,1.724867092591E-16,-1.));
#10149 = ORIENTED_EDGE('',*,*,#10150,.T.);
#10150 = EDGE_CURVE('',#10143,#10151,#10153,.T.);
#10151 = VERTEX_POINT('',#10152);
#10152 = CARTESIAN_POINT('',(0.95,-0.832071068427,-2.86));
#10153 = LINE('',#10154,#10155);
#10154 = CARTESIAN_POINT('',(-8.643935563079,-0.832071068427,-2.86));
#10155 = VECTOR('',#10156,1.);
#10156 = DIRECTION('',(-1.,0.,0.));
#10157 = ORIENTED_EDGE('',*,*,#10158,.T.);
#10158 = EDGE_CURVE('',#10151,#10133,#10159,.T.);
#10159 = LINE('',#10160,#10161);
#10160 = CARTESIAN_POINT('',(0.95,-0.832071068427,0.93));
#10161 = VECTOR('',#10162,1.);
#10162 = DIRECTION('',(0.,-1.724867092591E-16,1.));
#10163 = FACE_BOUND('',#10164,.T.);
#10164 = EDGE_LOOP('',(#10165,#10175,#10183,#10191));
#10165 = ORIENTED_EDGE('',*,*,#10166,.T.);
#10166 = EDGE_CURVE('',#10167,#10169,#10171,.T.);
#10167 = VERTEX_POINT('',#10168);
#10168 = CARTESIAN_POINT('',(3.49,-0.832071068427,-2.22));
#10169 = VERTEX_POINT('',#10170);
#10170 = CARTESIAN_POINT('',(4.13,-0.832071068427,-2.22));
#10171 = LINE('',#10172,#10173);
#10172 = CARTESIAN_POINT('',(-8.643935563079,-0.832071068427,-2.22));
#10173 = VECTOR('',#10174,1.);
#10174 = DIRECTION('',(1.,0.,0.));
#10175 = ORIENTED_EDGE('',*,*,#10176,.T.);
#10176 = EDGE_CURVE('',#10169,#10177,#10179,.T.);
#10177 = VERTEX_POINT('',#10178);
#10178 = CARTESIAN_POINT('',(4.13,-0.832071068427,-2.86));
#10179 = LINE('',#10180,#10181);
#10180 = CARTESIAN_POINT('',(4.13,-0.832071068427,0.93));
#10181 = VECTOR('',#10182,1.);
#10182 = DIRECTION('',(0.,1.724867092591E-16,-1.));
#10183 = ORIENTED_EDGE('',*,*,#10184,.T.);
#10184 = EDGE_CURVE('',#10177,#10185,#10187,.T.);
#10185 = VERTEX_POINT('',#10186);
#10186 = CARTESIAN_POINT('',(3.49,-0.832071068427,-2.86));
#10187 = LINE('',#10188,#10189);
#10188 = CARTESIAN_POINT('',(-8.643935563079,-0.832071068427,-2.86));
#10189 = VECTOR('',#10190,1.);
#10190 = DIRECTION('',(-1.,0.,0.));
#10191 = ORIENTED_EDGE('',*,*,#10192,.T.);
#10192 = EDGE_CURVE('',#10185,#10167,#10193,.T.);
#10193 = LINE('',#10194,#10195);
#10194 = CARTESIAN_POINT('',(3.49,-0.832071068427,0.93));
#10195 = VECTOR('',#10196,1.);
#10196 = DIRECTION('',(0.,-1.724867092591E-16,1.));
#10197 = FACE_BOUND('',#10198,.T.);
#10198 = EDGE_LOOP('',(#10199,#10209,#10217,#10225));
#10199 = ORIENTED_EDGE('',*,*,#10200,.T.);
#10200 = EDGE_CURVE('',#10201,#10203,#10205,.T.);
#10201 = VERTEX_POINT('',#10202);
#10202 = CARTESIAN_POINT('',(6.03,-0.832071068427,-2.22));
#10203 = VERTEX_POINT('',#10204);
#10204 = CARTESIAN_POINT('',(6.67,-0.832071068427,-2.22));
#10205 = LINE('',#10206,#10207);
#10206 = CARTESIAN_POINT('',(-8.643935563079,-0.832071068427,-2.22));
#10207 = VECTOR('',#10208,1.);
#10208 = DIRECTION('',(1.,0.,0.));
#10209 = ORIENTED_EDGE('',*,*,#10210,.T.);
#10210 = EDGE_CURVE('',#10203,#10211,#10213,.T.);
#10211 = VERTEX_POINT('',#10212);
#10212 = CARTESIAN_POINT('',(6.67,-0.832071068427,-2.86));
#10213 = LINE('',#10214,#10215);
#10214 = CARTESIAN_POINT('',(6.67,-0.832071068427,0.93));
#10215 = VECTOR('',#10216,1.);
#10216 = DIRECTION('',(0.,1.724867092591E-16,-1.));
#10217 = ORIENTED_EDGE('',*,*,#10218,.T.);
#10218 = EDGE_CURVE('',#10211,#10219,#10221,.T.);
#10219 = VERTEX_POINT('',#10220);
#10220 = CARTESIAN_POINT('',(6.03,-0.832071068427,-2.86));
#10221 = LINE('',#10222,#10223);
#10222 = CARTESIAN_POINT('',(-8.643935563079,-0.832071068427,-2.86));
#10223 = VECTOR('',#10224,1.);
#10224 = DIRECTION('',(-1.,0.,0.));
#10225 = ORIENTED_EDGE('',*,*,#10226,.T.);
#10226 = EDGE_CURVE('',#10219,#10201,#10227,.T.);
#10227 = LINE('',#10228,#10229);
#10228 = CARTESIAN_POINT('',(6.03,-0.832071068427,0.93));
#10229 = VECTOR('',#10230,1.);
#10230 = DIRECTION('',(0.,-1.724867092591E-16,1.));
#10231 = PLANE('',#10232);
#10232 = AXIS2_PLACEMENT_3D('',#10233,#10234,#10235);
#10233 = CARTESIAN_POINT('',(-8.643935563079,-0.832071068427,0.93));
#10234 = DIRECTION('',(0.,-1.,-1.724867092591E-16));
#10235 = DIRECTION('',(0.,1.724867092591E-16,-1.));
#10236 = ADVANCED_FACE('',(#10237),#10271,.T.);
#10237 = FACE_BOUND('',#10238,.T.);
#10238 = EDGE_LOOP('',(#10239,#10249,#10257,#10265));
#10239 = ORIENTED_EDGE('',*,*,#10240,.T.);
#10240 = EDGE_CURVE('',#10241,#10243,#10245,.T.);
#10241 = VERTEX_POINT('',#10242);
#10242 = CARTESIAN_POINT('',(-7.37,-1.27,1.27));
#10243 = VERTEX_POINT('',#10244);
#10244 = CARTESIAN_POINT('',(-7.54,-1.27,0.93));
#10245 = LINE('',#10246,#10247);
#10246 = CARTESIAN_POINT('',(-5.388,-1.27,5.234));
#10247 = VECTOR('',#10248,1.);
#10248 = DIRECTION('',(-0.4472135955,7.635747272537E-17,-0.894427191));
#10249 = ORIENTED_EDGE('',*,*,#10250,.T.);
#10250 = EDGE_CURVE('',#10243,#10251,#10253,.T.);
#10251 = VERTEX_POINT('',#10252);
#10252 = CARTESIAN_POINT('',(-5.16,-1.27,0.93));
#10253 = LINE('',#10254,#10255);
#10254 = CARTESIAN_POINT('',(-8.643935563079,-1.27,0.93));
#10255 = VECTOR('',#10256,1.);
#10256 = DIRECTION('',(1.,0.,0.));
#10257 = ORIENTED_EDGE('',*,*,#10258,.T.);
#10258 = EDGE_CURVE('',#10251,#10259,#10261,.T.);
#10259 = VERTEX_POINT('',#10260);
#10260 = CARTESIAN_POINT('',(-5.33,-1.27,1.27));
#10261 = LINE('',#10262,#10263);
#10262 = CARTESIAN_POINT('',(-1.724,-1.27,-5.942));
#10263 = VECTOR('',#10264,1.);
#10264 = DIRECTION('',(-0.4472135955,-7.635747272537E-17,0.894427191));
#10265 = ORIENTED_EDGE('',*,*,#10266,.T.);
#10266 = EDGE_CURVE('',#10259,#10241,#10267,.T.);
#10267 = LINE('',#10268,#10269);
#10268 = CARTESIAN_POINT('',(7.62,-1.27,1.27));
#10269 = VECTOR('',#10270,1.);
#10270 = DIRECTION('',(-1.,0.,0.));
#10271 = PLANE('',#10272);
#10272 = AXIS2_PLACEMENT_3D('',#10273,#10274,#10275);
#10273 = CARTESIAN_POINT('',(7.62,-1.27,-1.27));
#10274 = DIRECTION('',(0.,-1.,-8.537024980201E-17));
#10275 = DIRECTION('',(0.,8.537024980201E-17,-1.));
#10276 = ADVANCED_FACE('',(#10277),#10311,.T.);
#10277 = FACE_BOUND('',#10278,.T.);
#10278 = EDGE_LOOP('',(#10279,#10289,#10297,#10305));
#10279 = ORIENTED_EDGE('',*,*,#10280,.T.);
#10280 = EDGE_CURVE('',#10281,#10283,#10285,.T.);
#10281 = VERTEX_POINT('',#10282);
#10282 = CARTESIAN_POINT('',(-4.83,-1.27,1.27));
#10283 = VERTEX_POINT('',#10284);
#10284 = CARTESIAN_POINT('',(-5.,-1.27,0.93));
#10285 = LINE('',#10286,#10287);
#10286 = CARTESIAN_POINT('',(-3.356,-1.27,4.218));
#10287 = VECTOR('',#10288,1.);
#10288 = DIRECTION('',(-0.4472135955,7.635747272537E-17,-0.894427191));
#10289 = ORIENTED_EDGE('',*,*,#10290,.T.);
#10290 = EDGE_CURVE('',#10283,#10291,#10293,.T.);
#10291 = VERTEX_POINT('',#10292);
#10292 = CARTESIAN_POINT('',(-2.62,-1.27,0.93));
#10293 = LINE('',#10294,#10295);
#10294 = CARTESIAN_POINT('',(-8.643935563079,-1.27,0.93));
#10295 = VECTOR('',#10296,1.);
#10296 = DIRECTION('',(1.,0.,0.));
#10297 = ORIENTED_EDGE('',*,*,#10298,.T.);
#10298 = EDGE_CURVE('',#10291,#10299,#10301,.T.);
#10299 = VERTEX_POINT('',#10300);
#10300 = CARTESIAN_POINT('',(-2.79,-1.27,1.27));
#10301 = LINE('',#10302,#10303);
#10302 = CARTESIAN_POINT('',(0.308,-1.27,-4.926));
#10303 = VECTOR('',#10304,1.);
#10304 = DIRECTION('',(-0.4472135955,-7.635747272537E-17,0.894427191));
#10305 = ORIENTED_EDGE('',*,*,#10306,.T.);
#10306 = EDGE_CURVE('',#10299,#10281,#10307,.T.);
#10307 = LINE('',#10308,#10309);
#10308 = CARTESIAN_POINT('',(7.62,-1.27,1.27));
#10309 = VECTOR('',#10310,1.);
#10310 = DIRECTION('',(-1.,0.,0.));
#10311 = PLANE('',#10312);
#10312 = AXIS2_PLACEMENT_3D('',#10313,#10314,#10315);
#10313 = CARTESIAN_POINT('',(7.62,-1.27,-1.27));
#10314 = DIRECTION('',(0.,-1.,-8.537024980201E-17));
#10315 = DIRECTION('',(0.,8.537024980201E-17,-1.));
#10316 = ADVANCED_FACE('',(#10317),#10351,.T.);
#10317 = FACE_BOUND('',#10318,.T.);
#10318 = EDGE_LOOP('',(#10319,#10329,#10337,#10345));
#10319 = ORIENTED_EDGE('',*,*,#10320,.T.);
#10320 = EDGE_CURVE('',#10321,#10323,#10325,.T.);
#10321 = VERTEX_POINT('',#10322);
#10322 = CARTESIAN_POINT('',(-2.29,-1.27,1.27));
#10323 = VERTEX_POINT('',#10324);
#10324 = CARTESIAN_POINT('',(-2.46,-1.27,0.93));
#10325 = LINE('',#10326,#10327);
#10326 = CARTESIAN_POINT('',(-1.324,-1.27,3.202));
#10327 = VECTOR('',#10328,1.);
#10328 = DIRECTION('',(-0.4472135955,7.635747272537E-17,-0.894427191));
#10329 = ORIENTED_EDGE('',*,*,#10330,.T.);
#10330 = EDGE_CURVE('',#10323,#10331,#10333,.T.);
#10331 = VERTEX_POINT('',#10332);
#10332 = CARTESIAN_POINT('',(-8.E-02,-1.27,0.93));
#10333 = LINE('',#10334,#10335);
#10334 = CARTESIAN_POINT('',(-8.643935563079,-1.27,0.93));
#10335 = VECTOR('',#10336,1.);
#10336 = DIRECTION('',(1.,0.,0.));
#10337 = ORIENTED_EDGE('',*,*,#10338,.T.);
#10338 = EDGE_CURVE('',#10331,#10339,#10341,.T.);
#10339 = VERTEX_POINT('',#10340);
#10340 = CARTESIAN_POINT('',(-0.25,-1.27,1.27));
#10341 = LINE('',#10342,#10343);
#10342 = CARTESIAN_POINT('',(2.34,-1.27,-3.91));
#10343 = VECTOR('',#10344,1.);
#10344 = DIRECTION('',(-0.4472135955,-7.635747272537E-17,0.894427191));
#10345 = ORIENTED_EDGE('',*,*,#10346,.T.);
#10346 = EDGE_CURVE('',#10339,#10321,#10347,.T.);
#10347 = LINE('',#10348,#10349);
#10348 = CARTESIAN_POINT('',(7.62,-1.27,1.27));
#10349 = VECTOR('',#10350,1.);
#10350 = DIRECTION('',(-1.,0.,0.));
#10351 = PLANE('',#10352);
#10352 = AXIS2_PLACEMENT_3D('',#10353,#10354,#10355);
#10353 = CARTESIAN_POINT('',(7.62,-1.27,-1.27));
#10354 = DIRECTION('',(0.,-1.,-8.537024980201E-17));
#10355 = DIRECTION('',(0.,8.537024980201E-17,-1.));
#10356 = ADVANCED_FACE('',(#10357),#10391,.T.);
#10357 = FACE_BOUND('',#10358,.T.);
#10358 = EDGE_LOOP('',(#10359,#10369,#10377,#10385));
#10359 = ORIENTED_EDGE('',*,*,#10360,.T.);
#10360 = EDGE_CURVE('',#10361,#10363,#10365,.T.);
#10361 = VERTEX_POINT('',#10362);
#10362 = CARTESIAN_POINT('',(0.25,-1.27,1.27));
#10363 = VERTEX_POINT('',#10364);
#10364 = CARTESIAN_POINT('',(8.E-02,-1.27,0.93));
#10365 = LINE('',#10366,#10367);
#10366 = CARTESIAN_POINT('',(0.708,-1.27,2.186));
#10367 = VECTOR('',#10368,1.);
#10368 = DIRECTION('',(-0.4472135955,7.635747272537E-17,-0.894427191));
#10369 = ORIENTED_EDGE('',*,*,#10370,.T.);
#10370 = EDGE_CURVE('',#10363,#10371,#10373,.T.);
#10371 = VERTEX_POINT('',#10372);
#10372 = CARTESIAN_POINT('',(2.46,-1.27,0.93));
#10373 = LINE('',#10374,#10375);
#10374 = CARTESIAN_POINT('',(-8.643935563079,-1.27,0.93));
#10375 = VECTOR('',#10376,1.);
#10376 = DIRECTION('',(1.,0.,0.));
#10377 = ORIENTED_EDGE('',*,*,#10378,.T.);
#10378 = EDGE_CURVE('',#10371,#10379,#10381,.T.);
#10379 = VERTEX_POINT('',#10380);
#10380 = CARTESIAN_POINT('',(2.29,-1.27,1.27));
#10381 = LINE('',#10382,#10383);
#10382 = CARTESIAN_POINT('',(4.372,-1.27,-2.894));
#10383 = VECTOR('',#10384,1.);
#10384 = DIRECTION('',(-0.4472135955,-7.635747272537E-17,0.894427191));
#10385 = ORIENTED_EDGE('',*,*,#10386,.T.);
#10386 = EDGE_CURVE('',#10379,#10361,#10387,.T.);
#10387 = LINE('',#10388,#10389);
#10388 = CARTESIAN_POINT('',(7.62,-1.27,1.27));
#10389 = VECTOR('',#10390,1.);
#10390 = DIRECTION('',(-1.,0.,0.));
#10391 = PLANE('',#10392);
#10392 = AXIS2_PLACEMENT_3D('',#10393,#10394,#10395);
#10393 = CARTESIAN_POINT('',(7.62,-1.27,-1.27));
#10394 = DIRECTION('',(0.,-1.,-8.537024980201E-17));
#10395 = DIRECTION('',(0.,8.537024980201E-17,-1.));
#10396 = ADVANCED_FACE('',(#10397),#10431,.T.);
#10397 = FACE_BOUND('',#10398,.T.);
#10398 = EDGE_LOOP('',(#10399,#10409,#10417,#10425));
#10399 = ORIENTED_EDGE('',*,*,#10400,.T.);
#10400 = EDGE_CURVE('',#10401,#10403,#10405,.T.);
#10401 = VERTEX_POINT('',#10402);
#10402 = CARTESIAN_POINT('',(2.79,-1.27,1.27));
#10403 = VERTEX_POINT('',#10404);
#10404 = CARTESIAN_POINT('',(2.62,-1.27,0.93));
#10405 = LINE('',#10406,#10407);
#10406 = CARTESIAN_POINT('',(2.74,-1.27,1.17));
#10407 = VECTOR('',#10408,1.);
#10408 = DIRECTION('',(-0.4472135955,7.635747272537E-17,-0.894427191));
#10409 = ORIENTED_EDGE('',*,*,#10410,.T.);
#10410 = EDGE_CURVE('',#10403,#10411,#10413,.T.);
#10411 = VERTEX_POINT('',#10412);
#10412 = CARTESIAN_POINT('',(5.,-1.27,0.93));
#10413 = LINE('',#10414,#10415);
#10414 = CARTESIAN_POINT('',(-8.643935563079,-1.27,0.93));
#10415 = VECTOR('',#10416,1.);
#10416 = DIRECTION('',(1.,0.,0.));
#10417 = ORIENTED_EDGE('',*,*,#10418,.T.);
#10418 = EDGE_CURVE('',#10411,#10419,#10421,.T.);
#10419 = VERTEX_POINT('',#10420);
#10420 = CARTESIAN_POINT('',(4.83,-1.27,1.27));
#10421 = LINE('',#10422,#10423);
#10422 = CARTESIAN_POINT('',(6.404,-1.27,-1.878));
#10423 = VECTOR('',#10424,1.);
#10424 = DIRECTION('',(-0.4472135955,-7.635747272537E-17,0.894427191));
#10425 = ORIENTED_EDGE('',*,*,#10426,.T.);
#10426 = EDGE_CURVE('',#10419,#10401,#10427,.T.);
#10427 = LINE('',#10428,#10429);
#10428 = CARTESIAN_POINT('',(7.62,-1.27,1.27));
#10429 = VECTOR('',#10430,1.);
#10430 = DIRECTION('',(-1.,0.,0.));
#10431 = PLANE('',#10432);
#10432 = AXIS2_PLACEMENT_3D('',#10433,#10434,#10435);
#10433 = CARTESIAN_POINT('',(7.62,-1.27,-1.27));
#10434 = DIRECTION('',(0.,-1.,-8.537024980201E-17));
#10435 = DIRECTION('',(0.,8.537024980201E-17,-1.));
#10436 = ADVANCED_FACE('',(#10437),#10471,.T.);
#10437 = FACE_BOUND('',#10438,.T.);
#10438 = EDGE_LOOP('',(#10439,#10449,#10457,#10465));
#10439 = ORIENTED_EDGE('',*,*,#10440,.T.);
#10440 = EDGE_CURVE('',#10441,#10443,#10445,.T.);
#10441 = VERTEX_POINT('',#10442);
#10442 = CARTESIAN_POINT('',(5.33,-1.27,1.27));
#10443 = VERTEX_POINT('',#10444);
#10444 = CARTESIAN_POINT('',(5.16,-1.27,0.93));
#10445 = LINE('',#10446,#10447);
#10446 = CARTESIAN_POINT('',(4.772,-1.27,0.154));
#10447 = VECTOR('',#10448,1.);
#10448 = DIRECTION('',(-0.4472135955,7.635747272537E-17,-0.894427191));
#10449 = ORIENTED_EDGE('',*,*,#10450,.T.);
#10450 = EDGE_CURVE('',#10443,#10451,#10453,.T.);
#10451 = VERTEX_POINT('',#10452);
#10452 = CARTESIAN_POINT('',(7.54,-1.27,0.93));
#10453 = LINE('',#10454,#10455);
#10454 = CARTESIAN_POINT('',(-8.643935563079,-1.27,0.93));
#10455 = VECTOR('',#10456,1.);
#10456 = DIRECTION('',(1.,0.,0.));
#10457 = ORIENTED_EDGE('',*,*,#10458,.T.);
#10458 = EDGE_CURVE('',#10451,#10459,#10461,.T.);
#10459 = VERTEX_POINT('',#10460);
#10460 = CARTESIAN_POINT('',(7.37,-1.27,1.27));
#10461 = LINE('',#10462,#10463);
#10462 = CARTESIAN_POINT('',(8.436,-1.27,-0.862));
#10463 = VECTOR('',#10464,1.);
#10464 = DIRECTION('',(-0.4472135955,-7.635747272537E-17,0.894427191));
#10465 = ORIENTED_EDGE('',*,*,#10466,.T.);
#10466 = EDGE_CURVE('',#10459,#10441,#10467,.T.);
#10467 = LINE('',#10468,#10469);
#10468 = CARTESIAN_POINT('',(7.62,-1.27,1.27));
#10469 = VECTOR('',#10470,1.);
#10470 = DIRECTION('',(-1.,0.,0.));
#10471 = PLANE('',#10472);
#10472 = AXIS2_PLACEMENT_3D('',#10473,#10474,#10475);
#10473 = CARTESIAN_POINT('',(7.62,-1.27,-1.27));
#10474 = DIRECTION('',(0.,-1.,-8.537024980201E-17));
#10475 = DIRECTION('',(0.,8.537024980201E-17,-1.));
#10476 = ADVANCED_FACE('',(#10477),#10511,.T.);
#10477 = FACE_BOUND('',#10478,.T.);
#10478 = EDGE_LOOP('',(#10479,#10489,#10497,#10505));
#10479 = ORIENTED_EDGE('',*,*,#10480,.F.);
#10480 = EDGE_CURVE('',#10481,#10483,#10485,.T.);
#10481 = VERTEX_POINT('',#10482);
#10482 = CARTESIAN_POINT('',(7.54,-1.27,-3.47));
#10483 = VERTEX_POINT('',#10484);
#10484 = CARTESIAN_POINT('',(7.37,-1.27,-3.81));
#10485 = LINE('',#10486,#10487);
#10486 = CARTESIAN_POINT('',(8.436,-1.27,-1.678));
#10487 = VECTOR('',#10488,1.);
#10488 = DIRECTION('',(-0.4472135955,-7.635747272537E-17,-0.894427191));
#10489 = ORIENTED_EDGE('',*,*,#10490,.F.);
#10490 = EDGE_CURVE('',#10491,#10481,#10493,.T.);
#10491 = VERTEX_POINT('',#10492);
#10492 = CARTESIAN_POINT('',(5.16,-1.27,-3.47));
#10493 = LINE('',#10494,#10495);
#10494 = CARTESIAN_POINT('',(-8.643935563079,-1.27,-3.47));
#10495 = VECTOR('',#10496,1.);
#10496 = DIRECTION('',(1.,0.,0.));
#10497 = ORIENTED_EDGE('',*,*,#10498,.F.);
#10498 = EDGE_CURVE('',#10499,#10491,#10501,.T.);
#10499 = VERTEX_POINT('',#10500);
#10500 = CARTESIAN_POINT('',(5.33,-1.27,-3.81));
#10501 = LINE('',#10502,#10503);
#10502 = CARTESIAN_POINT('',(4.772,-1.27,-2.694));
#10503 = VECTOR('',#10504,1.);
#10504 = DIRECTION('',(-0.4472135955,7.635747272537E-17,0.894427191));
#10505 = ORIENTED_EDGE('',*,*,#10506,.F.);
#10506 = EDGE_CURVE('',#10483,#10499,#10507,.T.);
#10507 = LINE('',#10508,#10509);
#10508 = CARTESIAN_POINT('',(7.62,-1.27,-3.81));
#10509 = VECTOR('',#10510,1.);
#10510 = DIRECTION('',(-1.,0.,0.));
#10511 = PLANE('',#10512);
#10512 = AXIS2_PLACEMENT_3D('',#10513,#10514,#10515);
#10513 = CARTESIAN_POINT('',(7.62,-1.27,-1.27));
#10514 = DIRECTION('',(0.,-1.,-8.537024980201E-17));
#10515 = DIRECTION('',(0.,8.537024980201E-17,-1.));
#10516 = ADVANCED_FACE('',(#10517),#10551,.T.);
#10517 = FACE_BOUND('',#10518,.T.);
#10518 = EDGE_LOOP('',(#10519,#10529,#10537,#10545));
#10519 = ORIENTED_EDGE('',*,*,#10520,.F.);
#10520 = EDGE_CURVE('',#10521,#10523,#10525,.T.);
#10521 = VERTEX_POINT('',#10522);
#10522 = CARTESIAN_POINT('',(5.,-1.27,-3.47));
#10523 = VERTEX_POINT('',#10524);
#10524 = CARTESIAN_POINT('',(4.83,-1.27,-3.81));
#10525 = LINE('',#10526,#10527);
#10526 = CARTESIAN_POINT('',(6.404,-1.27,-0.662));
#10527 = VECTOR('',#10528,1.);
#10528 = DIRECTION('',(-0.4472135955,-7.635747272537E-17,-0.894427191));
#10529 = ORIENTED_EDGE('',*,*,#10530,.F.);
#10530 = EDGE_CURVE('',#10531,#10521,#10533,.T.);
#10531 = VERTEX_POINT('',#10532);
#10532 = CARTESIAN_POINT('',(2.62,-1.27,-3.47));
#10533 = LINE('',#10534,#10535);
#10534 = CARTESIAN_POINT('',(-8.643935563079,-1.27,-3.47));
#10535 = VECTOR('',#10536,1.);
#10536 = DIRECTION('',(1.,0.,0.));
#10537 = ORIENTED_EDGE('',*,*,#10538,.F.);
#10538 = EDGE_CURVE('',#10539,#10531,#10541,.T.);
#10539 = VERTEX_POINT('',#10540);
#10540 = CARTESIAN_POINT('',(2.79,-1.27,-3.81));
#10541 = LINE('',#10542,#10543);
#10542 = CARTESIAN_POINT('',(2.74,-1.27,-3.71));
#10543 = VECTOR('',#10544,1.);
#10544 = DIRECTION('',(-0.4472135955,7.635747272537E-17,0.894427191));
#10545 = ORIENTED_EDGE('',*,*,#10546,.F.);
#10546 = EDGE_CURVE('',#10523,#10539,#10547,.T.);
#10547 = LINE('',#10548,#10549);
#10548 = CARTESIAN_POINT('',(7.62,-1.27,-3.81));
#10549 = VECTOR('',#10550,1.);
#10550 = DIRECTION('',(-1.,0.,0.));
#10551 = PLANE('',#10552);
#10552 = AXIS2_PLACEMENT_3D('',#10553,#10554,#10555);
#10553 = CARTESIAN_POINT('',(7.62,-1.27,-1.27));
#10554 = DIRECTION('',(0.,-1.,-8.537024980201E-17));
#10555 = DIRECTION('',(0.,8.537024980201E-17,-1.));
#10556 = ADVANCED_FACE('',(#10557),#10591,.T.);
#10557 = FACE_BOUND('',#10558,.T.);
#10558 = EDGE_LOOP('',(#10559,#10569,#10577,#10585));
#10559 = ORIENTED_EDGE('',*,*,#10560,.F.);
#10560 = EDGE_CURVE('',#10561,#10563,#10565,.T.);
#10561 = VERTEX_POINT('',#10562);
#10562 = CARTESIAN_POINT('',(2.46,-1.27,-3.47));
#10563 = VERTEX_POINT('',#10564);
#10564 = CARTESIAN_POINT('',(2.29,-1.27,-3.81));
#10565 = LINE('',#10566,#10567);
#10566 = CARTESIAN_POINT('',(4.372,-1.27,0.354));
#10567 = VECTOR('',#10568,1.);
#10568 = DIRECTION('',(-0.4472135955,-7.635747272537E-17,-0.894427191));
#10569 = ORIENTED_EDGE('',*,*,#10570,.F.);
#10570 = EDGE_CURVE('',#10571,#10561,#10573,.T.);
#10571 = VERTEX_POINT('',#10572);
#10572 = CARTESIAN_POINT('',(8.E-02,-1.27,-3.47));
#10573 = LINE('',#10574,#10575);
#10574 = CARTESIAN_POINT('',(-8.643935563079,-1.27,-3.47));
#10575 = VECTOR('',#10576,1.);
#10576 = DIRECTION('',(1.,0.,0.));
#10577 = ORIENTED_EDGE('',*,*,#10578,.F.);
#10578 = EDGE_CURVE('',#10579,#10571,#10581,.T.);
#10579 = VERTEX_POINT('',#10580);
#10580 = CARTESIAN_POINT('',(0.25,-1.27,-3.81));
#10581 = LINE('',#10582,#10583);
#10582 = CARTESIAN_POINT('',(0.708,-1.27,-4.726));
#10583 = VECTOR('',#10584,1.);
#10584 = DIRECTION('',(-0.4472135955,7.635747272537E-17,0.894427191));
#10585 = ORIENTED_EDGE('',*,*,#10586,.F.);
#10586 = EDGE_CURVE('',#10563,#10579,#10587,.T.);
#10587 = LINE('',#10588,#10589);
#10588 = CARTESIAN_POINT('',(7.62,-1.27,-3.81));
#10589 = VECTOR('',#10590,1.);
#10590 = DIRECTION('',(-1.,0.,0.));
#10591 = PLANE('',#10592);
#10592 = AXIS2_PLACEMENT_3D('',#10593,#10594,#10595);
#10593 = CARTESIAN_POINT('',(7.62,-1.27,-1.27));
#10594 = DIRECTION('',(0.,-1.,-8.537024980201E-17));
#10595 = DIRECTION('',(0.,8.537024980201E-17,-1.));
#10596 = ADVANCED_FACE('',(#10597),#10631,.T.);
#10597 = FACE_BOUND('',#10598,.T.);
#10598 = EDGE_LOOP('',(#10599,#10609,#10617,#10625));
#10599 = ORIENTED_EDGE('',*,*,#10600,.F.);
#10600 = EDGE_CURVE('',#10601,#10603,#10605,.T.);
#10601 = VERTEX_POINT('',#10602);
#10602 = CARTESIAN_POINT('',(-8.E-02,-1.27,-3.47));
#10603 = VERTEX_POINT('',#10604);
#10604 = CARTESIAN_POINT('',(-0.25,-1.27,-3.81));
#10605 = LINE('',#10606,#10607);
#10606 = CARTESIAN_POINT('',(2.34,-1.27,1.37));
#10607 = VECTOR('',#10608,1.);
#10608 = DIRECTION('',(-0.4472135955,-7.635747272537E-17,-0.894427191));
#10609 = ORIENTED_EDGE('',*,*,#10610,.F.);
#10610 = EDGE_CURVE('',#10611,#10601,#10613,.T.);
#10611 = VERTEX_POINT('',#10612);
#10612 = CARTESIAN_POINT('',(-2.46,-1.27,-3.47));
#10613 = LINE('',#10614,#10615);
#10614 = CARTESIAN_POINT('',(-8.643935563079,-1.27,-3.47));
#10615 = VECTOR('',#10616,1.);
#10616 = DIRECTION('',(1.,0.,0.));
#10617 = ORIENTED_EDGE('',*,*,#10618,.F.);
#10618 = EDGE_CURVE('',#10619,#10611,#10621,.T.);
#10619 = VERTEX_POINT('',#10620);
#10620 = CARTESIAN_POINT('',(-2.29,-1.27,-3.81));
#10621 = LINE('',#10622,#10623);
#10622 = CARTESIAN_POINT('',(-1.324,-1.27,-5.742));
#10623 = VECTOR('',#10624,1.);
#10624 = DIRECTION('',(-0.4472135955,7.635747272537E-17,0.894427191));
#10625 = ORIENTED_EDGE('',*,*,#10626,.F.);
#10626 = EDGE_CURVE('',#10603,#10619,#10627,.T.);
#10627 = LINE('',#10628,#10629);
#10628 = CARTESIAN_POINT('',(7.62,-1.27,-3.81));
#10629 = VECTOR('',#10630,1.);
#10630 = DIRECTION('',(-1.,0.,0.));
#10631 = PLANE('',#10632);
#10632 = AXIS2_PLACEMENT_3D('',#10633,#10634,#10635);
#10633 = CARTESIAN_POINT('',(7.62,-1.27,-1.27));
#10634 = DIRECTION('',(0.,-1.,-8.537024980201E-17));
#10635 = DIRECTION('',(0.,8.537024980201E-17,-1.));
#10636 = ADVANCED_FACE('',(#10637),#10671,.T.);
#10637 = FACE_BOUND('',#10638,.T.);
#10638 = EDGE_LOOP('',(#10639,#10649,#10657,#10665));
#10639 = ORIENTED_EDGE('',*,*,#10640,.F.);
#10640 = EDGE_CURVE('',#10641,#10643,#10645,.T.);
#10641 = VERTEX_POINT('',#10642);
#10642 = CARTESIAN_POINT('',(-2.62,-1.27,-3.47));
#10643 = VERTEX_POINT('',#10644);
#10644 = CARTESIAN_POINT('',(-2.79,-1.27,-3.81));
#10645 = LINE('',#10646,#10647);
#10646 = CARTESIAN_POINT('',(0.308,-1.27,2.386));
#10647 = VECTOR('',#10648,1.);
#10648 = DIRECTION('',(-0.4472135955,-7.635747272537E-17,-0.894427191));
#10649 = ORIENTED_EDGE('',*,*,#10650,.F.);
#10650 = EDGE_CURVE('',#10651,#10641,#10653,.T.);
#10651 = VERTEX_POINT('',#10652);
#10652 = CARTESIAN_POINT('',(-5.,-1.27,-3.47));
#10653 = LINE('',#10654,#10655);
#10654 = CARTESIAN_POINT('',(-8.643935563079,-1.27,-3.47));
#10655 = VECTOR('',#10656,1.);
#10656 = DIRECTION('',(1.,0.,0.));
#10657 = ORIENTED_EDGE('',*,*,#10658,.F.);
#10658 = EDGE_CURVE('',#10659,#10651,#10661,.T.);
#10659 = VERTEX_POINT('',#10660);
#10660 = CARTESIAN_POINT('',(-4.83,-1.27,-3.81));
#10661 = LINE('',#10662,#10663);
#10662 = CARTESIAN_POINT('',(-3.356,-1.27,-6.758));
#10663 = VECTOR('',#10664,1.);
#10664 = DIRECTION('',(-0.4472135955,7.635747272537E-17,0.894427191));
#10665 = ORIENTED_EDGE('',*,*,#10666,.F.);
#10666 = EDGE_CURVE('',#10643,#10659,#10667,.T.);
#10667 = LINE('',#10668,#10669);
#10668 = CARTESIAN_POINT('',(7.62,-1.27,-3.81));
#10669 = VECTOR('',#10670,1.);
#10670 = DIRECTION('',(-1.,0.,0.));
#10671 = PLANE('',#10672);
#10672 = AXIS2_PLACEMENT_3D('',#10673,#10674,#10675);
#10673 = CARTESIAN_POINT('',(7.62,-1.27,-1.27));
#10674 = DIRECTION('',(0.,-1.,-8.537024980201E-17));
#10675 = DIRECTION('',(0.,8.537024980201E-17,-1.));
#10676 = ADVANCED_FACE('',(#10677),#10711,.T.);
#10677 = FACE_BOUND('',#10678,.T.);
#10678 = EDGE_LOOP('',(#10679,#10689,#10697,#10705));
#10679 = ORIENTED_EDGE('',*,*,#10680,.F.);
#10680 = EDGE_CURVE('',#10681,#10683,#10685,.T.);
#10681 = VERTEX_POINT('',#10682);
#10682 = CARTESIAN_POINT('',(-5.16,-1.27,-3.47));
#10683 = VERTEX_POINT('',#10684);
#10684 = CARTESIAN_POINT('',(-5.33,-1.27,-3.81));
#10685 = LINE('',#10686,#10687);
#10686 = CARTESIAN_POINT('',(-1.724,-1.27,3.402));
#10687 = VECTOR('',#10688,1.);
#10688 = DIRECTION('',(-0.4472135955,-7.635747272537E-17,-0.894427191));
#10689 = ORIENTED_EDGE('',*,*,#10690,.F.);
#10690 = EDGE_CURVE('',#10691,#10681,#10693,.T.);
#10691 = VERTEX_POINT('',#10692);
#10692 = CARTESIAN_POINT('',(-7.54,-1.27,-3.47));
#10693 = LINE('',#10694,#10695);
#10694 = CARTESIAN_POINT('',(-8.643935563079,-1.27,-3.47));
#10695 = VECTOR('',#10696,1.);
#10696 = DIRECTION('',(1.,0.,0.));
#10697 = ORIENTED_EDGE('',*,*,#10698,.F.);
#10698 = EDGE_CURVE('',#10699,#10691,#10701,.T.);
#10699 = VERTEX_POINT('',#10700);
#10700 = CARTESIAN_POINT('',(-7.37,-1.27,-3.81));
#10701 = LINE('',#10702,#10703);
#10702 = CARTESIAN_POINT('',(-5.388,-1.27,-7.774));
#10703 = VECTOR('',#10704,1.);
#10704 = DIRECTION('',(-0.4472135955,7.635747272537E-17,0.894427191));
#10705 = ORIENTED_EDGE('',*,*,#10706,.F.);
#10706 = EDGE_CURVE('',#10683,#10699,#10707,.T.);
#10707 = LINE('',#10708,#10709);
#10708 = CARTESIAN_POINT('',(7.62,-1.27,-3.81));
#10709 = VECTOR('',#10710,1.);
#10710 = DIRECTION('',(-1.,0.,0.));
#10711 = PLANE('',#10712);
#10712 = AXIS2_PLACEMENT_3D('',#10713,#10714,#10715);
#10713 = CARTESIAN_POINT('',(7.62,-1.27,-1.27));
#10714 = DIRECTION('',(0.,-1.,-8.537024980201E-17));
#10715 = DIRECTION('',(0.,8.537024980201E-17,-1.));
#10716 = ADVANCED_FACE('',(#10717),#10733,.F.);
#10717 = FACE_BOUND('',#10718,.T.);
#10718 = EDGE_LOOP('',(#10719,#10720,#10726,#10727));
#10719 = ORIENTED_EDGE('',*,*,#9894,.T.);
#10720 = ORIENTED_EDGE('',*,*,#10721,.T.);
#10721 = EDGE_CURVE('',#9887,#9023,#10722,.T.);
#10722 = LINE('',#10723,#10724);
#10723 = CARTESIAN_POINT('',(7.62,-6.573509234755E-17,-3.31));
#10724 = VECTOR('',#10725,1.);
#10725 = DIRECTION('',(0.,1.,-8.537024980201E-17));
#10726 = ORIENTED_EDGE('',*,*,#9022,.F.);
#10727 = ORIENTED_EDGE('',*,*,#10728,.F.);
#10728 = EDGE_CURVE('',#9895,#9015,#10729,.T.);
#10729 = LINE('',#10730,#10731);
#10730 = CARTESIAN_POINT('',(7.62,-6.573509234755E-17,0.77));
#10731 = VECTOR('',#10732,1.);
#10732 = DIRECTION('',(0.,1.,8.537024980201E-17));
#10733 = PLANE('',#10734);
#10734 = AXIS2_PLACEMENT_3D('',#10735,#10736,#10737);
#10735 = CARTESIAN_POINT('',(7.62,0.,0.));
#10736 = DIRECTION('',(-1.,0.,0.));
#10737 = DIRECTION('',(0.,0.,1.));
#10738 = ADVANCED_FACE('',(#10739),#10755,.T.);
#10739 = FACE_BOUND('',#10740,.T.);
#10740 = EDGE_LOOP('',(#10741,#10747,#10748,#10754));
#10741 = ORIENTED_EDGE('',*,*,#10742,.F.);
#10742 = EDGE_CURVE('',#9743,#9167,#10743,.T.);
#10743 = LINE('',#10744,#10745);
#10744 = CARTESIAN_POINT('',(-7.62,-6.573509234755E-17,-3.31));
#10745 = VECTOR('',#10746,1.);
#10746 = DIRECTION('',(0.,1.,-8.537024980201E-17));
#10747 = ORIENTED_EDGE('',*,*,#9742,.T.);
#10748 = ORIENTED_EDGE('',*,*,#10749,.T.);
#10749 = EDGE_CURVE('',#9735,#9175,#10750,.T.);
#10750 = LINE('',#10751,#10752);
#10751 = CARTESIAN_POINT('',(-7.62,-6.573509234755E-17,0.77));
#10752 = VECTOR('',#10753,1.);
#10753 = DIRECTION('',(0.,1.,8.537024980201E-17));
#10754 = ORIENTED_EDGE('',*,*,#9174,.T.);
#10755 = PLANE('',#10756);
#10756 = AXIS2_PLACEMENT_3D('',#10757,#10758,#10759);
#10757 = CARTESIAN_POINT('',(-7.62,0.,0.));
#10758 = DIRECTION('',(-1.,0.,0.));
#10759 = DIRECTION('',(0.,0.,1.));
#10760 = ADVANCED_FACE('',(#10761),#10779,.T.);
#10761 = FACE_BOUND('',#10762,.T.);
#10762 = EDGE_LOOP('',(#10763,#10764,#10770,#10771,#10777,#10778));
#10763 = ORIENTED_EDGE('',*,*,#9734,.T.);
#10764 = ORIENTED_EDGE('',*,*,#10765,.T.);
#10765 = EDGE_CURVE('',#9725,#10243,#10766,.T.);
#10766 = LINE('',#10767,#10768);
#10767 = CARTESIAN_POINT('',(-7.54,-14.63104713533,0.93));
#10768 = VECTOR('',#10769,1.);
#10769 = DIRECTION('',(5.378349514229E-16,-1.,9.902996530438E-16));
#10770 = ORIENTED_EDGE('',*,*,#10240,.F.);
#10771 = ORIENTED_EDGE('',*,*,#10772,.T.);
#10772 = EDGE_CURVE('',#10241,#9183,#10773,.T.);
#10773 = LINE('',#10774,#10775);
#10774 = CARTESIAN_POINT('',(-7.37,-14.63104713533,1.27));
#10775 = VECTOR('',#10776,1.);
#10776 = DIRECTION('',(0.,1.,8.537024980201E-17));
#10777 = ORIENTED_EDGE('',*,*,#9182,.F.);
#10778 = ORIENTED_EDGE('',*,*,#10749,.F.);
#10779 = PLANE('',#10780);
#10780 = AXIS2_PLACEMENT_3D('',#10781,#10782,#10783);
#10781 = CARTESIAN_POINT('',(-7.62,-14.63104713533,0.77));
#10782 = DIRECTION('',(-0.894427191,-3.817873636269E-17,0.4472135955));
#10783 = DIRECTION('',(0.4472135955,0.,0.894427191));
#10784 = ADVANCED_FACE('',(#10785),#10808,.T.);
#10785 = FACE_BOUND('',#10786,.T.);
#10786 = EDGE_LOOP('',(#10787,#10788,#10794,#10795,#10801,#10802));
#10787 = ORIENTED_EDGE('',*,*,#10258,.F.);
#10788 = ORIENTED_EDGE('',*,*,#10789,.T.);
#10789 = EDGE_CURVE('',#10251,#9727,#10790,.T.);
#10790 = LINE('',#10791,#10792);
#10791 = CARTESIAN_POINT('',(-5.16,-14.38761156754,0.93));
#10792 = VECTOR('',#10793,1.);
#10793 = DIRECTION('',(5.378349514229E-16,1.,-9.902996530438E-16));
#10794 = ORIENTED_EDGE('',*,*,#10022,.T.);
#10795 = ORIENTED_EDGE('',*,*,#10796,.T.);
#10796 = EDGE_CURVE('',#10015,#9199,#10797,.T.);
#10797 = LINE('',#10798,#10799);
#10798 = CARTESIAN_POINT('',(-5.08,-14.38761156754,0.77));
#10799 = VECTOR('',#10800,1.);
#10800 = DIRECTION('',(0.,1.,8.537024980201E-17));
#10801 = ORIENTED_EDGE('',*,*,#9198,.F.);
#10802 = ORIENTED_EDGE('',*,*,#10803,.F.);
#10803 = EDGE_CURVE('',#10259,#9191,#10804,.T.);
#10804 = LINE('',#10805,#10806);
#10805 = CARTESIAN_POINT('',(-5.33,-1.27,1.27));
#10806 = VECTOR('',#10807,1.);
#10807 = DIRECTION('',(-1.28055374703E-16,1.,3.41480999208E-16));
#10808 = PLANE('',#10809);
#10809 = AXIS2_PLACEMENT_3D('',#10810,#10811,#10812);
#10810 = CARTESIAN_POINT('',(-5.33,-14.38761156754,1.27));
#10811 = DIRECTION('',(0.894427191,-3.817873636269E-17,0.4472135955));
#10812 = DIRECTION('',(0.4472135955,0.,-0.894427191));
#10813 = ADVANCED_FACE('',(#10814),#10832,.T.);
#10814 = FACE_BOUND('',#10815,.T.);
#10815 = EDGE_LOOP('',(#10816,#10817,#10823,#10824,#10830,#10831));
#10816 = ORIENTED_EDGE('',*,*,#10014,.T.);
#10817 = ORIENTED_EDGE('',*,*,#10818,.T.);
#10818 = EDGE_CURVE('',#10007,#10283,#10819,.T.);
#10819 = LINE('',#10820,#10821);
#10820 = CARTESIAN_POINT('',(-5.,-14.38761156754,0.93));
#10821 = VECTOR('',#10822,1.);
#10822 = DIRECTION('',(5.378349514229E-16,-1.,9.902996530438E-16));
#10823 = ORIENTED_EDGE('',*,*,#10280,.F.);
#10824 = ORIENTED_EDGE('',*,*,#10825,.F.);
#10825 = EDGE_CURVE('',#9207,#10281,#10826,.T.);
#10826 = LINE('',#10827,#10828);
#10827 = CARTESIAN_POINT('',(-4.83,-1.27,1.27));
#10828 = VECTOR('',#10829,1.);
#10829 = DIRECTION('',(-1.28055374703E-16,-1.,-3.41480999208E-16));
#10830 = ORIENTED_EDGE('',*,*,#9206,.F.);
#10831 = ORIENTED_EDGE('',*,*,#10796,.F.);
#10832 = PLANE('',#10833);
#10833 = AXIS2_PLACEMENT_3D('',#10834,#10835,#10836);
#10834 = CARTESIAN_POINT('',(-5.08,-14.38761156754,0.77));
#10835 = DIRECTION('',(-0.894427191,-3.817873636269E-17,0.4472135955));
#10836 = DIRECTION('',(0.4472135955,0.,0.894427191));
#10837 = ADVANCED_FACE('',(#10838),#10861,.T.);
#10838 = FACE_BOUND('',#10839,.T.);
#10839 = EDGE_LOOP('',(#10840,#10841,#10847,#10848,#10854,#10855));
#10840 = ORIENTED_EDGE('',*,*,#10298,.F.);
#10841 = ORIENTED_EDGE('',*,*,#10842,.T.);
#10842 = EDGE_CURVE('',#10291,#9999,#10843,.T.);
#10843 = LINE('',#10844,#10845);
#10844 = CARTESIAN_POINT('',(-2.62,-14.38761156754,0.93));
#10845 = VECTOR('',#10846,1.);
#10846 = DIRECTION('',(5.378349514229E-16,1.,-9.902996530438E-16));
#10847 = ORIENTED_EDGE('',*,*,#9998,.T.);
#10848 = ORIENTED_EDGE('',*,*,#10849,.T.);
#10849 = EDGE_CURVE('',#9991,#9223,#10850,.T.);
#10850 = LINE('',#10851,#10852);
#10851 = CARTESIAN_POINT('',(-2.54,-14.38761156754,0.77));
#10852 = VECTOR('',#10853,1.);
#10853 = DIRECTION('',(0.,1.,8.537024980201E-17));
#10854 = ORIENTED_EDGE('',*,*,#9222,.F.);
#10855 = ORIENTED_EDGE('',*,*,#10856,.F.);
#10856 = EDGE_CURVE('',#10299,#9215,#10857,.T.);
#10857 = LINE('',#10858,#10859);
#10858 = CARTESIAN_POINT('',(-2.79,-1.27,1.27));
#10859 = VECTOR('',#10860,1.);
#10860 = DIRECTION('',(-1.28055374703E-16,1.,3.41480999208E-16));
#10861 = PLANE('',#10862);
#10862 = AXIS2_PLACEMENT_3D('',#10863,#10864,#10865);
#10863 = CARTESIAN_POINT('',(-2.79,-14.38761156754,1.27));
#10864 = DIRECTION('',(0.894427191,-3.817873636269E-17,0.4472135955));
#10865 = DIRECTION('',(0.4472135955,0.,-0.894427191));
#10866 = ADVANCED_FACE('',(#10867),#10885,.T.);
#10867 = FACE_BOUND('',#10868,.T.);
#10868 = EDGE_LOOP('',(#10869,#10870,#10876,#10877,#10883,#10884));
#10869 = ORIENTED_EDGE('',*,*,#9990,.T.);
#10870 = ORIENTED_EDGE('',*,*,#10871,.T.);
#10871 = EDGE_CURVE('',#9983,#10323,#10872,.T.);
#10872 = LINE('',#10873,#10874);
#10873 = CARTESIAN_POINT('',(-2.46,-14.38761156754,0.93));
#10874 = VECTOR('',#10875,1.);
#10875 = DIRECTION('',(5.378349514229E-16,-1.,9.902996530438E-16));
#10876 = ORIENTED_EDGE('',*,*,#10320,.F.);
#10877 = ORIENTED_EDGE('',*,*,#10878,.F.);
#10878 = EDGE_CURVE('',#9231,#10321,#10879,.T.);
#10879 = LINE('',#10880,#10881);
#10880 = CARTESIAN_POINT('',(-2.29,-1.27,1.27));
#10881 = VECTOR('',#10882,1.);
#10882 = DIRECTION('',(-1.28055374703E-16,-1.,-3.41480999208E-16));
#10883 = ORIENTED_EDGE('',*,*,#9230,.F.);
#10884 = ORIENTED_EDGE('',*,*,#10849,.F.);
#10885 = PLANE('',#10886);
#10886 = AXIS2_PLACEMENT_3D('',#10887,#10888,#10889);
#10887 = CARTESIAN_POINT('',(-2.54,-14.38761156754,0.77));
#10888 = DIRECTION('',(-0.894427191,-3.817873636269E-17,0.4472135955));
#10889 = DIRECTION('',(0.4472135955,0.,0.894427191));
#10890 = ADVANCED_FACE('',(#10891),#10914,.T.);
#10891 = FACE_BOUND('',#10892,.T.);
#10892 = EDGE_LOOP('',(#10893,#10894,#10900,#10901,#10907,#10908));
#10893 = ORIENTED_EDGE('',*,*,#10338,.F.);
#10894 = ORIENTED_EDGE('',*,*,#10895,.T.);
#10895 = EDGE_CURVE('',#10331,#9975,#10896,.T.);
#10896 = LINE('',#10897,#10898);
#10897 = CARTESIAN_POINT('',(-8.000000000001E-02,-14.38761156754,0.93));
#10898 = VECTOR('',#10899,1.);
#10899 = DIRECTION('',(5.378349514229E-16,1.,-9.902996530438E-16));
#10900 = ORIENTED_EDGE('',*,*,#9974,.T.);
#10901 = ORIENTED_EDGE('',*,*,#10902,.T.);
#10902 = EDGE_CURVE('',#9967,#9247,#10903,.T.);
#10903 = LINE('',#10904,#10905);
#10904 = CARTESIAN_POINT('',(0.,-14.38761156754,0.77));
#10905 = VECTOR('',#10906,1.);
#10906 = DIRECTION('',(0.,1.,8.537024980201E-17));
#10907 = ORIENTED_EDGE('',*,*,#9246,.F.);
#10908 = ORIENTED_EDGE('',*,*,#10909,.F.);
#10909 = EDGE_CURVE('',#10339,#9239,#10910,.T.);
#10910 = LINE('',#10911,#10912);
#10911 = CARTESIAN_POINT('',(-0.25,-1.27,1.27));
#10912 = VECTOR('',#10913,1.);
#10913 = DIRECTION('',(-1.28055374703E-16,1.,3.41480999208E-16));
#10914 = PLANE('',#10915);
#10915 = AXIS2_PLACEMENT_3D('',#10916,#10917,#10918);
#10916 = CARTESIAN_POINT('',(-0.25,-14.38761156754,1.27));
#10917 = DIRECTION('',(0.894427191,-3.817873636269E-17,0.4472135955));
#10918 = DIRECTION('',(0.4472135955,0.,-0.894427191));
#10919 = ADVANCED_FACE('',(#10920),#10938,.T.);
#10920 = FACE_BOUND('',#10921,.T.);
#10921 = EDGE_LOOP('',(#10922,#10923,#10929,#10930,#10936,#10937));
#10922 = ORIENTED_EDGE('',*,*,#9966,.T.);
#10923 = ORIENTED_EDGE('',*,*,#10924,.T.);
#10924 = EDGE_CURVE('',#9959,#10363,#10925,.T.);
#10925 = LINE('',#10926,#10927);
#10926 = CARTESIAN_POINT('',(8.000000000001E-02,-14.38761156754,0.93));
#10927 = VECTOR('',#10928,1.);
#10928 = DIRECTION('',(5.378349514229E-16,-1.,9.902996530438E-16));
#10929 = ORIENTED_EDGE('',*,*,#10360,.F.);
#10930 = ORIENTED_EDGE('',*,*,#10931,.F.);
#10931 = EDGE_CURVE('',#9255,#10361,#10932,.T.);
#10932 = LINE('',#10933,#10934);
#10933 = CARTESIAN_POINT('',(0.25,-1.27,1.27));
#10934 = VECTOR('',#10935,1.);
#10935 = DIRECTION('',(-1.28055374703E-16,-1.,-3.41480999208E-16));
#10936 = ORIENTED_EDGE('',*,*,#9254,.F.);
#10937 = ORIENTED_EDGE('',*,*,#10902,.F.);
#10938 = PLANE('',#10939);
#10939 = AXIS2_PLACEMENT_3D('',#10940,#10941,#10942);
#10940 = CARTESIAN_POINT('',(0.,-14.38761156754,0.77));
#10941 = DIRECTION('',(-0.894427191,-3.817873636269E-17,0.4472135955));
#10942 = DIRECTION('',(0.4472135955,0.,0.894427191));
#10943 = ADVANCED_FACE('',(#10944),#10967,.T.);
#10944 = FACE_BOUND('',#10945,.T.);
#10945 = EDGE_LOOP('',(#10946,#10947,#10953,#10954,#10960,#10961));
#10946 = ORIENTED_EDGE('',*,*,#10378,.F.);
#10947 = ORIENTED_EDGE('',*,*,#10948,.T.);
#10948 = EDGE_CURVE('',#10371,#9951,#10949,.T.);
#10949 = LINE('',#10950,#10951);
#10950 = CARTESIAN_POINT('',(2.46,-14.38761156754,0.93));
#10951 = VECTOR('',#10952,1.);
#10952 = DIRECTION('',(5.378349514229E-16,1.,-9.902996530438E-16));
#10953 = ORIENTED_EDGE('',*,*,#9950,.T.);
#10954 = ORIENTED_EDGE('',*,*,#10955,.T.);
#10955 = EDGE_CURVE('',#9943,#9271,#10956,.T.);
#10956 = LINE('',#10957,#10958);
#10957 = CARTESIAN_POINT('',(2.54,-14.38761156754,0.77));
#10958 = VECTOR('',#10959,1.);
#10959 = DIRECTION('',(0.,1.,8.537024980201E-17));
#10960 = ORIENTED_EDGE('',*,*,#9270,.F.);
#10961 = ORIENTED_EDGE('',*,*,#10962,.F.);
#10962 = EDGE_CURVE('',#10379,#9263,#10963,.T.);
#10963 = LINE('',#10964,#10965);
#10964 = CARTESIAN_POINT('',(2.29,-1.27,1.27));
#10965 = VECTOR('',#10966,1.);
#10966 = DIRECTION('',(-1.28055374703E-16,1.,3.41480999208E-16));
#10967 = PLANE('',#10968);
#10968 = AXIS2_PLACEMENT_3D('',#10969,#10970,#10971);
#10969 = CARTESIAN_POINT('',(2.29,-14.38761156754,1.27));
#10970 = DIRECTION('',(0.894427191,-3.817873636269E-17,0.4472135955));
#10971 = DIRECTION('',(0.4472135955,0.,-0.894427191));
#10972 = ADVANCED_FACE('',(#10973),#10991,.T.);
#10973 = FACE_BOUND('',#10974,.T.);
#10974 = EDGE_LOOP('',(#10975,#10976,#10982,#10983,#10989,#10990));
#10975 = ORIENTED_EDGE('',*,*,#9942,.T.);
#10976 = ORIENTED_EDGE('',*,*,#10977,.T.);
#10977 = EDGE_CURVE('',#9935,#10403,#10978,.T.);
#10978 = LINE('',#10979,#10980);
#10979 = CARTESIAN_POINT('',(2.62,-14.38761156754,0.93));
#10980 = VECTOR('',#10981,1.);
#10981 = DIRECTION('',(5.378349514229E-16,-1.,9.902996530438E-16));
#10982 = ORIENTED_EDGE('',*,*,#10400,.F.);
#10983 = ORIENTED_EDGE('',*,*,#10984,.F.);
#10984 = EDGE_CURVE('',#9279,#10401,#10985,.T.);
#10985 = LINE('',#10986,#10987);
#10986 = CARTESIAN_POINT('',(2.79,-1.27,1.27));
#10987 = VECTOR('',#10988,1.);
#10988 = DIRECTION('',(-1.28055374703E-16,-1.,-3.41480999208E-16));
#10989 = ORIENTED_EDGE('',*,*,#9278,.F.);
#10990 = ORIENTED_EDGE('',*,*,#10955,.F.);
#10991 = PLANE('',#10992);
#10992 = AXIS2_PLACEMENT_3D('',#10993,#10994,#10995);
#10993 = CARTESIAN_POINT('',(2.54,-14.38761156754,0.77));
#10994 = DIRECTION('',(-0.894427191,-3.817873636269E-17,0.4472135955));
#10995 = DIRECTION('',(0.4472135955,0.,0.894427191));
#10996 = ADVANCED_FACE('',(#10997),#11020,.T.);
#10997 = FACE_BOUND('',#10998,.T.);
#10998 = EDGE_LOOP('',(#10999,#11000,#11006,#11007,#11013,#11014));
#10999 = ORIENTED_EDGE('',*,*,#10418,.F.);
#11000 = ORIENTED_EDGE('',*,*,#11001,.T.);
#11001 = EDGE_CURVE('',#10411,#9927,#11002,.T.);
#11002 = LINE('',#11003,#11004);
#11003 = CARTESIAN_POINT('',(5.,-14.38761156754,0.93));
#11004 = VECTOR('',#11005,1.);
#11005 = DIRECTION('',(5.378349514229E-16,1.,-9.902996530438E-16));
#11006 = ORIENTED_EDGE('',*,*,#9926,.T.);
#11007 = ORIENTED_EDGE('',*,*,#11008,.T.);
#11008 = EDGE_CURVE('',#9919,#9295,#11009,.T.);
#11009 = LINE('',#11010,#11011);
#11010 = CARTESIAN_POINT('',(5.08,-14.38761156754,0.77));
#11011 = VECTOR('',#11012,1.);
#11012 = DIRECTION('',(0.,1.,8.537024980201E-17));
#11013 = ORIENTED_EDGE('',*,*,#9294,.F.);
#11014 = ORIENTED_EDGE('',*,*,#11015,.F.);
#11015 = EDGE_CURVE('',#10419,#9287,#11016,.T.);
#11016 = LINE('',#11017,#11018);
#11017 = CARTESIAN_POINT('',(4.83,-1.27,1.27));
#11018 = VECTOR('',#11019,1.);
#11019 = DIRECTION('',(-1.28055374703E-16,1.,3.41480999208E-16));
#11020 = PLANE('',#11021);
#11021 = AXIS2_PLACEMENT_3D('',#11022,#11023,#11024);
#11022 = CARTESIAN_POINT('',(4.83,-14.38761156754,1.27));
#11023 = DIRECTION('',(0.894427191,-3.817873636269E-17,0.4472135955));
#11024 = DIRECTION('',(0.4472135955,0.,-0.894427191));
#11025 = ADVANCED_FACE('',(#11026),#11044,.T.);
#11026 = FACE_BOUND('',#11027,.T.);
#11027 = EDGE_LOOP('',(#11028,#11029,#11035,#11036,#11042,#11043));
#11028 = ORIENTED_EDGE('',*,*,#9918,.T.);
#11029 = ORIENTED_EDGE('',*,*,#11030,.T.);
#11030 = EDGE_CURVE('',#9911,#10443,#11031,.T.);
#11031 = LINE('',#11032,#11033);
#11032 = CARTESIAN_POINT('',(5.16,-14.38761156754,0.93));
#11033 = VECTOR('',#11034,1.);
#11034 = DIRECTION('',(5.378349514229E-16,-1.,9.902996530438E-16));
#11035 = ORIENTED_EDGE('',*,*,#10440,.F.);
#11036 = ORIENTED_EDGE('',*,*,#11037,.F.);
#11037 = EDGE_CURVE('',#9007,#10441,#11038,.T.);
#11038 = LINE('',#11039,#11040);
#11039 = CARTESIAN_POINT('',(5.33,-1.27,1.27));
#11040 = VECTOR('',#11041,1.);
#11041 = DIRECTION('',(-1.28055374703E-16,-1.,-3.41480999208E-16));
#11042 = ORIENTED_EDGE('',*,*,#9302,.F.);
#11043 = ORIENTED_EDGE('',*,*,#11008,.F.);
#11044 = PLANE('',#11045);
#11045 = AXIS2_PLACEMENT_3D('',#11046,#11047,#11048);
#11046 = CARTESIAN_POINT('',(5.08,-14.38761156754,0.77));
#11047 = DIRECTION('',(-0.894427191,-3.817873636269E-17,0.4472135955));
#11048 = DIRECTION('',(0.4472135955,0.,0.894427191));
#11049 = ADVANCED_FACE('',(#11050),#11068,.T.);
#11050 = FACE_BOUND('',#11051,.T.);
#11051 = EDGE_LOOP('',(#11052,#11053,#11059,#11060,#11061,#11062));
#11052 = ORIENTED_EDGE('',*,*,#10458,.F.);
#11053 = ORIENTED_EDGE('',*,*,#11054,.T.);
#11054 = EDGE_CURVE('',#10451,#9903,#11055,.T.);
#11055 = LINE('',#11056,#11057);
#11056 = CARTESIAN_POINT('',(7.54,-14.63104713533,0.93));
#11057 = VECTOR('',#11058,1.);
#11058 = DIRECTION('',(5.378349514229E-16,1.,-9.902996530438E-16));
#11059 = ORIENTED_EDGE('',*,*,#9902,.T.);
#11060 = ORIENTED_EDGE('',*,*,#10728,.T.);
#11061 = ORIENTED_EDGE('',*,*,#9014,.F.);
#11062 = ORIENTED_EDGE('',*,*,#11063,.F.);
#11063 = EDGE_CURVE('',#10459,#9005,#11064,.T.);
#11064 = LINE('',#11065,#11066);
#11065 = CARTESIAN_POINT('',(7.37,-14.63104713533,1.27));
#11066 = VECTOR('',#11067,1.);
#11067 = DIRECTION('',(0.,1.,8.537024980201E-17));
#11068 = PLANE('',#11069);
#11069 = AXIS2_PLACEMENT_3D('',#11070,#11071,#11072);
#11070 = CARTESIAN_POINT('',(7.37,-14.63104713533,1.27));
#11071 = DIRECTION('',(0.894427191,-3.817873636269E-17,0.4472135955));
#11072 = DIRECTION('',(0.4472135955,0.,-0.894427191));
#11073 = ADVANCED_FACE('',(#11074),#11092,.T.);
#11074 = FACE_BOUND('',#11075,.T.);
#11075 = EDGE_LOOP('',(#11076,#11082,#11083,#11084,#11085,#11091));
#11076 = ORIENTED_EDGE('',*,*,#11077,.T.);
#11077 = EDGE_CURVE('',#10691,#9751,#11078,.T.);
#11078 = LINE('',#11079,#11080);
#11079 = CARTESIAN_POINT('',(-7.54,-14.63104713533,-3.47));
#11080 = VECTOR('',#11081,1.);
#11081 = DIRECTION('',(-5.378349514229E-16,1.,9.902996530438E-16));
#11082 = ORIENTED_EDGE('',*,*,#9750,.T.);
#11083 = ORIENTED_EDGE('',*,*,#10742,.T.);
#11084 = ORIENTED_EDGE('',*,*,#9166,.T.);
#11085 = ORIENTED_EDGE('',*,*,#11086,.F.);
#11086 = EDGE_CURVE('',#10699,#9159,#11087,.T.);
#11087 = LINE('',#11088,#11089);
#11088 = CARTESIAN_POINT('',(-7.37,-14.63104713533,-3.81));
#11089 = VECTOR('',#11090,1.);
#11090 = DIRECTION('',(0.,1.,-8.537024980201E-17));
#11091 = ORIENTED_EDGE('',*,*,#10698,.T.);
#11092 = PLANE('',#11093);
#11093 = AXIS2_PLACEMENT_3D('',#11094,#11095,#11096);
#11094 = CARTESIAN_POINT('',(-7.62,-14.63104713533,-3.31));
#11095 = DIRECTION('',(-0.894427191,-3.817873636269E-17,-0.4472135955));
#11096 = DIRECTION('',(0.4472135955,0.,-0.894427191));
#11097 = ADVANCED_FACE('',(#11098),#11121,.T.);
#11098 = FACE_BOUND('',#11099,.T.);
#11099 = EDGE_LOOP('',(#11100,#11106,#11107,#11113,#11114,#11120));
#11100 = ORIENTED_EDGE('',*,*,#11101,.F.);
#11101 = EDGE_CURVE('',#9767,#9143,#11102,.T.);
#11102 = LINE('',#11103,#11104);
#11103 = CARTESIAN_POINT('',(-5.08,-14.38761156754,-3.31));
#11104 = VECTOR('',#11105,1.);
#11105 = DIRECTION('',(0.,1.,-8.537024980201E-17));
#11106 = ORIENTED_EDGE('',*,*,#9766,.T.);
#11107 = ORIENTED_EDGE('',*,*,#11108,.T.);
#11108 = EDGE_CURVE('',#9759,#10681,#11109,.T.);
#11109 = LINE('',#11110,#11111);
#11110 = CARTESIAN_POINT('',(-5.16,-14.38761156754,-3.47));
#11111 = VECTOR('',#11112,1.);
#11112 = DIRECTION('',(-5.378349514229E-16,-1.,-9.902996530438E-16));
#11113 = ORIENTED_EDGE('',*,*,#10680,.T.);
#11114 = ORIENTED_EDGE('',*,*,#11115,.T.);
#11115 = EDGE_CURVE('',#10683,#9151,#11116,.T.);
#11116 = LINE('',#11117,#11118);
#11117 = CARTESIAN_POINT('',(-5.33,-1.27,-3.81));
#11118 = VECTOR('',#11119,1.);
#11119 = DIRECTION('',(-1.28055374703E-16,1.,-3.41480999208E-16));
#11120 = ORIENTED_EDGE('',*,*,#9150,.T.);
#11121 = PLANE('',#11122);
#11122 = AXIS2_PLACEMENT_3D('',#11123,#11124,#11125);
#11123 = CARTESIAN_POINT('',(-5.33,-14.38761156754,-3.81));
#11124 = DIRECTION('',(0.894427191,-3.817873636269E-17,-0.4472135955));
#11125 = DIRECTION('',(0.4472135955,0.,0.894427191));
#11126 = ADVANCED_FACE('',(#11127),#11145,.T.);
#11127 = FACE_BOUND('',#11128,.T.);
#11128 = EDGE_LOOP('',(#11129,#11135,#11136,#11137,#11138,#11144));
#11129 = ORIENTED_EDGE('',*,*,#11130,.T.);
#11130 = EDGE_CURVE('',#10651,#9775,#11131,.T.);
#11131 = LINE('',#11132,#11133);
#11132 = CARTESIAN_POINT('',(-5.,-14.38761156754,-3.47));
#11133 = VECTOR('',#11134,1.);
#11134 = DIRECTION('',(-5.378349514229E-16,1.,9.902996530438E-16));
#11135 = ORIENTED_EDGE('',*,*,#9774,.T.);
#11136 = ORIENTED_EDGE('',*,*,#11101,.T.);
#11137 = ORIENTED_EDGE('',*,*,#9142,.T.);
#11138 = ORIENTED_EDGE('',*,*,#11139,.T.);
#11139 = EDGE_CURVE('',#9135,#10659,#11140,.T.);
#11140 = LINE('',#11141,#11142);
#11141 = CARTESIAN_POINT('',(-4.83,-1.27,-3.81));
#11142 = VECTOR('',#11143,1.);
#11143 = DIRECTION('',(-1.28055374703E-16,-1.,3.41480999208E-16));
#11144 = ORIENTED_EDGE('',*,*,#10658,.T.);
#11145 = PLANE('',#11146);
#11146 = AXIS2_PLACEMENT_3D('',#11147,#11148,#11149);
#11147 = CARTESIAN_POINT('',(-5.08,-14.38761156754,-3.31));
#11148 = DIRECTION('',(-0.894427191,-3.817873636269E-17,-0.4472135955));
#11149 = DIRECTION('',(0.4472135955,0.,-0.894427191));
#11150 = ADVANCED_FACE('',(#11151),#11174,.T.);
#11151 = FACE_BOUND('',#11152,.T.);
#11152 = EDGE_LOOP('',(#11153,#11159,#11160,#11166,#11167,#11173));
#11153 = ORIENTED_EDGE('',*,*,#11154,.F.);
#11154 = EDGE_CURVE('',#9791,#9119,#11155,.T.);
#11155 = LINE('',#11156,#11157);
#11156 = CARTESIAN_POINT('',(-2.54,-14.38761156754,-3.31));
#11157 = VECTOR('',#11158,1.);
#11158 = DIRECTION('',(0.,1.,-8.537024980201E-17));
#11159 = ORIENTED_EDGE('',*,*,#9790,.T.);
#11160 = ORIENTED_EDGE('',*,*,#11161,.T.);
#11161 = EDGE_CURVE('',#9783,#10641,#11162,.T.);
#11162 = LINE('',#11163,#11164);
#11163 = CARTESIAN_POINT('',(-2.62,-14.38761156754,-3.47));
#11164 = VECTOR('',#11165,1.);
#11165 = DIRECTION('',(-5.378349514229E-16,-1.,-9.902996530438E-16));
#11166 = ORIENTED_EDGE('',*,*,#10640,.T.);
#11167 = ORIENTED_EDGE('',*,*,#11168,.T.);
#11168 = EDGE_CURVE('',#10643,#9127,#11169,.T.);
#11169 = LINE('',#11170,#11171);
#11170 = CARTESIAN_POINT('',(-2.79,-1.27,-3.81));
#11171 = VECTOR('',#11172,1.);
#11172 = DIRECTION('',(-1.28055374703E-16,1.,-3.41480999208E-16));
#11173 = ORIENTED_EDGE('',*,*,#9126,.T.);
#11174 = PLANE('',#11175);
#11175 = AXIS2_PLACEMENT_3D('',#11176,#11177,#11178);
#11176 = CARTESIAN_POINT('',(-2.79,-14.38761156754,-3.81));
#11177 = DIRECTION('',(0.894427191,-3.817873636269E-17,-0.4472135955));
#11178 = DIRECTION('',(0.4472135955,0.,0.894427191));
#11179 = ADVANCED_FACE('',(#11180),#11198,.T.);
#11180 = FACE_BOUND('',#11181,.T.);
#11181 = EDGE_LOOP('',(#11182,#11188,#11189,#11190,#11191,#11197));
#11182 = ORIENTED_EDGE('',*,*,#11183,.T.);
#11183 = EDGE_CURVE('',#10611,#9799,#11184,.T.);
#11184 = LINE('',#11185,#11186);
#11185 = CARTESIAN_POINT('',(-2.46,-14.38761156754,-3.47));
#11186 = VECTOR('',#11187,1.);
#11187 = DIRECTION('',(-5.378349514229E-16,1.,9.902996530438E-16));
#11188 = ORIENTED_EDGE('',*,*,#9798,.T.);
#11189 = ORIENTED_EDGE('',*,*,#11154,.T.);
#11190 = ORIENTED_EDGE('',*,*,#9118,.T.);
#11191 = ORIENTED_EDGE('',*,*,#11192,.T.);
#11192 = EDGE_CURVE('',#9111,#10619,#11193,.T.);
#11193 = LINE('',#11194,#11195);
#11194 = CARTESIAN_POINT('',(-2.29,-1.27,-3.81));
#11195 = VECTOR('',#11196,1.);
#11196 = DIRECTION('',(-1.28055374703E-16,-1.,3.41480999208E-16));
#11197 = ORIENTED_EDGE('',*,*,#10618,.T.);
#11198 = PLANE('',#11199);
#11199 = AXIS2_PLACEMENT_3D('',#11200,#11201,#11202);
#11200 = CARTESIAN_POINT('',(-2.54,-14.38761156754,-3.31));
#11201 = DIRECTION('',(-0.894427191,-3.817873636269E-17,-0.4472135955));
#11202 = DIRECTION('',(0.4472135955,0.,-0.894427191));
#11203 = ADVANCED_FACE('',(#11204),#11227,.T.);
#11204 = FACE_BOUND('',#11205,.T.);
#11205 = EDGE_LOOP('',(#11206,#11212,#11213,#11219,#11220,#11226));
#11206 = ORIENTED_EDGE('',*,*,#11207,.F.);
#11207 = EDGE_CURVE('',#9815,#9095,#11208,.T.);
#11208 = LINE('',#11209,#11210);
#11209 = CARTESIAN_POINT('',(0.,-14.38761156754,-3.31));
#11210 = VECTOR('',#11211,1.);
#11211 = DIRECTION('',(0.,1.,-8.537024980201E-17));
#11212 = ORIENTED_EDGE('',*,*,#9814,.T.);
#11213 = ORIENTED_EDGE('',*,*,#11214,.T.);
#11214 = EDGE_CURVE('',#9807,#10601,#11215,.T.);
#11215 = LINE('',#11216,#11217);
#11216 = CARTESIAN_POINT('',(-8.000000000001E-02,-14.38761156754,-3.47)
  );
#11217 = VECTOR('',#11218,1.);
#11218 = DIRECTION('',(-5.378349514229E-16,-1.,-9.902996530438E-16));
#11219 = ORIENTED_EDGE('',*,*,#10600,.T.);
#11220 = ORIENTED_EDGE('',*,*,#11221,.T.);
#11221 = EDGE_CURVE('',#10603,#9103,#11222,.T.);
#11222 = LINE('',#11223,#11224);
#11223 = CARTESIAN_POINT('',(-0.25,-1.27,-3.81));
#11224 = VECTOR('',#11225,1.);
#11225 = DIRECTION('',(-1.28055374703E-16,1.,-3.41480999208E-16));
#11226 = ORIENTED_EDGE('',*,*,#9102,.T.);
#11227 = PLANE('',#11228);
#11228 = AXIS2_PLACEMENT_3D('',#11229,#11230,#11231);
#11229 = CARTESIAN_POINT('',(-0.25,-14.38761156754,-3.81));
#11230 = DIRECTION('',(0.894427191,-3.817873636269E-17,-0.4472135955));
#11231 = DIRECTION('',(0.4472135955,0.,0.894427191));
#11232 = ADVANCED_FACE('',(#11233),#11251,.T.);
#11233 = FACE_BOUND('',#11234,.T.);
#11234 = EDGE_LOOP('',(#11235,#11241,#11242,#11243,#11244,#11250));
#11235 = ORIENTED_EDGE('',*,*,#11236,.T.);
#11236 = EDGE_CURVE('',#10571,#9823,#11237,.T.);
#11237 = LINE('',#11238,#11239);
#11238 = CARTESIAN_POINT('',(8.000000000001E-02,-14.38761156754,-3.47));
#11239 = VECTOR('',#11240,1.);
#11240 = DIRECTION('',(-5.378349514229E-16,1.,9.902996530438E-16));
#11241 = ORIENTED_EDGE('',*,*,#9822,.T.);
#11242 = ORIENTED_EDGE('',*,*,#11207,.T.);
#11243 = ORIENTED_EDGE('',*,*,#9094,.T.);
#11244 = ORIENTED_EDGE('',*,*,#11245,.T.);
#11245 = EDGE_CURVE('',#9087,#10579,#11246,.T.);
#11246 = LINE('',#11247,#11248);
#11247 = CARTESIAN_POINT('',(0.25,-1.27,-3.81));
#11248 = VECTOR('',#11249,1.);
#11249 = DIRECTION('',(-1.28055374703E-16,-1.,3.41480999208E-16));
#11250 = ORIENTED_EDGE('',*,*,#10578,.T.);
#11251 = PLANE('',#11252);
#11252 = AXIS2_PLACEMENT_3D('',#11253,#11254,#11255);
#11253 = CARTESIAN_POINT('',(0.,-14.38761156754,-3.31));
#11254 = DIRECTION('',(-0.894427191,-3.817873636269E-17,-0.4472135955));
#11255 = DIRECTION('',(0.4472135955,0.,-0.894427191));
#11256 = ADVANCED_FACE('',(#11257),#11280,.T.);
#11257 = FACE_BOUND('',#11258,.T.);
#11258 = EDGE_LOOP('',(#11259,#11265,#11266,#11272,#11273,#11279));
#11259 = ORIENTED_EDGE('',*,*,#11260,.F.);
#11260 = EDGE_CURVE('',#9839,#9071,#11261,.T.);
#11261 = LINE('',#11262,#11263);
#11262 = CARTESIAN_POINT('',(2.54,-14.38761156754,-3.31));
#11263 = VECTOR('',#11264,1.);
#11264 = DIRECTION('',(0.,1.,-8.537024980201E-17));
#11265 = ORIENTED_EDGE('',*,*,#9838,.T.);
#11266 = ORIENTED_EDGE('',*,*,#11267,.T.);
#11267 = EDGE_CURVE('',#9831,#10561,#11268,.T.);
#11268 = LINE('',#11269,#11270);
#11269 = CARTESIAN_POINT('',(2.46,-14.38761156754,-3.47));
#11270 = VECTOR('',#11271,1.);
#11271 = DIRECTION('',(-5.378349514229E-16,-1.,-9.902996530438E-16));
#11272 = ORIENTED_EDGE('',*,*,#10560,.T.);
#11273 = ORIENTED_EDGE('',*,*,#11274,.T.);
#11274 = EDGE_CURVE('',#10563,#9079,#11275,.T.);
#11275 = LINE('',#11276,#11277);
#11276 = CARTESIAN_POINT('',(2.29,-1.27,-3.81));
#11277 = VECTOR('',#11278,1.);
#11278 = DIRECTION('',(-1.28055374703E-16,1.,-3.41480999208E-16));
#11279 = ORIENTED_EDGE('',*,*,#9078,.T.);
#11280 = PLANE('',#11281);
#11281 = AXIS2_PLACEMENT_3D('',#11282,#11283,#11284);
#11282 = CARTESIAN_POINT('',(2.29,-14.38761156754,-3.81));
#11283 = DIRECTION('',(0.894427191,-3.817873636269E-17,-0.4472135955));
#11284 = DIRECTION('',(0.4472135955,0.,0.894427191));
#11285 = ADVANCED_FACE('',(#11286),#11304,.T.);
#11286 = FACE_BOUND('',#11287,.T.);
#11287 = EDGE_LOOP('',(#11288,#11294,#11295,#11296,#11297,#11303));
#11288 = ORIENTED_EDGE('',*,*,#11289,.T.);
#11289 = EDGE_CURVE('',#10531,#9847,#11290,.T.);
#11290 = LINE('',#11291,#11292);
#11291 = CARTESIAN_POINT('',(2.62,-14.38761156754,-3.47));
#11292 = VECTOR('',#11293,1.);
#11293 = DIRECTION('',(-5.378349514229E-16,1.,9.902996530438E-16));
#11294 = ORIENTED_EDGE('',*,*,#9846,.T.);
#11295 = ORIENTED_EDGE('',*,*,#11260,.T.);
#11296 = ORIENTED_EDGE('',*,*,#9070,.T.);
#11297 = ORIENTED_EDGE('',*,*,#11298,.T.);
#11298 = EDGE_CURVE('',#9063,#10539,#11299,.T.);
#11299 = LINE('',#11300,#11301);
#11300 = CARTESIAN_POINT('',(2.79,-1.27,-3.81));
#11301 = VECTOR('',#11302,1.);
#11302 = DIRECTION('',(-1.28055374703E-16,-1.,3.41480999208E-16));
#11303 = ORIENTED_EDGE('',*,*,#10538,.T.);
#11304 = PLANE('',#11305);
#11305 = AXIS2_PLACEMENT_3D('',#11306,#11307,#11308);
#11306 = CARTESIAN_POINT('',(2.54,-14.38761156754,-3.31));
#11307 = DIRECTION('',(-0.894427191,-3.817873636269E-17,-0.4472135955));
#11308 = DIRECTION('',(0.4472135955,0.,-0.894427191));
#11309 = ADVANCED_FACE('',(#11310),#11333,.T.);
#11310 = FACE_BOUND('',#11311,.T.);
#11311 = EDGE_LOOP('',(#11312,#11318,#11319,#11325,#11326,#11332));
#11312 = ORIENTED_EDGE('',*,*,#11313,.F.);
#11313 = EDGE_CURVE('',#9863,#9047,#11314,.T.);
#11314 = LINE('',#11315,#11316);
#11315 = CARTESIAN_POINT('',(5.08,-14.38761156754,-3.31));
#11316 = VECTOR('',#11317,1.);
#11317 = DIRECTION('',(0.,1.,-8.537024980201E-17));
#11318 = ORIENTED_EDGE('',*,*,#9862,.T.);
#11319 = ORIENTED_EDGE('',*,*,#11320,.T.);
#11320 = EDGE_CURVE('',#9855,#10521,#11321,.T.);
#11321 = LINE('',#11322,#11323);
#11322 = CARTESIAN_POINT('',(5.,-14.38761156754,-3.47));
#11323 = VECTOR('',#11324,1.);
#11324 = DIRECTION('',(-5.378349514229E-16,-1.,-9.902996530438E-16));
#11325 = ORIENTED_EDGE('',*,*,#10520,.T.);
#11326 = ORIENTED_EDGE('',*,*,#11327,.T.);
#11327 = EDGE_CURVE('',#10523,#9055,#11328,.T.);
#11328 = LINE('',#11329,#11330);
#11329 = CARTESIAN_POINT('',(4.83,-1.27,-3.81));
#11330 = VECTOR('',#11331,1.);
#11331 = DIRECTION('',(-1.28055374703E-16,1.,-3.41480999208E-16));
#11332 = ORIENTED_EDGE('',*,*,#9054,.T.);
#11333 = PLANE('',#11334);
#11334 = AXIS2_PLACEMENT_3D('',#11335,#11336,#11337);
#11335 = CARTESIAN_POINT('',(4.83,-14.38761156754,-3.81));
#11336 = DIRECTION('',(0.894427191,-3.817873636269E-17,-0.4472135955));
#11337 = DIRECTION('',(0.4472135955,0.,0.894427191));
#11338 = ADVANCED_FACE('',(#11339),#11357,.T.);
#11339 = FACE_BOUND('',#11340,.T.);
#11340 = EDGE_LOOP('',(#11341,#11347,#11348,#11349,#11350,#11356));
#11341 = ORIENTED_EDGE('',*,*,#11342,.T.);
#11342 = EDGE_CURVE('',#10491,#9871,#11343,.T.);
#11343 = LINE('',#11344,#11345);
#11344 = CARTESIAN_POINT('',(5.16,-14.38761156754,-3.47));
#11345 = VECTOR('',#11346,1.);
#11346 = DIRECTION('',(-5.378349514229E-16,1.,9.902996530438E-16));
#11347 = ORIENTED_EDGE('',*,*,#9870,.T.);
#11348 = ORIENTED_EDGE('',*,*,#11313,.T.);
#11349 = ORIENTED_EDGE('',*,*,#9046,.T.);
#11350 = ORIENTED_EDGE('',*,*,#11351,.T.);
#11351 = EDGE_CURVE('',#9039,#10499,#11352,.T.);
#11352 = LINE('',#11353,#11354);
#11353 = CARTESIAN_POINT('',(5.33,-1.27,-3.81));
#11354 = VECTOR('',#11355,1.);
#11355 = DIRECTION('',(-1.28055374703E-16,-1.,3.41480999208E-16));
#11356 = ORIENTED_EDGE('',*,*,#10498,.T.);
#11357 = PLANE('',#11358);
#11358 = AXIS2_PLACEMENT_3D('',#11359,#11360,#11361);
#11359 = CARTESIAN_POINT('',(5.08,-14.38761156754,-3.31));
#11360 = DIRECTION('',(-0.894427191,-3.817873636269E-17,-0.4472135955));
#11361 = DIRECTION('',(0.4472135955,0.,-0.894427191));
#11362 = ADVANCED_FACE('',(#11363),#11381,.T.);
#11363 = FACE_BOUND('',#11364,.T.);
#11364 = EDGE_LOOP('',(#11365,#11366,#11367,#11373,#11374,#11380));
#11365 = ORIENTED_EDGE('',*,*,#10721,.F.);
#11366 = ORIENTED_EDGE('',*,*,#9886,.T.);
#11367 = ORIENTED_EDGE('',*,*,#11368,.T.);
#11368 = EDGE_CURVE('',#9879,#10481,#11369,.T.);
#11369 = LINE('',#11370,#11371);
#11370 = CARTESIAN_POINT('',(7.54,-14.63104713533,-3.47));
#11371 = VECTOR('',#11372,1.);
#11372 = DIRECTION('',(-5.378349514229E-16,-1.,-9.902996530438E-16));
#11373 = ORIENTED_EDGE('',*,*,#10480,.T.);
#11374 = ORIENTED_EDGE('',*,*,#11375,.T.);
#11375 = EDGE_CURVE('',#10483,#9031,#11376,.T.);
#11376 = LINE('',#11377,#11378);
#11377 = CARTESIAN_POINT('',(7.37,-14.63104713533,-3.81));
#11378 = VECTOR('',#11379,1.);
#11379 = DIRECTION('',(0.,1.,-8.537024980201E-17));
#11380 = ORIENTED_EDGE('',*,*,#9030,.T.);
#11381 = PLANE('',#11382);
#11382 = AXIS2_PLACEMENT_3D('',#11383,#11384,#11385);
#11383 = CARTESIAN_POINT('',(7.37,-14.63104713533,-3.81));
#11384 = DIRECTION('',(0.894427191,-3.817873636269E-17,-0.4472135955));
#11385 = DIRECTION('',(0.4472135955,0.,0.894427191));
#11386 = ADVANCED_FACE('',(#11387),#11393,.T.);
#11387 = FACE_BOUND('',#11388,.T.);
#11388 = EDGE_LOOP('',(#11389,#11390,#11391,#11392));
#11389 = ORIENTED_EDGE('',*,*,#10466,.F.);
#11390 = ORIENTED_EDGE('',*,*,#11063,.T.);
#11391 = ORIENTED_EDGE('',*,*,#9004,.T.);
#11392 = ORIENTED_EDGE('',*,*,#11037,.T.);
#11393 = PLANE('',#11394);
#11394 = AXIS2_PLACEMENT_3D('',#11395,#11396,#11397);
#11395 = CARTESIAN_POINT('',(7.62,-1.27,1.27));
#11396 = DIRECTION('',(0.,-3.41480999208E-16,1.));
#11397 = DIRECTION('',(0.,-1.,-3.41480999208E-16));
#11398 = ADVANCED_FACE('',(#11399),#11405,.T.);
#11399 = FACE_BOUND('',#11400,.T.);
#11400 = EDGE_LOOP('',(#11401,#11402,#11403,#11404));
#11401 = ORIENTED_EDGE('',*,*,#10426,.F.);
#11402 = ORIENTED_EDGE('',*,*,#11015,.T.);
#11403 = ORIENTED_EDGE('',*,*,#9286,.T.);
#11404 = ORIENTED_EDGE('',*,*,#10984,.T.);
#11405 = PLANE('',#11406);
#11406 = AXIS2_PLACEMENT_3D('',#11407,#11408,#11409);
#11407 = CARTESIAN_POINT('',(7.62,-1.27,1.27));
#11408 = DIRECTION('',(0.,-3.41480999208E-16,1.));
#11409 = DIRECTION('',(0.,-1.,-3.41480999208E-16));
#11410 = ADVANCED_FACE('',(#11411),#11417,.T.);
#11411 = FACE_BOUND('',#11412,.T.);
#11412 = EDGE_LOOP('',(#11413,#11414,#11415,#11416));
#11413 = ORIENTED_EDGE('',*,*,#10386,.F.);
#11414 = ORIENTED_EDGE('',*,*,#10962,.T.);
#11415 = ORIENTED_EDGE('',*,*,#9262,.T.);
#11416 = ORIENTED_EDGE('',*,*,#10931,.T.);
#11417 = PLANE('',#11418);
#11418 = AXIS2_PLACEMENT_3D('',#11419,#11420,#11421);
#11419 = CARTESIAN_POINT('',(7.62,-1.27,1.27));
#11420 = DIRECTION('',(0.,-3.41480999208E-16,1.));
#11421 = DIRECTION('',(0.,-1.,-3.41480999208E-16));
#11422 = ADVANCED_FACE('',(#11423),#11429,.T.);
#11423 = FACE_BOUND('',#11424,.T.);
#11424 = EDGE_LOOP('',(#11425,#11426,#11427,#11428));
#11425 = ORIENTED_EDGE('',*,*,#10346,.F.);
#11426 = ORIENTED_EDGE('',*,*,#10909,.T.);
#11427 = ORIENTED_EDGE('',*,*,#9238,.T.);
#11428 = ORIENTED_EDGE('',*,*,#10878,.T.);
#11429 = PLANE('',#11430);
#11430 = AXIS2_PLACEMENT_3D('',#11431,#11432,#11433);
#11431 = CARTESIAN_POINT('',(7.62,-1.27,1.27));
#11432 = DIRECTION('',(0.,-3.41480999208E-16,1.));
#11433 = DIRECTION('',(0.,-1.,-3.41480999208E-16));
#11434 = ADVANCED_FACE('',(#11435),#11441,.T.);
#11435 = FACE_BOUND('',#11436,.T.);
#11436 = EDGE_LOOP('',(#11437,#11438,#11439,#11440));
#11437 = ORIENTED_EDGE('',*,*,#10306,.F.);
#11438 = ORIENTED_EDGE('',*,*,#10856,.T.);
#11439 = ORIENTED_EDGE('',*,*,#9214,.T.);
#11440 = ORIENTED_EDGE('',*,*,#10825,.T.);
#11441 = PLANE('',#11442);
#11442 = AXIS2_PLACEMENT_3D('',#11443,#11444,#11445);
#11443 = CARTESIAN_POINT('',(7.62,-1.27,1.27));
#11444 = DIRECTION('',(0.,-3.41480999208E-16,1.));
#11445 = DIRECTION('',(0.,-1.,-3.41480999208E-16));
#11446 = ADVANCED_FACE('',(#11447),#11453,.T.);
#11447 = FACE_BOUND('',#11448,.T.);
#11448 = EDGE_LOOP('',(#11449,#11450,#11451,#11452));
#11449 = ORIENTED_EDGE('',*,*,#10266,.F.);
#11450 = ORIENTED_EDGE('',*,*,#10803,.T.);
#11451 = ORIENTED_EDGE('',*,*,#9190,.T.);
#11452 = ORIENTED_EDGE('',*,*,#10772,.F.);
#11453 = PLANE('',#11454);
#11454 = AXIS2_PLACEMENT_3D('',#11455,#11456,#11457);
#11455 = CARTESIAN_POINT('',(7.62,-1.27,1.27));
#11456 = DIRECTION('',(0.,-3.41480999208E-16,1.));
#11457 = DIRECTION('',(0.,-1.,-3.41480999208E-16));
#11458 = ADVANCED_FACE('',(#11459),#11465,.T.);
#11459 = FACE_BOUND('',#11460,.T.);
#11460 = EDGE_LOOP('',(#11461,#11462,#11463,#11464));
#11461 = ORIENTED_EDGE('',*,*,#10506,.T.);
#11462 = ORIENTED_EDGE('',*,*,#11351,.F.);
#11463 = ORIENTED_EDGE('',*,*,#9038,.F.);
#11464 = ORIENTED_EDGE('',*,*,#11375,.F.);
#11465 = PLANE('',#11466);
#11466 = AXIS2_PLACEMENT_3D('',#11467,#11468,#11469);
#11467 = CARTESIAN_POINT('',(7.62,-1.27,-3.81));
#11468 = DIRECTION('',(0.,-3.41480999208E-16,-1.));
#11469 = DIRECTION('',(0.,-1.,3.41480999208E-16));
#11470 = ADVANCED_FACE('',(#11471),#11477,.T.);
#11471 = FACE_BOUND('',#11472,.T.);
#11472 = EDGE_LOOP('',(#11473,#11474,#11475,#11476));
#11473 = ORIENTED_EDGE('',*,*,#10546,.T.);
#11474 = ORIENTED_EDGE('',*,*,#11298,.F.);
#11475 = ORIENTED_EDGE('',*,*,#9062,.F.);
#11476 = ORIENTED_EDGE('',*,*,#11327,.F.);
#11477 = PLANE('',#11478);
#11478 = AXIS2_PLACEMENT_3D('',#11479,#11480,#11481);
#11479 = CARTESIAN_POINT('',(7.62,-1.27,-3.81));
#11480 = DIRECTION('',(0.,-3.41480999208E-16,-1.));
#11481 = DIRECTION('',(0.,-1.,3.41480999208E-16));
#11482 = ADVANCED_FACE('',(#11483),#11489,.T.);
#11483 = FACE_BOUND('',#11484,.T.);
#11484 = EDGE_LOOP('',(#11485,#11486,#11487,#11488));
#11485 = ORIENTED_EDGE('',*,*,#10586,.T.);
#11486 = ORIENTED_EDGE('',*,*,#11245,.F.);
#11487 = ORIENTED_EDGE('',*,*,#9086,.F.);
#11488 = ORIENTED_EDGE('',*,*,#11274,.F.);
#11489 = PLANE('',#11490);
#11490 = AXIS2_PLACEMENT_3D('',#11491,#11492,#11493);
#11491 = CARTESIAN_POINT('',(7.62,-1.27,-3.81));
#11492 = DIRECTION('',(0.,-3.41480999208E-16,-1.));
#11493 = DIRECTION('',(0.,-1.,3.41480999208E-16));
#11494 = ADVANCED_FACE('',(#11495),#11501,.T.);
#11495 = FACE_BOUND('',#11496,.T.);
#11496 = EDGE_LOOP('',(#11497,#11498,#11499,#11500));
#11497 = ORIENTED_EDGE('',*,*,#10626,.T.);
#11498 = ORIENTED_EDGE('',*,*,#11192,.F.);
#11499 = ORIENTED_EDGE('',*,*,#9110,.F.);
#11500 = ORIENTED_EDGE('',*,*,#11221,.F.);
#11501 = PLANE('',#11502);
#11502 = AXIS2_PLACEMENT_3D('',#11503,#11504,#11505);
#11503 = CARTESIAN_POINT('',(7.62,-1.27,-3.81));
#11504 = DIRECTION('',(0.,-3.41480999208E-16,-1.));
#11505 = DIRECTION('',(0.,-1.,3.41480999208E-16));
#11506 = ADVANCED_FACE('',(#11507),#11513,.T.);
#11507 = FACE_BOUND('',#11508,.T.);
#11508 = EDGE_LOOP('',(#11509,#11510,#11511,#11512));
#11509 = ORIENTED_EDGE('',*,*,#10666,.T.);
#11510 = ORIENTED_EDGE('',*,*,#11139,.F.);
#11511 = ORIENTED_EDGE('',*,*,#9134,.F.);
#11512 = ORIENTED_EDGE('',*,*,#11168,.F.);
#11513 = PLANE('',#11514);
#11514 = AXIS2_PLACEMENT_3D('',#11515,#11516,#11517);
#11515 = CARTESIAN_POINT('',(7.62,-1.27,-3.81));
#11516 = DIRECTION('',(0.,-3.41480999208E-16,-1.));
#11517 = DIRECTION('',(0.,-1.,3.41480999208E-16));
#11518 = ADVANCED_FACE('',(#11519),#11525,.T.);
#11519 = FACE_BOUND('',#11520,.T.);
#11520 = EDGE_LOOP('',(#11521,#11522,#11523,#11524));
#11521 = ORIENTED_EDGE('',*,*,#10706,.T.);
#11522 = ORIENTED_EDGE('',*,*,#11086,.T.);
#11523 = ORIENTED_EDGE('',*,*,#9158,.F.);
#11524 = ORIENTED_EDGE('',*,*,#11115,.F.);
#11525 = PLANE('',#11526);
#11526 = AXIS2_PLACEMENT_3D('',#11527,#11528,#11529);
#11527 = CARTESIAN_POINT('',(7.62,-1.27,-3.81));
#11528 = DIRECTION('',(0.,-3.41480999208E-16,-1.));
#11529 = DIRECTION('',(0.,-1.,3.41480999208E-16));
#11530 = ADVANCED_FACE('',(#11531),#11537,.T.);
#11531 = FACE_BOUND('',#11532,.T.);
#11532 = EDGE_LOOP('',(#11533,#11534,#11535,#11536));
#11533 = ORIENTED_EDGE('',*,*,#9724,.T.);
#11534 = ORIENTED_EDGE('',*,*,#10789,.F.);
#11535 = ORIENTED_EDGE('',*,*,#10250,.F.);
#11536 = ORIENTED_EDGE('',*,*,#10765,.F.);
#11537 = PLANE('',#11538);
#11538 = AXIS2_PLACEMENT_3D('',#11539,#11540,#11541);
#11539 = CARTESIAN_POINT('',(-8.643935563079,-1.27,0.93));
#11540 = DIRECTION('',(0.,-9.902996530438E-16,-1.));
#11541 = DIRECTION('',(0.,1.,-9.902996530438E-16));
#11542 = ADVANCED_FACE('',(#11543),#11549,.T.);
#11543 = FACE_BOUND('',#11544,.T.);
#11544 = EDGE_LOOP('',(#11545,#11546,#11547,#11548));
#11545 = ORIENTED_EDGE('',*,*,#10006,.T.);
#11546 = ORIENTED_EDGE('',*,*,#10842,.F.);
#11547 = ORIENTED_EDGE('',*,*,#10290,.F.);
#11548 = ORIENTED_EDGE('',*,*,#10818,.F.);
#11549 = PLANE('',#11550);
#11550 = AXIS2_PLACEMENT_3D('',#11551,#11552,#11553);
#11551 = CARTESIAN_POINT('',(-8.643935563079,-1.27,0.93));
#11552 = DIRECTION('',(0.,-9.902996530438E-16,-1.));
#11553 = DIRECTION('',(0.,1.,-9.902996530438E-16));
#11554 = ADVANCED_FACE('',(#11555),#11561,.T.);
#11555 = FACE_BOUND('',#11556,.T.);
#11556 = EDGE_LOOP('',(#11557,#11558,#11559,#11560));
#11557 = ORIENTED_EDGE('',*,*,#9982,.T.);
#11558 = ORIENTED_EDGE('',*,*,#10895,.F.);
#11559 = ORIENTED_EDGE('',*,*,#10330,.F.);
#11560 = ORIENTED_EDGE('',*,*,#10871,.F.);
#11561 = PLANE('',#11562);
#11562 = AXIS2_PLACEMENT_3D('',#11563,#11564,#11565);
#11563 = CARTESIAN_POINT('',(-8.643935563079,-1.27,0.93));
#11564 = DIRECTION('',(0.,-9.902996530438E-16,-1.));
#11565 = DIRECTION('',(0.,1.,-9.902996530438E-16));
#11566 = ADVANCED_FACE('',(#11567),#11573,.T.);
#11567 = FACE_BOUND('',#11568,.T.);
#11568 = EDGE_LOOP('',(#11569,#11570,#11571,#11572));
#11569 = ORIENTED_EDGE('',*,*,#9958,.T.);
#11570 = ORIENTED_EDGE('',*,*,#10948,.F.);
#11571 = ORIENTED_EDGE('',*,*,#10370,.F.);
#11572 = ORIENTED_EDGE('',*,*,#10924,.F.);
#11573 = PLANE('',#11574);
#11574 = AXIS2_PLACEMENT_3D('',#11575,#11576,#11577);
#11575 = CARTESIAN_POINT('',(-8.643935563079,-1.27,0.93));
#11576 = DIRECTION('',(0.,-9.902996530438E-16,-1.));
#11577 = DIRECTION('',(0.,1.,-9.902996530438E-16));
#11578 = ADVANCED_FACE('',(#11579),#11585,.T.);
#11579 = FACE_BOUND('',#11580,.T.);
#11580 = EDGE_LOOP('',(#11581,#11582,#11583,#11584));
#11581 = ORIENTED_EDGE('',*,*,#9934,.T.);
#11582 = ORIENTED_EDGE('',*,*,#11001,.F.);
#11583 = ORIENTED_EDGE('',*,*,#10410,.F.);
#11584 = ORIENTED_EDGE('',*,*,#10977,.F.);
#11585 = PLANE('',#11586);
#11586 = AXIS2_PLACEMENT_3D('',#11587,#11588,#11589);
#11587 = CARTESIAN_POINT('',(-8.643935563079,-1.27,0.93));
#11588 = DIRECTION('',(0.,-9.902996530438E-16,-1.));
#11589 = DIRECTION('',(0.,1.,-9.902996530438E-16));
#11590 = ADVANCED_FACE('',(#11591),#11597,.T.);
#11591 = FACE_BOUND('',#11592,.T.);
#11592 = EDGE_LOOP('',(#11593,#11594,#11595,#11596));
#11593 = ORIENTED_EDGE('',*,*,#9910,.T.);
#11594 = ORIENTED_EDGE('',*,*,#11054,.F.);
#11595 = ORIENTED_EDGE('',*,*,#10450,.F.);
#11596 = ORIENTED_EDGE('',*,*,#11030,.F.);
#11597 = PLANE('',#11598);
#11598 = AXIS2_PLACEMENT_3D('',#11599,#11600,#11601);
#11599 = CARTESIAN_POINT('',(-8.643935563079,-1.27,0.93));
#11600 = DIRECTION('',(0.,-9.902996530438E-16,-1.));
#11601 = DIRECTION('',(0.,1.,-9.902996530438E-16));
#11602 = ADVANCED_FACE('',(#11603),#11609,.T.);
#11603 = FACE_BOUND('',#11604,.T.);
#11604 = EDGE_LOOP('',(#11605,#11606,#11607,#11608));
#11605 = ORIENTED_EDGE('',*,*,#10690,.T.);
#11606 = ORIENTED_EDGE('',*,*,#11108,.F.);
#11607 = ORIENTED_EDGE('',*,*,#9758,.F.);
#11608 = ORIENTED_EDGE('',*,*,#11077,.F.);
#11609 = PLANE('',#11610);
#11610 = AXIS2_PLACEMENT_3D('',#11611,#11612,#11613);
#11611 = CARTESIAN_POINT('',(-8.643935563079,-0.832071068427,-3.47));
#11612 = DIRECTION('',(0.,-9.902996530438E-16,1.));
#11613 = DIRECTION('',(0.,-1.,-9.902996530438E-16));
#11614 = ADVANCED_FACE('',(#11615),#11621,.T.);
#11615 = FACE_BOUND('',#11616,.T.);
#11616 = EDGE_LOOP('',(#11617,#11618,#11619,#11620));
#11617 = ORIENTED_EDGE('',*,*,#10650,.T.);
#11618 = ORIENTED_EDGE('',*,*,#11161,.F.);
#11619 = ORIENTED_EDGE('',*,*,#9782,.F.);
#11620 = ORIENTED_EDGE('',*,*,#11130,.F.);
#11621 = PLANE('',#11622);
#11622 = AXIS2_PLACEMENT_3D('',#11623,#11624,#11625);
#11623 = CARTESIAN_POINT('',(-8.643935563079,-0.832071068427,-3.47));
#11624 = DIRECTION('',(0.,-9.902996530438E-16,1.));
#11625 = DIRECTION('',(0.,-1.,-9.902996530438E-16));
#11626 = ADVANCED_FACE('',(#11627),#11633,.T.);
#11627 = FACE_BOUND('',#11628,.T.);
#11628 = EDGE_LOOP('',(#11629,#11630,#11631,#11632));
#11629 = ORIENTED_EDGE('',*,*,#10610,.T.);
#11630 = ORIENTED_EDGE('',*,*,#11214,.F.);
#11631 = ORIENTED_EDGE('',*,*,#9806,.F.);
#11632 = ORIENTED_EDGE('',*,*,#11183,.F.);
#11633 = PLANE('',#11634);
#11634 = AXIS2_PLACEMENT_3D('',#11635,#11636,#11637);
#11635 = CARTESIAN_POINT('',(-8.643935563079,-0.832071068427,-3.47));
#11636 = DIRECTION('',(0.,-9.902996530438E-16,1.));
#11637 = DIRECTION('',(0.,-1.,-9.902996530438E-16));
#11638 = ADVANCED_FACE('',(#11639),#11645,.T.);
#11639 = FACE_BOUND('',#11640,.T.);
#11640 = EDGE_LOOP('',(#11641,#11642,#11643,#11644));
#11641 = ORIENTED_EDGE('',*,*,#10570,.T.);
#11642 = ORIENTED_EDGE('',*,*,#11267,.F.);
#11643 = ORIENTED_EDGE('',*,*,#9830,.F.);
#11644 = ORIENTED_EDGE('',*,*,#11236,.F.);
#11645 = PLANE('',#11646);
#11646 = AXIS2_PLACEMENT_3D('',#11647,#11648,#11649);
#11647 = CARTESIAN_POINT('',(-8.643935563079,-0.832071068427,-3.47));
#11648 = DIRECTION('',(0.,-9.902996530438E-16,1.));
#11649 = DIRECTION('',(0.,-1.,-9.902996530438E-16));
#11650 = ADVANCED_FACE('',(#11651),#11657,.T.);
#11651 = FACE_BOUND('',#11652,.T.);
#11652 = EDGE_LOOP('',(#11653,#11654,#11655,#11656));
#11653 = ORIENTED_EDGE('',*,*,#10530,.T.);
#11654 = ORIENTED_EDGE('',*,*,#11320,.F.);
#11655 = ORIENTED_EDGE('',*,*,#9854,.F.);
#11656 = ORIENTED_EDGE('',*,*,#11289,.F.);
#11657 = PLANE('',#11658);
#11658 = AXIS2_PLACEMENT_3D('',#11659,#11660,#11661);
#11659 = CARTESIAN_POINT('',(-8.643935563079,-0.832071068427,-3.47));
#11660 = DIRECTION('',(0.,-9.902996530438E-16,1.));
#11661 = DIRECTION('',(0.,-1.,-9.902996530438E-16));
#11662 = ADVANCED_FACE('',(#11663),#11669,.T.);
#11663 = FACE_BOUND('',#11664,.T.);
#11664 = EDGE_LOOP('',(#11665,#11666,#11667,#11668));
#11665 = ORIENTED_EDGE('',*,*,#10490,.T.);
#11666 = ORIENTED_EDGE('',*,*,#11368,.F.);
#11667 = ORIENTED_EDGE('',*,*,#9878,.F.);
#11668 = ORIENTED_EDGE('',*,*,#11342,.F.);
#11669 = PLANE('',#11670);
#11670 = AXIS2_PLACEMENT_3D('',#11671,#11672,#11673);
#11671 = CARTESIAN_POINT('',(-8.643935563079,-0.832071068427,-3.47));
#11672 = DIRECTION('',(0.,-9.902996530438E-16,1.));
#11673 = DIRECTION('',(0.,-1.,-9.902996530438E-16));
#11674 = ADVANCED_FACE('',(#11675),#11691,.T.);
#11675 = FACE_BOUND('',#11676,.T.);
#11676 = EDGE_LOOP('',(#11677,#11683,#11684,#11690));
#11677 = ORIENTED_EDGE('',*,*,#11678,.T.);
#11678 = EDGE_CURVE('',#9693,#8981,#11679,.T.);
#11679 = LINE('',#11680,#11681);
#11680 = CARTESIAN_POINT('',(-6.03,-14.99393556307,0.32));
#11681 = VECTOR('',#11682,1.);
#11682 = DIRECTION('',(0.,1.,8.537024980201E-17));
#11683 = ORIENTED_EDGE('',*,*,#8980,.F.);
#11684 = ORIENTED_EDGE('',*,*,#11685,.F.);
#11685 = EDGE_CURVE('',#9701,#8973,#11686,.T.);
#11686 = LINE('',#11687,#11688);
#11687 = CARTESIAN_POINT('',(-6.03,-14.99393556307,-0.32));
#11688 = VECTOR('',#11689,1.);
#11689 = DIRECTION('',(0.,1.,8.537024980201E-17));
#11690 = ORIENTED_EDGE('',*,*,#9700,.F.);
#11691 = PLANE('',#11692);
#11692 = AXIS2_PLACEMENT_3D('',#11693,#11694,#11695);
#11693 = CARTESIAN_POINT('',(-6.03,-14.99393556307,-0.32));
#11694 = DIRECTION('',(-1.,0.,0.));
#11695 = DIRECTION('',(0.,0.,1.));
#11696 = ADVANCED_FACE('',(#11697),#11708,.T.);
#11697 = FACE_BOUND('',#11698,.T.);
#11698 = EDGE_LOOP('',(#11699,#11705,#11706,#11707));
#11699 = ORIENTED_EDGE('',*,*,#11700,.T.);
#11700 = EDGE_CURVE('',#9691,#8989,#11701,.T.);
#11701 = LINE('',#11702,#11703);
#11702 = CARTESIAN_POINT('',(-6.67,-14.99393556307,0.32));
#11703 = VECTOR('',#11704,1.);
#11704 = DIRECTION('',(0.,1.,8.537024980201E-17));
#11705 = ORIENTED_EDGE('',*,*,#8988,.F.);
#11706 = ORIENTED_EDGE('',*,*,#11678,.F.);
#11707 = ORIENTED_EDGE('',*,*,#9690,.F.);
#11708 = PLANE('',#11709);
#11709 = AXIS2_PLACEMENT_3D('',#11710,#11711,#11712);
#11710 = CARTESIAN_POINT('',(-6.03,-14.99393556307,0.32));
#11711 = DIRECTION('',(0.,8.537024980201E-17,-1.));
#11712 = DIRECTION('',(0.,1.,8.537024980201E-17));
#11713 = ADVANCED_FACE('',(#11714),#11725,.T.);
#11714 = FACE_BOUND('',#11715,.T.);
#11715 = EDGE_LOOP('',(#11716,#11722,#11723,#11724));
#11716 = ORIENTED_EDGE('',*,*,#11717,.T.);
#11717 = EDGE_CURVE('',#9709,#8971,#11718,.T.);
#11718 = LINE('',#11719,#11720);
#11719 = CARTESIAN_POINT('',(-6.67,-14.99393556307,-0.32));
#11720 = VECTOR('',#11721,1.);
#11721 = DIRECTION('',(0.,1.,8.537024980201E-17));
#11722 = ORIENTED_EDGE('',*,*,#8996,.F.);
#11723 = ORIENTED_EDGE('',*,*,#11700,.F.);
#11724 = ORIENTED_EDGE('',*,*,#9716,.F.);
#11725 = PLANE('',#11726);
#11726 = AXIS2_PLACEMENT_3D('',#11727,#11728,#11729);
#11727 = CARTESIAN_POINT('',(-6.67,-14.99393556307,0.32));
#11728 = DIRECTION('',(1.,0.,0.));
#11729 = DIRECTION('',(0.,0.,-1.));
#11730 = ADVANCED_FACE('',(#11731),#11737,.T.);
#11731 = FACE_BOUND('',#11732,.T.);
#11732 = EDGE_LOOP('',(#11733,#11734,#11735,#11736));
#11733 = ORIENTED_EDGE('',*,*,#11685,.T.);
#11734 = ORIENTED_EDGE('',*,*,#8970,.F.);
#11735 = ORIENTED_EDGE('',*,*,#11717,.F.);
#11736 = ORIENTED_EDGE('',*,*,#9708,.F.);
#11737 = PLANE('',#11738);
#11738 = AXIS2_PLACEMENT_3D('',#11739,#11740,#11741);
#11739 = CARTESIAN_POINT('',(-6.67,-14.99393556307,-0.32));
#11740 = DIRECTION('',(0.,-8.537024980201E-17,1.));
#11741 = DIRECTION('',(0.,-1.,-8.537024980201E-17));
#11742 = ADVANCED_FACE('',(#11743),#11759,.T.);
#11743 = FACE_BOUND('',#11744,.T.);
#11744 = EDGE_LOOP('',(#11745,#11751,#11752,#11758));
#11745 = ORIENTED_EDGE('',*,*,#11746,.T.);
#11746 = EDGE_CURVE('',#10033,#9321,#11747,.T.);
#11747 = LINE('',#11748,#11749);
#11748 = CARTESIAN_POINT('',(-6.03,-14.99393556307,-2.22));
#11749 = VECTOR('',#11750,1.);
#11750 = DIRECTION('',(0.,1.,8.537024980201E-17));
#11751 = ORIENTED_EDGE('',*,*,#9320,.F.);
#11752 = ORIENTED_EDGE('',*,*,#11753,.F.);
#11753 = EDGE_CURVE('',#10041,#9313,#11754,.T.);
#11754 = LINE('',#11755,#11756);
#11755 = CARTESIAN_POINT('',(-6.03,-14.99393556307,-2.86));
#11756 = VECTOR('',#11757,1.);
#11757 = DIRECTION('',(0.,1.,8.537024980201E-17));
#11758 = ORIENTED_EDGE('',*,*,#10040,.F.);
#11759 = PLANE('',#11760);
#11760 = AXIS2_PLACEMENT_3D('',#11761,#11762,#11763);
#11761 = CARTESIAN_POINT('',(-6.03,-14.99393556307,-2.86));
#11762 = DIRECTION('',(-1.,0.,0.));
#11763 = DIRECTION('',(0.,0.,1.));
#11764 = ADVANCED_FACE('',(#11765),#11776,.T.);
#11765 = FACE_BOUND('',#11766,.T.);
#11766 = EDGE_LOOP('',(#11767,#11773,#11774,#11775));
#11767 = ORIENTED_EDGE('',*,*,#11768,.T.);
#11768 = EDGE_CURVE('',#10031,#9329,#11769,.T.);
#11769 = LINE('',#11770,#11771);
#11770 = CARTESIAN_POINT('',(-6.67,-14.99393556307,-2.22));
#11771 = VECTOR('',#11772,1.);
#11772 = DIRECTION('',(0.,1.,8.537024980201E-17));
#11773 = ORIENTED_EDGE('',*,*,#9328,.F.);
#11774 = ORIENTED_EDGE('',*,*,#11746,.F.);
#11775 = ORIENTED_EDGE('',*,*,#10030,.F.);
#11776 = PLANE('',#11777);
#11777 = AXIS2_PLACEMENT_3D('',#11778,#11779,#11780);
#11778 = CARTESIAN_POINT('',(-6.03,-14.99393556307,-2.22));
#11779 = DIRECTION('',(0.,8.537024980201E-17,-1.));
#11780 = DIRECTION('',(0.,1.,8.537024980201E-17));
#11781 = ADVANCED_FACE('',(#11782),#11793,.T.);
#11782 = FACE_BOUND('',#11783,.T.);
#11783 = EDGE_LOOP('',(#11784,#11790,#11791,#11792));
#11784 = ORIENTED_EDGE('',*,*,#11785,.T.);
#11785 = EDGE_CURVE('',#10049,#9311,#11786,.T.);
#11786 = LINE('',#11787,#11788);
#11787 = CARTESIAN_POINT('',(-6.67,-14.99393556307,-2.86));
#11788 = VECTOR('',#11789,1.);
#11789 = DIRECTION('',(0.,1.,8.537024980201E-17));
#11790 = ORIENTED_EDGE('',*,*,#9336,.F.);
#11791 = ORIENTED_EDGE('',*,*,#11768,.F.);
#11792 = ORIENTED_EDGE('',*,*,#10056,.F.);
#11793 = PLANE('',#11794);
#11794 = AXIS2_PLACEMENT_3D('',#11795,#11796,#11797);
#11795 = CARTESIAN_POINT('',(-6.67,-14.99393556307,-2.22));
#11796 = DIRECTION('',(1.,0.,0.));
#11797 = DIRECTION('',(0.,0.,-1.));
#11798 = ADVANCED_FACE('',(#11799),#11805,.T.);
#11799 = FACE_BOUND('',#11800,.T.);
#11800 = EDGE_LOOP('',(#11801,#11802,#11803,#11804));
#11801 = ORIENTED_EDGE('',*,*,#11753,.T.);
#11802 = ORIENTED_EDGE('',*,*,#9310,.F.);
#11803 = ORIENTED_EDGE('',*,*,#11785,.F.);
#11804 = ORIENTED_EDGE('',*,*,#10048,.F.);
#11805 = PLANE('',#11806);
#11806 = AXIS2_PLACEMENT_3D('',#11807,#11808,#11809);
#11807 = CARTESIAN_POINT('',(-6.67,-14.99393556307,-2.86));
#11808 = DIRECTION('',(0.,-8.537024980201E-17,1.));
#11809 = DIRECTION('',(0.,-1.,-8.537024980201E-17));
#11810 = ADVANCED_FACE('',(#11811),#11827,.T.);
#11811 = FACE_BOUND('',#11812,.T.);
#11812 = EDGE_LOOP('',(#11813,#11819,#11820,#11826));
#11813 = ORIENTED_EDGE('',*,*,#11814,.T.);
#11814 = EDGE_CURVE('',#9659,#8947,#11815,.T.);
#11815 = LINE('',#11816,#11817);
#11816 = CARTESIAN_POINT('',(-3.49,-14.99393556307,0.32));
#11817 = VECTOR('',#11818,1.);
#11818 = DIRECTION('',(0.,1.,8.537024980201E-17));
#11819 = ORIENTED_EDGE('',*,*,#8946,.F.);
#11820 = ORIENTED_EDGE('',*,*,#11821,.F.);
#11821 = EDGE_CURVE('',#9667,#8939,#11822,.T.);
#11822 = LINE('',#11823,#11824);
#11823 = CARTESIAN_POINT('',(-3.49,-14.99393556307,-0.32));
#11824 = VECTOR('',#11825,1.);
#11825 = DIRECTION('',(0.,1.,8.537024980201E-17));
#11826 = ORIENTED_EDGE('',*,*,#9666,.F.);
#11827 = PLANE('',#11828);
#11828 = AXIS2_PLACEMENT_3D('',#11829,#11830,#11831);
#11829 = CARTESIAN_POINT('',(-3.49,-14.99393556307,-0.32));
#11830 = DIRECTION('',(-1.,0.,0.));
#11831 = DIRECTION('',(0.,0.,1.));
#11832 = ADVANCED_FACE('',(#11833),#11844,.T.);
#11833 = FACE_BOUND('',#11834,.T.);
#11834 = EDGE_LOOP('',(#11835,#11841,#11842,#11843));
#11835 = ORIENTED_EDGE('',*,*,#11836,.T.);
#11836 = EDGE_CURVE('',#9657,#8955,#11837,.T.);
#11837 = LINE('',#11838,#11839);
#11838 = CARTESIAN_POINT('',(-4.13,-14.99393556307,0.32));
#11839 = VECTOR('',#11840,1.);
#11840 = DIRECTION('',(0.,1.,8.537024980201E-17));
#11841 = ORIENTED_EDGE('',*,*,#8954,.F.);
#11842 = ORIENTED_EDGE('',*,*,#11814,.F.);
#11843 = ORIENTED_EDGE('',*,*,#9656,.F.);
#11844 = PLANE('',#11845);
#11845 = AXIS2_PLACEMENT_3D('',#11846,#11847,#11848);
#11846 = CARTESIAN_POINT('',(-3.49,-14.99393556307,0.32));
#11847 = DIRECTION('',(0.,8.537024980201E-17,-1.));
#11848 = DIRECTION('',(0.,1.,8.537024980201E-17));
#11849 = ADVANCED_FACE('',(#11850),#11861,.T.);
#11850 = FACE_BOUND('',#11851,.T.);
#11851 = EDGE_LOOP('',(#11852,#11858,#11859,#11860));
#11852 = ORIENTED_EDGE('',*,*,#11853,.T.);
#11853 = EDGE_CURVE('',#9675,#8937,#11854,.T.);
#11854 = LINE('',#11855,#11856);
#11855 = CARTESIAN_POINT('',(-4.13,-14.99393556307,-0.32));
#11856 = VECTOR('',#11857,1.);
#11857 = DIRECTION('',(0.,1.,8.537024980201E-17));
#11858 = ORIENTED_EDGE('',*,*,#8962,.F.);
#11859 = ORIENTED_EDGE('',*,*,#11836,.F.);
#11860 = ORIENTED_EDGE('',*,*,#9682,.F.);
#11861 = PLANE('',#11862);
#11862 = AXIS2_PLACEMENT_3D('',#11863,#11864,#11865);
#11863 = CARTESIAN_POINT('',(-4.13,-14.99393556307,0.32));
#11864 = DIRECTION('',(1.,0.,0.));
#11865 = DIRECTION('',(0.,0.,-1.));
#11866 = ADVANCED_FACE('',(#11867),#11873,.T.);
#11867 = FACE_BOUND('',#11868,.T.);
#11868 = EDGE_LOOP('',(#11869,#11870,#11871,#11872));
#11869 = ORIENTED_EDGE('',*,*,#11821,.T.);
#11870 = ORIENTED_EDGE('',*,*,#8936,.F.);
#11871 = ORIENTED_EDGE('',*,*,#11853,.F.);
#11872 = ORIENTED_EDGE('',*,*,#9674,.F.);
#11873 = PLANE('',#11874);
#11874 = AXIS2_PLACEMENT_3D('',#11875,#11876,#11877);
#11875 = CARTESIAN_POINT('',(-4.13,-14.99393556307,-0.32));
#11876 = DIRECTION('',(0.,-8.537024980201E-17,1.));
#11877 = DIRECTION('',(0.,-1.,-8.537024980201E-17));
#11878 = ADVANCED_FACE('',(#11879),#11895,.T.);
#11879 = FACE_BOUND('',#11880,.T.);
#11880 = EDGE_LOOP('',(#11881,#11887,#11888,#11894));
#11881 = ORIENTED_EDGE('',*,*,#11882,.T.);
#11882 = EDGE_CURVE('',#10067,#9355,#11883,.T.);
#11883 = LINE('',#11884,#11885);
#11884 = CARTESIAN_POINT('',(-3.49,-14.99393556307,-2.22));
#11885 = VECTOR('',#11886,1.);
#11886 = DIRECTION('',(0.,1.,8.537024980201E-17));
#11887 = ORIENTED_EDGE('',*,*,#9354,.F.);
#11888 = ORIENTED_EDGE('',*,*,#11889,.F.);
#11889 = EDGE_CURVE('',#10075,#9347,#11890,.T.);
#11890 = LINE('',#11891,#11892);
#11891 = CARTESIAN_POINT('',(-3.49,-14.99393556307,-2.86));
#11892 = VECTOR('',#11893,1.);
#11893 = DIRECTION('',(0.,1.,8.537024980201E-17));
#11894 = ORIENTED_EDGE('',*,*,#10074,.F.);
#11895 = PLANE('',#11896);
#11896 = AXIS2_PLACEMENT_3D('',#11897,#11898,#11899);
#11897 = CARTESIAN_POINT('',(-3.49,-14.99393556307,-2.86));
#11898 = DIRECTION('',(-1.,0.,0.));
#11899 = DIRECTION('',(0.,0.,1.));
#11900 = ADVANCED_FACE('',(#11901),#11912,.T.);
#11901 = FACE_BOUND('',#11902,.T.);
#11902 = EDGE_LOOP('',(#11903,#11909,#11910,#11911));
#11903 = ORIENTED_EDGE('',*,*,#11904,.T.);
#11904 = EDGE_CURVE('',#10065,#9363,#11905,.T.);
#11905 = LINE('',#11906,#11907);
#11906 = CARTESIAN_POINT('',(-4.13,-14.99393556307,-2.22));
#11907 = VECTOR('',#11908,1.);
#11908 = DIRECTION('',(0.,1.,8.537024980201E-17));
#11909 = ORIENTED_EDGE('',*,*,#9362,.F.);
#11910 = ORIENTED_EDGE('',*,*,#11882,.F.);
#11911 = ORIENTED_EDGE('',*,*,#10064,.F.);
#11912 = PLANE('',#11913);
#11913 = AXIS2_PLACEMENT_3D('',#11914,#11915,#11916);
#11914 = CARTESIAN_POINT('',(-3.49,-14.99393556307,-2.22));
#11915 = DIRECTION('',(0.,8.537024980201E-17,-1.));
#11916 = DIRECTION('',(0.,1.,8.537024980201E-17));
#11917 = ADVANCED_FACE('',(#11918),#11929,.T.);
#11918 = FACE_BOUND('',#11919,.T.);
#11919 = EDGE_LOOP('',(#11920,#11926,#11927,#11928));
#11920 = ORIENTED_EDGE('',*,*,#11921,.T.);
#11921 = EDGE_CURVE('',#10083,#9345,#11922,.T.);
#11922 = LINE('',#11923,#11924);
#11923 = CARTESIAN_POINT('',(-4.13,-14.99393556307,-2.86));
#11924 = VECTOR('',#11925,1.);
#11925 = DIRECTION('',(0.,1.,8.537024980201E-17));
#11926 = ORIENTED_EDGE('',*,*,#9370,.F.);
#11927 = ORIENTED_EDGE('',*,*,#11904,.F.);
#11928 = ORIENTED_EDGE('',*,*,#10090,.F.);
#11929 = PLANE('',#11930);
#11930 = AXIS2_PLACEMENT_3D('',#11931,#11932,#11933);
#11931 = CARTESIAN_POINT('',(-4.13,-14.99393556307,-2.22));
#11932 = DIRECTION('',(1.,0.,0.));
#11933 = DIRECTION('',(0.,0.,-1.));
#11934 = ADVANCED_FACE('',(#11935),#11941,.T.);
#11935 = FACE_BOUND('',#11936,.T.);
#11936 = EDGE_LOOP('',(#11937,#11938,#11939,#11940));
#11937 = ORIENTED_EDGE('',*,*,#11889,.T.);
#11938 = ORIENTED_EDGE('',*,*,#9344,.F.);
#11939 = ORIENTED_EDGE('',*,*,#11921,.F.);
#11940 = ORIENTED_EDGE('',*,*,#10082,.F.);
#11941 = PLANE('',#11942);
#11942 = AXIS2_PLACEMENT_3D('',#11943,#11944,#11945);
#11943 = CARTESIAN_POINT('',(-4.13,-14.99393556307,-2.86));
#11944 = DIRECTION('',(0.,-8.537024980201E-17,1.));
#11945 = DIRECTION('',(0.,-1.,-8.537024980201E-17));
#11946 = ADVANCED_FACE('',(#11947),#11963,.T.);
#11947 = FACE_BOUND('',#11948,.T.);
#11948 = EDGE_LOOP('',(#11949,#11955,#11956,#11962));
#11949 = ORIENTED_EDGE('',*,*,#11950,.T.);
#11950 = EDGE_CURVE('',#9625,#8913,#11951,.T.);
#11951 = LINE('',#11952,#11953);
#11952 = CARTESIAN_POINT('',(-0.95,-14.99393556307,0.32));
#11953 = VECTOR('',#11954,1.);
#11954 = DIRECTION('',(0.,1.,8.537024980201E-17));
#11955 = ORIENTED_EDGE('',*,*,#8912,.F.);
#11956 = ORIENTED_EDGE('',*,*,#11957,.F.);
#11957 = EDGE_CURVE('',#9633,#8905,#11958,.T.);
#11958 = LINE('',#11959,#11960);
#11959 = CARTESIAN_POINT('',(-0.95,-14.99393556307,-0.32));
#11960 = VECTOR('',#11961,1.);
#11961 = DIRECTION('',(0.,1.,8.537024980201E-17));
#11962 = ORIENTED_EDGE('',*,*,#9632,.F.);
#11963 = PLANE('',#11964);
#11964 = AXIS2_PLACEMENT_3D('',#11965,#11966,#11967);
#11965 = CARTESIAN_POINT('',(-0.95,-14.99393556307,-0.32));
#11966 = DIRECTION('',(-1.,0.,0.));
#11967 = DIRECTION('',(0.,0.,1.));
#11968 = ADVANCED_FACE('',(#11969),#11980,.T.);
#11969 = FACE_BOUND('',#11970,.T.);
#11970 = EDGE_LOOP('',(#11971,#11977,#11978,#11979));
#11971 = ORIENTED_EDGE('',*,*,#11972,.T.);
#11972 = EDGE_CURVE('',#9623,#8921,#11973,.T.);
#11973 = LINE('',#11974,#11975);
#11974 = CARTESIAN_POINT('',(-1.59,-14.99393556307,0.32));
#11975 = VECTOR('',#11976,1.);
#11976 = DIRECTION('',(0.,1.,8.537024980201E-17));
#11977 = ORIENTED_EDGE('',*,*,#8920,.F.);
#11978 = ORIENTED_EDGE('',*,*,#11950,.F.);
#11979 = ORIENTED_EDGE('',*,*,#9622,.F.);
#11980 = PLANE('',#11981);
#11981 = AXIS2_PLACEMENT_3D('',#11982,#11983,#11984);
#11982 = CARTESIAN_POINT('',(-0.95,-14.99393556307,0.32));
#11983 = DIRECTION('',(0.,8.537024980201E-17,-1.));
#11984 = DIRECTION('',(0.,1.,8.537024980201E-17));
#11985 = ADVANCED_FACE('',(#11986),#11997,.T.);
#11986 = FACE_BOUND('',#11987,.T.);
#11987 = EDGE_LOOP('',(#11988,#11994,#11995,#11996));
#11988 = ORIENTED_EDGE('',*,*,#11989,.T.);
#11989 = EDGE_CURVE('',#9641,#8903,#11990,.T.);
#11990 = LINE('',#11991,#11992);
#11991 = CARTESIAN_POINT('',(-1.59,-14.99393556307,-0.32));
#11992 = VECTOR('',#11993,1.);
#11993 = DIRECTION('',(0.,1.,8.537024980201E-17));
#11994 = ORIENTED_EDGE('',*,*,#8928,.F.);
#11995 = ORIENTED_EDGE('',*,*,#11972,.F.);
#11996 = ORIENTED_EDGE('',*,*,#9648,.F.);
#11997 = PLANE('',#11998);
#11998 = AXIS2_PLACEMENT_3D('',#11999,#12000,#12001);
#11999 = CARTESIAN_POINT('',(-1.59,-14.99393556307,0.32));
#12000 = DIRECTION('',(1.,0.,0.));
#12001 = DIRECTION('',(0.,0.,-1.));
#12002 = ADVANCED_FACE('',(#12003),#12009,.T.);
#12003 = FACE_BOUND('',#12004,.T.);
#12004 = EDGE_LOOP('',(#12005,#12006,#12007,#12008));
#12005 = ORIENTED_EDGE('',*,*,#11957,.T.);
#12006 = ORIENTED_EDGE('',*,*,#8902,.F.);
#12007 = ORIENTED_EDGE('',*,*,#11989,.F.);
#12008 = ORIENTED_EDGE('',*,*,#9640,.F.);
#12009 = PLANE('',#12010);
#12010 = AXIS2_PLACEMENT_3D('',#12011,#12012,#12013);
#12011 = CARTESIAN_POINT('',(-1.59,-14.99393556307,-0.32));
#12012 = DIRECTION('',(0.,-8.537024980201E-17,1.));
#12013 = DIRECTION('',(0.,-1.,-8.537024980201E-17));
#12014 = ADVANCED_FACE('',(#12015),#12031,.T.);
#12015 = FACE_BOUND('',#12016,.T.);
#12016 = EDGE_LOOP('',(#12017,#12023,#12024,#12030));
#12017 = ORIENTED_EDGE('',*,*,#12018,.T.);
#12018 = EDGE_CURVE('',#10101,#9389,#12019,.T.);
#12019 = LINE('',#12020,#12021);
#12020 = CARTESIAN_POINT('',(-0.95,-14.99393556307,-2.22));
#12021 = VECTOR('',#12022,1.);
#12022 = DIRECTION('',(0.,1.,8.537024980201E-17));
#12023 = ORIENTED_EDGE('',*,*,#9388,.F.);
#12024 = ORIENTED_EDGE('',*,*,#12025,.F.);
#12025 = EDGE_CURVE('',#10109,#9381,#12026,.T.);
#12026 = LINE('',#12027,#12028);
#12027 = CARTESIAN_POINT('',(-0.95,-14.99393556307,-2.86));
#12028 = VECTOR('',#12029,1.);
#12029 = DIRECTION('',(0.,1.,8.537024980201E-17));
#12030 = ORIENTED_EDGE('',*,*,#10108,.F.);
#12031 = PLANE('',#12032);
#12032 = AXIS2_PLACEMENT_3D('',#12033,#12034,#12035);
#12033 = CARTESIAN_POINT('',(-0.95,-14.99393556307,-2.86));
#12034 = DIRECTION('',(-1.,0.,0.));
#12035 = DIRECTION('',(0.,0.,1.));
#12036 = ADVANCED_FACE('',(#12037),#12048,.T.);
#12037 = FACE_BOUND('',#12038,.T.);
#12038 = EDGE_LOOP('',(#12039,#12045,#12046,#12047));
#12039 = ORIENTED_EDGE('',*,*,#12040,.T.);
#12040 = EDGE_CURVE('',#10099,#9397,#12041,.T.);
#12041 = LINE('',#12042,#12043);
#12042 = CARTESIAN_POINT('',(-1.59,-14.99393556307,-2.22));
#12043 = VECTOR('',#12044,1.);
#12044 = DIRECTION('',(0.,1.,8.537024980201E-17));
#12045 = ORIENTED_EDGE('',*,*,#9396,.F.);
#12046 = ORIENTED_EDGE('',*,*,#12018,.F.);
#12047 = ORIENTED_EDGE('',*,*,#10098,.F.);
#12048 = PLANE('',#12049);
#12049 = AXIS2_PLACEMENT_3D('',#12050,#12051,#12052);
#12050 = CARTESIAN_POINT('',(-0.95,-14.99393556307,-2.22));
#12051 = DIRECTION('',(0.,8.537024980201E-17,-1.));
#12052 = DIRECTION('',(0.,1.,8.537024980201E-17));
#12053 = ADVANCED_FACE('',(#12054),#12065,.T.);
#12054 = FACE_BOUND('',#12055,.T.);
#12055 = EDGE_LOOP('',(#12056,#12062,#12063,#12064));
#12056 = ORIENTED_EDGE('',*,*,#12057,.T.);
#12057 = EDGE_CURVE('',#10117,#9379,#12058,.T.);
#12058 = LINE('',#12059,#12060);
#12059 = CARTESIAN_POINT('',(-1.59,-14.99393556307,-2.86));
#12060 = VECTOR('',#12061,1.);
#12061 = DIRECTION('',(0.,1.,8.537024980201E-17));
#12062 = ORIENTED_EDGE('',*,*,#9404,.F.);
#12063 = ORIENTED_EDGE('',*,*,#12040,.F.);
#12064 = ORIENTED_EDGE('',*,*,#10124,.F.);
#12065 = PLANE('',#12066);
#12066 = AXIS2_PLACEMENT_3D('',#12067,#12068,#12069);
#12067 = CARTESIAN_POINT('',(-1.59,-14.99393556307,-2.22));
#12068 = DIRECTION('',(1.,0.,0.));
#12069 = DIRECTION('',(0.,0.,-1.));
#12070 = ADVANCED_FACE('',(#12071),#12077,.T.);
#12071 = FACE_BOUND('',#12072,.T.);
#12072 = EDGE_LOOP('',(#12073,#12074,#12075,#12076));
#12073 = ORIENTED_EDGE('',*,*,#12025,.T.);
#12074 = ORIENTED_EDGE('',*,*,#9378,.F.);
#12075 = ORIENTED_EDGE('',*,*,#12057,.F.);
#12076 = ORIENTED_EDGE('',*,*,#10116,.F.);
#12077 = PLANE('',#12078);
#12078 = AXIS2_PLACEMENT_3D('',#12079,#12080,#12081);
#12079 = CARTESIAN_POINT('',(-1.59,-14.99393556307,-2.86));
#12080 = DIRECTION('',(0.,-8.537024980201E-17,1.));
#12081 = DIRECTION('',(0.,-1.,-8.537024980201E-17));
#12082 = ADVANCED_FACE('',(#12083),#12099,.T.);
#12083 = FACE_BOUND('',#12084,.T.);
#12084 = EDGE_LOOP('',(#12085,#12091,#12092,#12098));
#12085 = ORIENTED_EDGE('',*,*,#12086,.T.);
#12086 = EDGE_CURVE('',#9591,#8879,#12087,.T.);
#12087 = LINE('',#12088,#12089);
#12088 = CARTESIAN_POINT('',(1.59,-14.99393556307,0.32));
#12089 = VECTOR('',#12090,1.);
#12090 = DIRECTION('',(0.,1.,8.537024980201E-17));
#12091 = ORIENTED_EDGE('',*,*,#8878,.F.);
#12092 = ORIENTED_EDGE('',*,*,#12093,.F.);
#12093 = EDGE_CURVE('',#9599,#8871,#12094,.T.);
#12094 = LINE('',#12095,#12096);
#12095 = CARTESIAN_POINT('',(1.59,-14.99393556307,-0.32));
#12096 = VECTOR('',#12097,1.);
#12097 = DIRECTION('',(0.,1.,8.537024980201E-17));
#12098 = ORIENTED_EDGE('',*,*,#9598,.F.);
#12099 = PLANE('',#12100);
#12100 = AXIS2_PLACEMENT_3D('',#12101,#12102,#12103);
#12101 = CARTESIAN_POINT('',(1.59,-14.99393556307,-0.32));
#12102 = DIRECTION('',(-1.,0.,0.));
#12103 = DIRECTION('',(0.,0.,1.));
#12104 = ADVANCED_FACE('',(#12105),#12116,.T.);
#12105 = FACE_BOUND('',#12106,.T.);
#12106 = EDGE_LOOP('',(#12107,#12113,#12114,#12115));
#12107 = ORIENTED_EDGE('',*,*,#12108,.T.);
#12108 = EDGE_CURVE('',#9589,#8887,#12109,.T.);
#12109 = LINE('',#12110,#12111);
#12110 = CARTESIAN_POINT('',(0.95,-14.99393556307,0.32));
#12111 = VECTOR('',#12112,1.);
#12112 = DIRECTION('',(0.,1.,8.537024980201E-17));
#12113 = ORIENTED_EDGE('',*,*,#8886,.F.);
#12114 = ORIENTED_EDGE('',*,*,#12086,.F.);
#12115 = ORIENTED_EDGE('',*,*,#9588,.F.);
#12116 = PLANE('',#12117);
#12117 = AXIS2_PLACEMENT_3D('',#12118,#12119,#12120);
#12118 = CARTESIAN_POINT('',(1.59,-14.99393556307,0.32));
#12119 = DIRECTION('',(0.,8.537024980201E-17,-1.));
#12120 = DIRECTION('',(0.,1.,8.537024980201E-17));
#12121 = ADVANCED_FACE('',(#12122),#12133,.T.);
#12122 = FACE_BOUND('',#12123,.T.);
#12123 = EDGE_LOOP('',(#12124,#12130,#12131,#12132));
#12124 = ORIENTED_EDGE('',*,*,#12125,.T.);
#12125 = EDGE_CURVE('',#9607,#8869,#12126,.T.);
#12126 = LINE('',#12127,#12128);
#12127 = CARTESIAN_POINT('',(0.95,-14.99393556307,-0.32));
#12128 = VECTOR('',#12129,1.);
#12129 = DIRECTION('',(0.,1.,8.537024980201E-17));
#12130 = ORIENTED_EDGE('',*,*,#8894,.F.);
#12131 = ORIENTED_EDGE('',*,*,#12108,.F.);
#12132 = ORIENTED_EDGE('',*,*,#9614,.F.);
#12133 = PLANE('',#12134);
#12134 = AXIS2_PLACEMENT_3D('',#12135,#12136,#12137);
#12135 = CARTESIAN_POINT('',(0.95,-14.99393556307,0.32));
#12136 = DIRECTION('',(1.,0.,0.));
#12137 = DIRECTION('',(0.,0.,-1.));
#12138 = ADVANCED_FACE('',(#12139),#12145,.T.);
#12139 = FACE_BOUND('',#12140,.T.);
#12140 = EDGE_LOOP('',(#12141,#12142,#12143,#12144));
#12141 = ORIENTED_EDGE('',*,*,#12093,.T.);
#12142 = ORIENTED_EDGE('',*,*,#8868,.F.);
#12143 = ORIENTED_EDGE('',*,*,#12125,.F.);
#12144 = ORIENTED_EDGE('',*,*,#9606,.F.);
#12145 = PLANE('',#12146);
#12146 = AXIS2_PLACEMENT_3D('',#12147,#12148,#12149);
#12147 = CARTESIAN_POINT('',(0.95,-14.99393556307,-0.32));
#12148 = DIRECTION('',(0.,-8.537024980201E-17,1.));
#12149 = DIRECTION('',(0.,-1.,-8.537024980201E-17));
#12150 = ADVANCED_FACE('',(#12151),#12167,.T.);
#12151 = FACE_BOUND('',#12152,.T.);
#12152 = EDGE_LOOP('',(#12153,#12159,#12160,#12166));
#12153 = ORIENTED_EDGE('',*,*,#12154,.T.);
#12154 = EDGE_CURVE('',#10135,#9423,#12155,.T.);
#12155 = LINE('',#12156,#12157);
#12156 = CARTESIAN_POINT('',(1.59,-14.99393556307,-2.22));
#12157 = VECTOR('',#12158,1.);
#12158 = DIRECTION('',(0.,1.,8.537024980201E-17));
#12159 = ORIENTED_EDGE('',*,*,#9422,.F.);
#12160 = ORIENTED_EDGE('',*,*,#12161,.F.);
#12161 = EDGE_CURVE('',#10143,#9415,#12162,.T.);
#12162 = LINE('',#12163,#12164);
#12163 = CARTESIAN_POINT('',(1.59,-14.99393556307,-2.86));
#12164 = VECTOR('',#12165,1.);
#12165 = DIRECTION('',(0.,1.,8.537024980201E-17));
#12166 = ORIENTED_EDGE('',*,*,#10142,.F.);
#12167 = PLANE('',#12168);
#12168 = AXIS2_PLACEMENT_3D('',#12169,#12170,#12171);
#12169 = CARTESIAN_POINT('',(1.59,-14.99393556307,-2.86));
#12170 = DIRECTION('',(-1.,0.,0.));
#12171 = DIRECTION('',(0.,0.,1.));
#12172 = ADVANCED_FACE('',(#12173),#12184,.T.);
#12173 = FACE_BOUND('',#12174,.T.);
#12174 = EDGE_LOOP('',(#12175,#12181,#12182,#12183));
#12175 = ORIENTED_EDGE('',*,*,#12176,.T.);
#12176 = EDGE_CURVE('',#10133,#9431,#12177,.T.);
#12177 = LINE('',#12178,#12179);
#12178 = CARTESIAN_POINT('',(0.95,-14.99393556307,-2.22));
#12179 = VECTOR('',#12180,1.);
#12180 = DIRECTION('',(0.,1.,8.537024980201E-17));
#12181 = ORIENTED_EDGE('',*,*,#9430,.F.);
#12182 = ORIENTED_EDGE('',*,*,#12154,.F.);
#12183 = ORIENTED_EDGE('',*,*,#10132,.F.);
#12184 = PLANE('',#12185);
#12185 = AXIS2_PLACEMENT_3D('',#12186,#12187,#12188);
#12186 = CARTESIAN_POINT('',(1.59,-14.99393556307,-2.22));
#12187 = DIRECTION('',(0.,8.537024980201E-17,-1.));
#12188 = DIRECTION('',(0.,1.,8.537024980201E-17));
#12189 = ADVANCED_FACE('',(#12190),#12201,.T.);
#12190 = FACE_BOUND('',#12191,.T.);
#12191 = EDGE_LOOP('',(#12192,#12198,#12199,#12200));
#12192 = ORIENTED_EDGE('',*,*,#12193,.T.);
#12193 = EDGE_CURVE('',#10151,#9413,#12194,.T.);
#12194 = LINE('',#12195,#12196);
#12195 = CARTESIAN_POINT('',(0.95,-14.99393556307,-2.86));
#12196 = VECTOR('',#12197,1.);
#12197 = DIRECTION('',(0.,1.,8.537024980201E-17));
#12198 = ORIENTED_EDGE('',*,*,#9438,.F.);
#12199 = ORIENTED_EDGE('',*,*,#12176,.F.);
#12200 = ORIENTED_EDGE('',*,*,#10158,.F.);
#12201 = PLANE('',#12202);
#12202 = AXIS2_PLACEMENT_3D('',#12203,#12204,#12205);
#12203 = CARTESIAN_POINT('',(0.95,-14.99393556307,-2.22));
#12204 = DIRECTION('',(1.,0.,0.));
#12205 = DIRECTION('',(0.,0.,-1.));
#12206 = ADVANCED_FACE('',(#12207),#12213,.T.);
#12207 = FACE_BOUND('',#12208,.T.);
#12208 = EDGE_LOOP('',(#12209,#12210,#12211,#12212));
#12209 = ORIENTED_EDGE('',*,*,#12161,.T.);
#12210 = ORIENTED_EDGE('',*,*,#9412,.F.);
#12211 = ORIENTED_EDGE('',*,*,#12193,.F.);
#12212 = ORIENTED_EDGE('',*,*,#10150,.F.);
#12213 = PLANE('',#12214);
#12214 = AXIS2_PLACEMENT_3D('',#12215,#12216,#12217);
#12215 = CARTESIAN_POINT('',(0.95,-14.99393556307,-2.86));
#12216 = DIRECTION('',(0.,-8.537024980201E-17,1.));
#12217 = DIRECTION('',(0.,-1.,-8.537024980201E-17));
#12218 = ADVANCED_FACE('',(#12219),#12235,.T.);
#12219 = FACE_BOUND('',#12220,.T.);
#12220 = EDGE_LOOP('',(#12221,#12227,#12228,#12234));
#12221 = ORIENTED_EDGE('',*,*,#12222,.T.);
#12222 = EDGE_CURVE('',#9557,#8845,#12223,.T.);
#12223 = LINE('',#12224,#12225);
#12224 = CARTESIAN_POINT('',(4.13,-14.99393556307,0.32));
#12225 = VECTOR('',#12226,1.);
#12226 = DIRECTION('',(0.,1.,8.537024980201E-17));
#12227 = ORIENTED_EDGE('',*,*,#8844,.F.);
#12228 = ORIENTED_EDGE('',*,*,#12229,.F.);
#12229 = EDGE_CURVE('',#9565,#8837,#12230,.T.);
#12230 = LINE('',#12231,#12232);
#12231 = CARTESIAN_POINT('',(4.13,-14.99393556307,-0.32));
#12232 = VECTOR('',#12233,1.);
#12233 = DIRECTION('',(0.,1.,8.537024980201E-17));
#12234 = ORIENTED_EDGE('',*,*,#9564,.F.);
#12235 = PLANE('',#12236);
#12236 = AXIS2_PLACEMENT_3D('',#12237,#12238,#12239);
#12237 = CARTESIAN_POINT('',(4.13,-14.99393556307,-0.32));
#12238 = DIRECTION('',(-1.,0.,0.));
#12239 = DIRECTION('',(0.,0.,1.));
#12240 = ADVANCED_FACE('',(#12241),#12252,.T.);
#12241 = FACE_BOUND('',#12242,.T.);
#12242 = EDGE_LOOP('',(#12243,#12249,#12250,#12251));
#12243 = ORIENTED_EDGE('',*,*,#12244,.T.);
#12244 = EDGE_CURVE('',#9555,#8853,#12245,.T.);
#12245 = LINE('',#12246,#12247);
#12246 = CARTESIAN_POINT('',(3.49,-14.99393556307,0.32));
#12247 = VECTOR('',#12248,1.);
#12248 = DIRECTION('',(0.,1.,8.537024980201E-17));
#12249 = ORIENTED_EDGE('',*,*,#8852,.F.);
#12250 = ORIENTED_EDGE('',*,*,#12222,.F.);
#12251 = ORIENTED_EDGE('',*,*,#9554,.F.);
#12252 = PLANE('',#12253);
#12253 = AXIS2_PLACEMENT_3D('',#12254,#12255,#12256);
#12254 = CARTESIAN_POINT('',(4.13,-14.99393556307,0.32));
#12255 = DIRECTION('',(0.,8.537024980201E-17,-1.));
#12256 = DIRECTION('',(0.,1.,8.537024980201E-17));
#12257 = ADVANCED_FACE('',(#12258),#12269,.T.);
#12258 = FACE_BOUND('',#12259,.T.);
#12259 = EDGE_LOOP('',(#12260,#12266,#12267,#12268));
#12260 = ORIENTED_EDGE('',*,*,#12261,.T.);
#12261 = EDGE_CURVE('',#9573,#8835,#12262,.T.);
#12262 = LINE('',#12263,#12264);
#12263 = CARTESIAN_POINT('',(3.49,-14.99393556307,-0.32));
#12264 = VECTOR('',#12265,1.);
#12265 = DIRECTION('',(0.,1.,8.537024980201E-17));
#12266 = ORIENTED_EDGE('',*,*,#8860,.F.);
#12267 = ORIENTED_EDGE('',*,*,#12244,.F.);
#12268 = ORIENTED_EDGE('',*,*,#9580,.F.);
#12269 = PLANE('',#12270);
#12270 = AXIS2_PLACEMENT_3D('',#12271,#12272,#12273);
#12271 = CARTESIAN_POINT('',(3.49,-14.99393556307,0.32));
#12272 = DIRECTION('',(1.,0.,0.));
#12273 = DIRECTION('',(0.,0.,-1.));
#12274 = ADVANCED_FACE('',(#12275),#12281,.T.);
#12275 = FACE_BOUND('',#12276,.T.);
#12276 = EDGE_LOOP('',(#12277,#12278,#12279,#12280));
#12277 = ORIENTED_EDGE('',*,*,#12229,.T.);
#12278 = ORIENTED_EDGE('',*,*,#8834,.F.);
#12279 = ORIENTED_EDGE('',*,*,#12261,.F.);
#12280 = ORIENTED_EDGE('',*,*,#9572,.F.);
#12281 = PLANE('',#12282);
#12282 = AXIS2_PLACEMENT_3D('',#12283,#12284,#12285);
#12283 = CARTESIAN_POINT('',(3.49,-14.99393556307,-0.32));
#12284 = DIRECTION('',(0.,-8.537024980201E-17,1.));
#12285 = DIRECTION('',(0.,-1.,-8.537024980201E-17));
#12286 = ADVANCED_FACE('',(#12287),#12303,.T.);
#12287 = FACE_BOUND('',#12288,.T.);
#12288 = EDGE_LOOP('',(#12289,#12295,#12296,#12302));
#12289 = ORIENTED_EDGE('',*,*,#12290,.T.);
#12290 = EDGE_CURVE('',#10169,#9457,#12291,.T.);
#12291 = LINE('',#12292,#12293);
#12292 = CARTESIAN_POINT('',(4.13,-14.99393556307,-2.22));
#12293 = VECTOR('',#12294,1.);
#12294 = DIRECTION('',(0.,1.,8.537024980201E-17));
#12295 = ORIENTED_EDGE('',*,*,#9456,.F.);
#12296 = ORIENTED_EDGE('',*,*,#12297,.F.);
#12297 = EDGE_CURVE('',#10177,#9449,#12298,.T.);
#12298 = LINE('',#12299,#12300);
#12299 = CARTESIAN_POINT('',(4.13,-14.99393556307,-2.86));
#12300 = VECTOR('',#12301,1.);
#12301 = DIRECTION('',(0.,1.,8.537024980201E-17));
#12302 = ORIENTED_EDGE('',*,*,#10176,.F.);
#12303 = PLANE('',#12304);
#12304 = AXIS2_PLACEMENT_3D('',#12305,#12306,#12307);
#12305 = CARTESIAN_POINT('',(4.13,-14.99393556307,-2.86));
#12306 = DIRECTION('',(-1.,0.,0.));
#12307 = DIRECTION('',(0.,0.,1.));
#12308 = ADVANCED_FACE('',(#12309),#12320,.T.);
#12309 = FACE_BOUND('',#12310,.T.);
#12310 = EDGE_LOOP('',(#12311,#12317,#12318,#12319));
#12311 = ORIENTED_EDGE('',*,*,#12312,.T.);
#12312 = EDGE_CURVE('',#10167,#9465,#12313,.T.);
#12313 = LINE('',#12314,#12315);
#12314 = CARTESIAN_POINT('',(3.49,-14.99393556307,-2.22));
#12315 = VECTOR('',#12316,1.);
#12316 = DIRECTION('',(0.,1.,8.537024980201E-17));
#12317 = ORIENTED_EDGE('',*,*,#9464,.F.);
#12318 = ORIENTED_EDGE('',*,*,#12290,.F.);
#12319 = ORIENTED_EDGE('',*,*,#10166,.F.);
#12320 = PLANE('',#12321);
#12321 = AXIS2_PLACEMENT_3D('',#12322,#12323,#12324);
#12322 = CARTESIAN_POINT('',(4.13,-14.99393556307,-2.22));
#12323 = DIRECTION('',(0.,8.537024980201E-17,-1.));
#12324 = DIRECTION('',(0.,1.,8.537024980201E-17));
#12325 = ADVANCED_FACE('',(#12326),#12337,.T.);
#12326 = FACE_BOUND('',#12327,.T.);
#12327 = EDGE_LOOP('',(#12328,#12334,#12335,#12336));
#12328 = ORIENTED_EDGE('',*,*,#12329,.T.);
#12329 = EDGE_CURVE('',#10185,#9447,#12330,.T.);
#12330 = LINE('',#12331,#12332);
#12331 = CARTESIAN_POINT('',(3.49,-14.99393556307,-2.86));
#12332 = VECTOR('',#12333,1.);
#12333 = DIRECTION('',(0.,1.,8.537024980201E-17));
#12334 = ORIENTED_EDGE('',*,*,#9472,.F.);
#12335 = ORIENTED_EDGE('',*,*,#12312,.F.);
#12336 = ORIENTED_EDGE('',*,*,#10192,.F.);
#12337 = PLANE('',#12338);
#12338 = AXIS2_PLACEMENT_3D('',#12339,#12340,#12341);
#12339 = CARTESIAN_POINT('',(3.49,-14.99393556307,-2.22));
#12340 = DIRECTION('',(1.,0.,0.));
#12341 = DIRECTION('',(0.,0.,-1.));
#12342 = ADVANCED_FACE('',(#12343),#12349,.T.);
#12343 = FACE_BOUND('',#12344,.T.);
#12344 = EDGE_LOOP('',(#12345,#12346,#12347,#12348));
#12345 = ORIENTED_EDGE('',*,*,#12297,.T.);
#12346 = ORIENTED_EDGE('',*,*,#9446,.F.);
#12347 = ORIENTED_EDGE('',*,*,#12329,.F.);
#12348 = ORIENTED_EDGE('',*,*,#10184,.F.);
#12349 = PLANE('',#12350);
#12350 = AXIS2_PLACEMENT_3D('',#12351,#12352,#12353);
#12351 = CARTESIAN_POINT('',(3.49,-14.99393556307,-2.86));
#12352 = DIRECTION('',(0.,-8.537024980201E-17,1.));
#12353 = DIRECTION('',(0.,-1.,-8.537024980201E-17));
#12354 = ADVANCED_FACE('',(#12355),#12371,.T.);
#12355 = FACE_BOUND('',#12356,.T.);
#12356 = EDGE_LOOP('',(#12357,#12363,#12364,#12370));
#12357 = ORIENTED_EDGE('',*,*,#12358,.T.);
#12358 = EDGE_CURVE('',#9523,#8811,#12359,.T.);
#12359 = LINE('',#12360,#12361);
#12360 = CARTESIAN_POINT('',(6.67,-14.99393556307,0.32));
#12361 = VECTOR('',#12362,1.);
#12362 = DIRECTION('',(0.,1.,8.537024980201E-17));
#12363 = ORIENTED_EDGE('',*,*,#8810,.F.);
#12364 = ORIENTED_EDGE('',*,*,#12365,.F.);
#12365 = EDGE_CURVE('',#9531,#8803,#12366,.T.);
#12366 = LINE('',#12367,#12368);
#12367 = CARTESIAN_POINT('',(6.67,-14.99393556307,-0.32));
#12368 = VECTOR('',#12369,1.);
#12369 = DIRECTION('',(0.,1.,8.537024980201E-17));
#12370 = ORIENTED_EDGE('',*,*,#9530,.F.);
#12371 = PLANE('',#12372);
#12372 = AXIS2_PLACEMENT_3D('',#12373,#12374,#12375);
#12373 = CARTESIAN_POINT('',(6.67,-14.99393556307,-0.32));
#12374 = DIRECTION('',(-1.,0.,0.));
#12375 = DIRECTION('',(0.,0.,1.));
#12376 = ADVANCED_FACE('',(#12377),#12388,.T.);
#12377 = FACE_BOUND('',#12378,.T.);
#12378 = EDGE_LOOP('',(#12379,#12385,#12386,#12387));
#12379 = ORIENTED_EDGE('',*,*,#12380,.T.);
#12380 = EDGE_CURVE('',#9521,#8819,#12381,.T.);
#12381 = LINE('',#12382,#12383);
#12382 = CARTESIAN_POINT('',(6.03,-14.99393556307,0.32));
#12383 = VECTOR('',#12384,1.);
#12384 = DIRECTION('',(0.,1.,8.537024980201E-17));
#12385 = ORIENTED_EDGE('',*,*,#8818,.F.);
#12386 = ORIENTED_EDGE('',*,*,#12358,.F.);
#12387 = ORIENTED_EDGE('',*,*,#9520,.F.);
#12388 = PLANE('',#12389);
#12389 = AXIS2_PLACEMENT_3D('',#12390,#12391,#12392);
#12390 = CARTESIAN_POINT('',(6.67,-14.99393556307,0.32));
#12391 = DIRECTION('',(0.,8.537024980201E-17,-1.));
#12392 = DIRECTION('',(0.,1.,8.537024980201E-17));
#12393 = ADVANCED_FACE('',(#12394),#12405,.T.);
#12394 = FACE_BOUND('',#12395,.T.);
#12395 = EDGE_LOOP('',(#12396,#12402,#12403,#12404));
#12396 = ORIENTED_EDGE('',*,*,#12397,.T.);
#12397 = EDGE_CURVE('',#9539,#8801,#12398,.T.);
#12398 = LINE('',#12399,#12400);
#12399 = CARTESIAN_POINT('',(6.03,-14.99393556307,-0.32));
#12400 = VECTOR('',#12401,1.);
#12401 = DIRECTION('',(0.,1.,8.537024980201E-17));
#12402 = ORIENTED_EDGE('',*,*,#8826,.F.);
#12403 = ORIENTED_EDGE('',*,*,#12380,.F.);
#12404 = ORIENTED_EDGE('',*,*,#9546,.F.);
#12405 = PLANE('',#12406);
#12406 = AXIS2_PLACEMENT_3D('',#12407,#12408,#12409);
#12407 = CARTESIAN_POINT('',(6.03,-14.99393556307,0.32));
#12408 = DIRECTION('',(1.,0.,0.));
#12409 = DIRECTION('',(0.,0.,-1.));
#12410 = ADVANCED_FACE('',(#12411),#12417,.T.);
#12411 = FACE_BOUND('',#12412,.T.);
#12412 = EDGE_LOOP('',(#12413,#12414,#12415,#12416));
#12413 = ORIENTED_EDGE('',*,*,#12365,.T.);
#12414 = ORIENTED_EDGE('',*,*,#8800,.F.);
#12415 = ORIENTED_EDGE('',*,*,#12397,.F.);
#12416 = ORIENTED_EDGE('',*,*,#9538,.F.);
#12417 = PLANE('',#12418);
#12418 = AXIS2_PLACEMENT_3D('',#12419,#12420,#12421);
#12419 = CARTESIAN_POINT('',(6.03,-14.99393556307,-0.32));
#12420 = DIRECTION('',(0.,-8.537024980201E-17,1.));
#12421 = DIRECTION('',(0.,-1.,-8.537024980201E-17));
#12422 = ADVANCED_FACE('',(#12423),#12439,.T.);
#12423 = FACE_BOUND('',#12424,.T.);
#12424 = EDGE_LOOP('',(#12425,#12431,#12432,#12438));
#12425 = ORIENTED_EDGE('',*,*,#12426,.T.);
#12426 = EDGE_CURVE('',#10203,#9491,#12427,.T.);
#12427 = LINE('',#12428,#12429);
#12428 = CARTESIAN_POINT('',(6.67,-14.99393556307,-2.22));
#12429 = VECTOR('',#12430,1.);
#12430 = DIRECTION('',(0.,1.,8.537024980201E-17));
#12431 = ORIENTED_EDGE('',*,*,#9490,.F.);
#12432 = ORIENTED_EDGE('',*,*,#12433,.F.);
#12433 = EDGE_CURVE('',#10211,#9483,#12434,.T.);
#12434 = LINE('',#12435,#12436);
#12435 = CARTESIAN_POINT('',(6.67,-14.99393556307,-2.86));
#12436 = VECTOR('',#12437,1.);
#12437 = DIRECTION('',(0.,1.,8.537024980201E-17));
#12438 = ORIENTED_EDGE('',*,*,#10210,.F.);
#12439 = PLANE('',#12440);
#12440 = AXIS2_PLACEMENT_3D('',#12441,#12442,#12443);
#12441 = CARTESIAN_POINT('',(6.67,-14.99393556307,-2.86));
#12442 = DIRECTION('',(-1.,0.,0.));
#12443 = DIRECTION('',(0.,0.,1.));
#12444 = ADVANCED_FACE('',(#12445),#12456,.T.);
#12445 = FACE_BOUND('',#12446,.T.);
#12446 = EDGE_LOOP('',(#12447,#12453,#12454,#12455));
#12447 = ORIENTED_EDGE('',*,*,#12448,.T.);
#12448 = EDGE_CURVE('',#10201,#9499,#12449,.T.);
#12449 = LINE('',#12450,#12451);
#12450 = CARTESIAN_POINT('',(6.03,-14.99393556307,-2.22));
#12451 = VECTOR('',#12452,1.);
#12452 = DIRECTION('',(0.,1.,8.537024980201E-17));
#12453 = ORIENTED_EDGE('',*,*,#9498,.F.);
#12454 = ORIENTED_EDGE('',*,*,#12426,.F.);
#12455 = ORIENTED_EDGE('',*,*,#10200,.F.);
#12456 = PLANE('',#12457);
#12457 = AXIS2_PLACEMENT_3D('',#12458,#12459,#12460);
#12458 = CARTESIAN_POINT('',(6.67,-14.99393556307,-2.22));
#12459 = DIRECTION('',(0.,8.537024980201E-17,-1.));
#12460 = DIRECTION('',(0.,1.,8.537024980201E-17));
#12461 = ADVANCED_FACE('',(#12462),#12473,.T.);
#12462 = FACE_BOUND('',#12463,.T.);
#12463 = EDGE_LOOP('',(#12464,#12470,#12471,#12472));
#12464 = ORIENTED_EDGE('',*,*,#12465,.T.);
#12465 = EDGE_CURVE('',#10219,#9481,#12466,.T.);
#12466 = LINE('',#12467,#12468);
#12467 = CARTESIAN_POINT('',(6.03,-14.99393556307,-2.86));
#12468 = VECTOR('',#12469,1.);
#12469 = DIRECTION('',(0.,1.,8.537024980201E-17));
#12470 = ORIENTED_EDGE('',*,*,#9506,.F.);
#12471 = ORIENTED_EDGE('',*,*,#12448,.F.);
#12472 = ORIENTED_EDGE('',*,*,#10226,.F.);
#12473 = PLANE('',#12474);
#12474 = AXIS2_PLACEMENT_3D('',#12475,#12476,#12477);
#12475 = CARTESIAN_POINT('',(6.03,-14.99393556307,-2.22));
#12476 = DIRECTION('',(1.,0.,0.));
#12477 = DIRECTION('',(0.,0.,-1.));
#12478 = ADVANCED_FACE('',(#12479),#12485,.T.);
#12479 = FACE_BOUND('',#12480,.T.);
#12480 = EDGE_LOOP('',(#12481,#12482,#12483,#12484));
#12481 = ORIENTED_EDGE('',*,*,#12433,.T.);
#12482 = ORIENTED_EDGE('',*,*,#9480,.F.);
#12483 = ORIENTED_EDGE('',*,*,#12465,.F.);
#12484 = ORIENTED_EDGE('',*,*,#10218,.F.);
#12485 = PLANE('',#12486);
#12486 = AXIS2_PLACEMENT_3D('',#12487,#12488,#12489);
#12487 = CARTESIAN_POINT('',(6.03,-14.99393556307,-2.86));
#12488 = DIRECTION('',(0.,-8.537024980201E-17,1.));
#12489 = DIRECTION('',(0.,-1.,-8.537024980201E-17));
#12490 = ( GEOMETRIC_REPRESENTATION_CONTEXT(3) 
GLOBAL_UNCERTAINTY_ASSIGNED_CONTEXT((#12494)) 
GLOBAL_UNIT_ASSIGNED_CONTEXT((#12491,#12492,#12493)) 
REPRESENTATION_CONTEXT('Context #1',
  '3D Context with UNIT and UNCERTAINTY') );
#12491 = ( LENGTH_UNIT() NAMED_UNIT(*) SI_UNIT(.MILLI.,.METRE.) );
#12492 = ( NAMED_UNIT(*) PLANE_ANGLE_UNIT() SI_UNIT($,.RADIAN.) );
#12493 = ( NAMED_UNIT(*) SI_UNIT($,.STERADIAN.) SOLID_ANGLE_UNIT() );
#12494 = UNCERTAINTY_MEASURE_WITH_UNIT(LENGTH_MEASURE(1.E-07),#12491,
  'distance_accuracy_value','confusion accuracy');
#12495 = SHAPE_DEFINITION_REPRESENTATION(#12496,#8793);
#12496 = PRODUCT_DEFINITION_SHAPE('','',#12497);
#12497 = PRODUCT_DEFINITION('design','',#12498,#12501);
#12498 = PRODUCT_DEFINITION_FORMATION('','',#12499);
#12499 = PRODUCT('61301221121','61301221121','',(#12500));
#12500 = PRODUCT_CONTEXT('',#2,'mechanical');
#12501 = PRODUCT_DEFINITION_CONTEXT('part definition',#2,'design');
#12502 = CONTEXT_DEPENDENT_SHAPE_REPRESENTATION(#12503,#12505);
#12503 = ( REPRESENTATION_RELATIONSHIP('','',#8793,#8735) 
REPRESENTATION_RELATIONSHIP_WITH_TRANSFORMATION(#12504) 
SHAPE_REPRESENTATION_RELATIONSHIP() );
#12504 = ITEM_DEFINED_TRANSFORMATION('','',#11,#8736);
#12505 = PRODUCT_DEFINITION_SHAPE('Placement','Placement of an item',
  #12506);
#12506 = NEXT_ASSEMBLY_USAGE_OCCURRENCE('171','61301221121','',#8730,
  #12497,$);
#12507 = PRODUCT_RELATED_PRODUCT_CATEGORY('part',$,(#12499));
#12508 = ADVANCED_BREP_SHAPE_REPRESENTATION('',(#11,#12509),#12851);
#12509 = MANIFOLD_SOLID_BREP('',#12510);
#12510 = CLOSED_SHELL('',(#12511,#12551,#12591,#12631,#12671,#12693,
    #12715,#12737,#12754,#12771,#12783,#12805,#12822,#12839));
#12511 = ADVANCED_FACE('',(#12512),#12546,.F.);
#12512 = FACE_BOUND('',#12513,.T.);
#12513 = EDGE_LOOP('',(#12514,#12524,#12532,#12540));
#12514 = ORIENTED_EDGE('',*,*,#12515,.T.);
#12515 = EDGE_CURVE('',#12516,#12518,#12520,.T.);
#12516 = VERTEX_POINT('',#12517);
#12517 = CARTESIAN_POINT('',(0.12,-0.12,5.77));
#12518 = VERTEX_POINT('',#12519);
#12519 = CARTESIAN_POINT('',(0.12,0.12,5.77));
#12520 = LINE('',#12521,#12522);
#12521 = CARTESIAN_POINT('',(0.12,-0.32,5.77));
#12522 = VECTOR('',#12523,1.);
#12523 = DIRECTION('',(0.,1.,0.));
#12524 = ORIENTED_EDGE('',*,*,#12525,.T.);
#12525 = EDGE_CURVE('',#12518,#12526,#12528,.T.);
#12526 = VERTEX_POINT('',#12527);
#12527 = CARTESIAN_POINT('',(-0.12,0.12,5.77));
#12528 = LINE('',#12529,#12530);
#12529 = CARTESIAN_POINT('',(0.32,0.12,5.77));
#12530 = VECTOR('',#12531,1.);
#12531 = DIRECTION('',(-1.,0.,0.));
#12532 = ORIENTED_EDGE('',*,*,#12533,.T.);
#12533 = EDGE_CURVE('',#12526,#12534,#12536,.T.);
#12534 = VERTEX_POINT('',#12535);
#12535 = CARTESIAN_POINT('',(-0.12,-0.12,5.77));
#12536 = LINE('',#12537,#12538);
#12537 = CARTESIAN_POINT('',(-0.12,-0.32,5.77));
#12538 = VECTOR('',#12539,1.);
#12539 = DIRECTION('',(0.,-1.,0.));
#12540 = ORIENTED_EDGE('',*,*,#12541,.T.);
#12541 = EDGE_CURVE('',#12534,#12516,#12542,.T.);
#12542 = LINE('',#12543,#12544);
#12543 = CARTESIAN_POINT('',(0.32,-0.12,5.77));
#12544 = VECTOR('',#12545,1.);
#12545 = DIRECTION('',(1.,0.,0.));
#12546 = PLANE('',#12547);
#12547 = AXIS2_PLACEMENT_3D('',#12548,#12549,#12550);
#12548 = CARTESIAN_POINT('',(0.32,-0.32,5.77));
#12549 = DIRECTION('',(0.,0.,-1.));
#12550 = DIRECTION('',(-1.,0.,0.));
#12551 = ADVANCED_FACE('',(#12552),#12586,.F.);
#12552 = FACE_BOUND('',#12553,.T.);
#12553 = EDGE_LOOP('',(#12554,#12564,#12572,#12580));
#12554 = ORIENTED_EDGE('',*,*,#12555,.T.);
#12555 = EDGE_CURVE('',#12556,#12558,#12560,.T.);
#12556 = VERTEX_POINT('',#12557);
#12557 = CARTESIAN_POINT('',(-0.32,0.32,5.57));
#12558 = VERTEX_POINT('',#12559);
#12559 = CARTESIAN_POINT('',(-0.32,0.32,-5.57));
#12560 = LINE('',#12561,#12562);
#12561 = CARTESIAN_POINT('',(-0.32,0.32,5.77));
#12562 = VECTOR('',#12563,1.);
#12563 = DIRECTION('',(-7.516132911511E-17,0.,-1.));
#12564 = ORIENTED_EDGE('',*,*,#12565,.T.);
#12565 = EDGE_CURVE('',#12558,#12566,#12568,.T.);
#12566 = VERTEX_POINT('',#12567);
#12567 = CARTESIAN_POINT('',(-0.32,-0.32,-5.57));
#12568 = LINE('',#12569,#12570);
#12569 = CARTESIAN_POINT('',(-0.32,-0.32,-5.57));
#12570 = VECTOR('',#12571,1.);
#12571 = DIRECTION('',(0.,-1.,0.));
#12572 = ORIENTED_EDGE('',*,*,#12573,.F.);
#12573 = EDGE_CURVE('',#12574,#12566,#12576,.T.);
#12574 = VERTEX_POINT('',#12575);
#12575 = CARTESIAN_POINT('',(-0.32,-0.32,5.57));
#12576 = LINE('',#12577,#12578);
#12577 = CARTESIAN_POINT('',(-0.32,-0.32,5.77));
#12578 = VECTOR('',#12579,1.);
#12579 = DIRECTION('',(-7.516132911511E-17,0.,-1.));
#12580 = ORIENTED_EDGE('',*,*,#12581,.T.);
#12581 = EDGE_CURVE('',#12574,#12556,#12582,.T.);
#12582 = LINE('',#12583,#12584);
#12583 = CARTESIAN_POINT('',(-0.32,-0.32,5.57));
#12584 = VECTOR('',#12585,1.);
#12585 = DIRECTION('',(0.,1.,0.));
#12586 = PLANE('',#12587);
#12587 = AXIS2_PLACEMENT_3D('',#12588,#12589,#12590);
#12588 = CARTESIAN_POINT('',(-0.32,-0.32,5.77));
#12589 = DIRECTION('',(1.,0.,-7.516132911511E-17));
#12590 = DIRECTION('',(-7.516132911511E-17,0.,-1.));
#12591 = ADVANCED_FACE('',(#12592),#12626,.F.);
#12592 = FACE_BOUND('',#12593,.T.);
#12593 = EDGE_LOOP('',(#12594,#12604,#12612,#12620));
#12594 = ORIENTED_EDGE('',*,*,#12595,.T.);
#12595 = EDGE_CURVE('',#12596,#12598,#12600,.T.);
#12596 = VERTEX_POINT('',#12597);
#12597 = CARTESIAN_POINT('',(0.12,0.12,-5.77));
#12598 = VERTEX_POINT('',#12599);
#12599 = CARTESIAN_POINT('',(0.12,-0.12,-5.77));
#12600 = LINE('',#12601,#12602);
#12601 = CARTESIAN_POINT('',(0.12,-0.32,-5.77));
#12602 = VECTOR('',#12603,1.);
#12603 = DIRECTION('',(0.,-1.,0.));
#12604 = ORIENTED_EDGE('',*,*,#12605,.T.);
#12605 = EDGE_CURVE('',#12598,#12606,#12608,.T.);
#12606 = VERTEX_POINT('',#12607);
#12607 = CARTESIAN_POINT('',(-0.12,-0.12,-5.77));
#12608 = LINE('',#12609,#12610);
#12609 = CARTESIAN_POINT('',(-0.32,-0.12,-5.77));
#12610 = VECTOR('',#12611,1.);
#12611 = DIRECTION('',(-1.,0.,-8.131516293641E-15));
#12612 = ORIENTED_EDGE('',*,*,#12613,.T.);
#12613 = EDGE_CURVE('',#12606,#12614,#12616,.T.);
#12614 = VERTEX_POINT('',#12615);
#12615 = CARTESIAN_POINT('',(-0.12,0.12,-5.77));
#12616 = LINE('',#12617,#12618);
#12617 = CARTESIAN_POINT('',(-0.12,-0.32,-5.77));
#12618 = VECTOR('',#12619,1.);
#12619 = DIRECTION('',(0.,1.,0.));
#12620 = ORIENTED_EDGE('',*,*,#12621,.T.);
#12621 = EDGE_CURVE('',#12614,#12596,#12622,.T.);
#12622 = LINE('',#12623,#12624);
#12623 = CARTESIAN_POINT('',(-0.32,0.12,-5.77));
#12624 = VECTOR('',#12625,1.);
#12625 = DIRECTION('',(1.,0.,8.131516293641E-15));
#12626 = PLANE('',#12627);
#12627 = AXIS2_PLACEMENT_3D('',#12628,#12629,#12630);
#12628 = CARTESIAN_POINT('',(-0.32,-0.32,-5.77));
#12629 = DIRECTION('',(-8.131516293641E-15,0.,1.));
#12630 = DIRECTION('',(1.,0.,8.131516293641E-15));
#12631 = ADVANCED_FACE('',(#12632),#12666,.F.);
#12632 = FACE_BOUND('',#12633,.T.);
#12633 = EDGE_LOOP('',(#12634,#12644,#12652,#12660));
#12634 = ORIENTED_EDGE('',*,*,#12635,.F.);
#12635 = EDGE_CURVE('',#12636,#12638,#12640,.T.);
#12636 = VERTEX_POINT('',#12637);
#12637 = CARTESIAN_POINT('',(0.32,-0.32,-5.57));
#12638 = VERTEX_POINT('',#12639);
#12639 = CARTESIAN_POINT('',(0.32,-0.32,5.57));
#12640 = LINE('',#12641,#12642);
#12641 = CARTESIAN_POINT('',(0.32,-0.32,-5.77));
#12642 = VECTOR('',#12643,1.);
#12643 = DIRECTION('',(0.,0.,1.));
#12644 = ORIENTED_EDGE('',*,*,#12645,.T.);
#12645 = EDGE_CURVE('',#12636,#12646,#12648,.T.);
#12646 = VERTEX_POINT('',#12647);
#12647 = CARTESIAN_POINT('',(0.32,0.32,-5.57));
#12648 = LINE('',#12649,#12650);
#12649 = CARTESIAN_POINT('',(0.32,-0.32,-5.57));
#12650 = VECTOR('',#12651,1.);
#12651 = DIRECTION('',(0.,1.,0.));
#12652 = ORIENTED_EDGE('',*,*,#12653,.T.);
#12653 = EDGE_CURVE('',#12646,#12654,#12656,.T.);
#12654 = VERTEX_POINT('',#12655);
#12655 = CARTESIAN_POINT('',(0.32,0.32,5.57));
#12656 = LINE('',#12657,#12658);
#12657 = CARTESIAN_POINT('',(0.32,0.32,-5.77));
#12658 = VECTOR('',#12659,1.);
#12659 = DIRECTION('',(0.,0.,1.));
#12660 = ORIENTED_EDGE('',*,*,#12661,.T.);
#12661 = EDGE_CURVE('',#12654,#12638,#12662,.T.);
#12662 = LINE('',#12663,#12664);
#12663 = CARTESIAN_POINT('',(0.32,-0.32,5.57));
#12664 = VECTOR('',#12665,1.);
#12665 = DIRECTION('',(0.,-1.,0.));
#12666 = PLANE('',#12667);
#12667 = AXIS2_PLACEMENT_3D('',#12668,#12669,#12670);
#12668 = CARTESIAN_POINT('',(0.32,-0.32,-5.77));
#12669 = DIRECTION('',(-1.,0.,0.));
#12670 = DIRECTION('',(0.,0.,1.));
#12671 = ADVANCED_FACE('',(#12672),#12688,.T.);
#12672 = FACE_BOUND('',#12673,.T.);
#12673 = EDGE_LOOP('',(#12674,#12675,#12681,#12682));
#12674 = ORIENTED_EDGE('',*,*,#12573,.T.);
#12675 = ORIENTED_EDGE('',*,*,#12676,.T.);
#12676 = EDGE_CURVE('',#12566,#12636,#12677,.T.);
#12677 = LINE('',#12678,#12679);
#12678 = CARTESIAN_POINT('',(0.32,-0.32,-5.57));
#12679 = VECTOR('',#12680,1.);
#12680 = DIRECTION('',(1.,0.,8.131516293641E-15));
#12681 = ORIENTED_EDGE('',*,*,#12635,.T.);
#12682 = ORIENTED_EDGE('',*,*,#12683,.T.);
#12683 = EDGE_CURVE('',#12638,#12574,#12684,.T.);
#12684 = LINE('',#12685,#12686);
#12685 = CARTESIAN_POINT('',(-0.32,-0.32,5.57));
#12686 = VECTOR('',#12687,1.);
#12687 = DIRECTION('',(-1.,0.,0.));
#12688 = PLANE('',#12689);
#12689 = AXIS2_PLACEMENT_3D('',#12690,#12691,#12692);
#12690 = CARTESIAN_POINT('',(0.,-0.32,0.));
#12691 = DIRECTION('',(0.,-1.,0.));
#12692 = DIRECTION('',(0.,0.,-1.));
#12693 = ADVANCED_FACE('',(#12694),#12710,.F.);
#12694 = FACE_BOUND('',#12695,.T.);
#12695 = EDGE_LOOP('',(#12696,#12697,#12703,#12704));
#12696 = ORIENTED_EDGE('',*,*,#12653,.F.);
#12697 = ORIENTED_EDGE('',*,*,#12698,.T.);
#12698 = EDGE_CURVE('',#12646,#12558,#12699,.T.);
#12699 = LINE('',#12700,#12701);
#12700 = CARTESIAN_POINT('',(4.529254575558E-14,0.32,-5.57));
#12701 = VECTOR('',#12702,1.);
#12702 = DIRECTION('',(-1.,0.,-8.131516293641E-15));
#12703 = ORIENTED_EDGE('',*,*,#12555,.F.);
#12704 = ORIENTED_EDGE('',*,*,#12705,.T.);
#12705 = EDGE_CURVE('',#12556,#12654,#12706,.T.);
#12706 = LINE('',#12707,#12708);
#12707 = CARTESIAN_POINT('',(0.,0.32,5.57));
#12708 = VECTOR('',#12709,1.);
#12709 = DIRECTION('',(1.,0.,0.));
#12710 = PLANE('',#12711);
#12711 = AXIS2_PLACEMENT_3D('',#12712,#12713,#12714);
#12712 = CARTESIAN_POINT('',(0.,0.32,0.));
#12713 = DIRECTION('',(0.,-1.,0.));
#12714 = DIRECTION('',(0.,0.,-1.));
#12715 = ADVANCED_FACE('',(#12716),#12732,.F.);
#12716 = FACE_BOUND('',#12717,.T.);
#12717 = EDGE_LOOP('',(#12718,#12724,#12725,#12731));
#12718 = ORIENTED_EDGE('',*,*,#12719,.F.);
#12719 = EDGE_CURVE('',#12596,#12646,#12720,.T.);
#12720 = LINE('',#12721,#12722);
#12721 = CARTESIAN_POINT('',(0.106666666667,0.106666666667,
    -5.783333333333));
#12722 = VECTOR('',#12723,1.);
#12723 = DIRECTION('',(0.57735026919,0.57735026919,0.57735026919));
#12724 = ORIENTED_EDGE('',*,*,#12621,.F.);
#12725 = ORIENTED_EDGE('',*,*,#12726,.T.);
#12726 = EDGE_CURVE('',#12614,#12558,#12727,.T.);
#12727 = LINE('',#12728,#12729);
#12728 = CARTESIAN_POINT('',(-0.186666666667,0.186666666667,
    -5.703333333333));
#12729 = VECTOR('',#12730,1.);
#12730 = DIRECTION('',(-0.57735026919,0.57735026919,0.57735026919));
#12731 = ORIENTED_EDGE('',*,*,#12698,.F.);
#12732 = PLANE('',#12733);
#12733 = AXIS2_PLACEMENT_3D('',#12734,#12735,#12736);
#12734 = CARTESIAN_POINT('',(-0.32,0.12,-5.77));
#12735 = DIRECTION('',(-5.749850312563E-15,-0.707106781187,
    0.707106781187));
#12736 = DIRECTION('',(1.,7.88860905221E-31,8.131516293641E-15));
#12737 = ADVANCED_FACE('',(#12738),#12749,.F.);
#12738 = FACE_BOUND('',#12739,.T.);
#12739 = EDGE_LOOP('',(#12740,#12741,#12742,#12748));
#12740 = ORIENTED_EDGE('',*,*,#12726,.F.);
#12741 = ORIENTED_EDGE('',*,*,#12613,.F.);
#12742 = ORIENTED_EDGE('',*,*,#12743,.F.);
#12743 = EDGE_CURVE('',#12566,#12606,#12744,.T.);
#12744 = LINE('',#12745,#12746);
#12745 = CARTESIAN_POINT('',(-0.186666666667,-0.186666666667,
    -5.703333333333));
#12746 = VECTOR('',#12747,1.);
#12747 = DIRECTION('',(0.57735026919,0.57735026919,-0.57735026919));
#12748 = ORIENTED_EDGE('',*,*,#12565,.F.);
#12749 = PLANE('',#12750);
#12750 = AXIS2_PLACEMENT_3D('',#12751,#12752,#12753);
#12751 = CARTESIAN_POINT('',(-0.12,-0.32,-5.77));
#12752 = DIRECTION('',(0.707106781187,0.,0.707106781187));
#12753 = DIRECTION('',(-0.,1.,0.));
#12754 = ADVANCED_FACE('',(#12755),#12766,.F.);
#12755 = FACE_BOUND('',#12756,.T.);
#12756 = EDGE_LOOP('',(#12757,#12758,#12759,#12765));
#12757 = ORIENTED_EDGE('',*,*,#12719,.T.);
#12758 = ORIENTED_EDGE('',*,*,#12645,.F.);
#12759 = ORIENTED_EDGE('',*,*,#12760,.F.);
#12760 = EDGE_CURVE('',#12598,#12636,#12761,.T.);
#12761 = LINE('',#12762,#12763);
#12762 = CARTESIAN_POINT('',(0.32,-0.32,-5.57));
#12763 = VECTOR('',#12764,1.);
#12764 = DIRECTION('',(0.57735026919,-0.57735026919,0.57735026919));
#12765 = ORIENTED_EDGE('',*,*,#12595,.F.);
#12766 = PLANE('',#12767);
#12767 = AXIS2_PLACEMENT_3D('',#12768,#12769,#12770);
#12768 = CARTESIAN_POINT('',(0.32,-0.32,-5.57));
#12769 = DIRECTION('',(-0.707106781187,0.,0.707106781187));
#12770 = DIRECTION('',(0.,1.,0.));
#12771 = ADVANCED_FACE('',(#12772),#12778,.T.);
#12772 = FACE_BOUND('',#12773,.T.);
#12773 = EDGE_LOOP('',(#12774,#12775,#12776,#12777));
#12774 = ORIENTED_EDGE('',*,*,#12743,.T.);
#12775 = ORIENTED_EDGE('',*,*,#12605,.F.);
#12776 = ORIENTED_EDGE('',*,*,#12760,.T.);
#12777 = ORIENTED_EDGE('',*,*,#12676,.F.);
#12778 = PLANE('',#12779);
#12779 = AXIS2_PLACEMENT_3D('',#12780,#12781,#12782);
#12780 = CARTESIAN_POINT('',(4.529254575558E-14,-0.32,-5.57));
#12781 = DIRECTION('',(5.749850312563E-15,-0.707106781187,
    -0.707106781187));
#12782 = DIRECTION('',(-1.,7.88860905221E-31,-8.131516293641E-15));
#12783 = ADVANCED_FACE('',(#12784),#12800,.T.);
#12784 = FACE_BOUND('',#12785,.T.);
#12785 = EDGE_LOOP('',(#12786,#12792,#12793,#12799));
#12786 = ORIENTED_EDGE('',*,*,#12787,.F.);
#12787 = EDGE_CURVE('',#12574,#12534,#12788,.T.);
#12788 = LINE('',#12789,#12790);
#12789 = CARTESIAN_POINT('',(-0.213333333333,-0.213333333333,
    5.676666666667));
#12790 = VECTOR('',#12791,1.);
#12791 = DIRECTION('',(0.57735026919,0.57735026919,0.57735026919));
#12792 = ORIENTED_EDGE('',*,*,#12683,.F.);
#12793 = ORIENTED_EDGE('',*,*,#12794,.T.);
#12794 = EDGE_CURVE('',#12638,#12516,#12795,.T.);
#12795 = LINE('',#12796,#12797);
#12796 = CARTESIAN_POINT('',(0.186666666667,-0.186666666667,
    5.703333333333));
#12797 = VECTOR('',#12798,1.);
#12798 = DIRECTION('',(-0.57735026919,0.57735026919,0.57735026919));
#12799 = ORIENTED_EDGE('',*,*,#12541,.F.);
#12800 = PLANE('',#12801);
#12801 = AXIS2_PLACEMENT_3D('',#12802,#12803,#12804);
#12802 = CARTESIAN_POINT('',(0.,-0.32,5.57));
#12803 = DIRECTION('',(0.,-0.707106781187,0.707106781187));
#12804 = DIRECTION('',(1.,0.,0.));
#12805 = ADVANCED_FACE('',(#12806),#12817,.F.);
#12806 = FACE_BOUND('',#12807,.T.);
#12807 = EDGE_LOOP('',(#12808,#12809,#12810,#12816));
#12808 = ORIENTED_EDGE('',*,*,#12794,.F.);
#12809 = ORIENTED_EDGE('',*,*,#12661,.F.);
#12810 = ORIENTED_EDGE('',*,*,#12811,.T.);
#12811 = EDGE_CURVE('',#12654,#12518,#12812,.T.);
#12812 = LINE('',#12813,#12814);
#12813 = CARTESIAN_POINT('',(-2.666666666667E-02,-2.666666666667E-02,
    5.916666666667));
#12814 = VECTOR('',#12815,1.);
#12815 = DIRECTION('',(-0.57735026919,-0.57735026919,0.57735026919));
#12816 = ORIENTED_EDGE('',*,*,#12515,.F.);
#12817 = PLANE('',#12818);
#12818 = AXIS2_PLACEMENT_3D('',#12819,#12820,#12821);
#12819 = CARTESIAN_POINT('',(0.12,-0.32,5.77));
#12820 = DIRECTION('',(-0.707106781187,0.,-0.707106781187));
#12821 = DIRECTION('',(0.,1.,0.));
#12822 = ADVANCED_FACE('',(#12823),#12834,.F.);
#12823 = FACE_BOUND('',#12824,.T.);
#12824 = EDGE_LOOP('',(#12825,#12826,#12827,#12833));
#12825 = ORIENTED_EDGE('',*,*,#12787,.T.);
#12826 = ORIENTED_EDGE('',*,*,#12533,.F.);
#12827 = ORIENTED_EDGE('',*,*,#12828,.T.);
#12828 = EDGE_CURVE('',#12526,#12556,#12829,.T.);
#12829 = LINE('',#12830,#12831);
#12830 = CARTESIAN_POINT('',(-0.106666666667,0.106666666667,
    5.783333333333));
#12831 = VECTOR('',#12832,1.);
#12832 = DIRECTION('',(-0.57735026919,0.57735026919,-0.57735026919));
#12833 = ORIENTED_EDGE('',*,*,#12581,.F.);
#12834 = PLANE('',#12835);
#12835 = AXIS2_PLACEMENT_3D('',#12836,#12837,#12838);
#12836 = CARTESIAN_POINT('',(-0.32,-0.32,5.57));
#12837 = DIRECTION('',(0.707106781187,0.,-0.707106781187));
#12838 = DIRECTION('',(0.,1.,0.));
#12839 = ADVANCED_FACE('',(#12840),#12846,.F.);
#12840 = FACE_BOUND('',#12841,.T.);
#12841 = EDGE_LOOP('',(#12842,#12843,#12844,#12845));
#12842 = ORIENTED_EDGE('',*,*,#12811,.F.);
#12843 = ORIENTED_EDGE('',*,*,#12705,.F.);
#12844 = ORIENTED_EDGE('',*,*,#12828,.F.);
#12845 = ORIENTED_EDGE('',*,*,#12525,.F.);
#12846 = PLANE('',#12847);
#12847 = AXIS2_PLACEMENT_3D('',#12848,#12849,#12850);
#12848 = CARTESIAN_POINT('',(0.32,0.12,5.77));
#12849 = DIRECTION('',(0.,-0.707106781187,-0.707106781187));
#12850 = DIRECTION('',(-1.,-0.,0.));
#12851 = ( GEOMETRIC_REPRESENTATION_CONTEXT(3) 
GLOBAL_UNCERTAINTY_ASSIGNED_CONTEXT((#12855)) 
GLOBAL_UNIT_ASSIGNED_CONTEXT((#12852,#12853,#12854)) 
REPRESENTATION_CONTEXT('Context #1',
  '3D Context with UNIT and UNCERTAINTY') );
#12852 = ( LENGTH_UNIT() NAMED_UNIT(*) SI_UNIT(.MILLI.,.METRE.) );
#12853 = ( NAMED_UNIT(*) PLANE_ANGLE_UNIT() SI_UNIT($,.RADIAN.) );
#12854 = ( NAMED_UNIT(*) SI_UNIT($,.STERADIAN.) SOLID_ANGLE_UNIT() );
#12855 = UNCERTAINTY_MEASURE_WITH_UNIT(LENGTH_MEASURE(1.E-07),#12852,
  'distance_accuracy_value','confusion accuracy');
#12856 = SHAPE_DEFINITION_REPRESENTATION(#12857,#12508);
#12857 = PRODUCT_DEFINITION_SHAPE('','',#12858);
#12858 = PRODUCT_DEFINITION('design','',#12859,#12862);
#12859 = PRODUCT_DEFINITION_FORMATION('','',#12860);
#12860 = PRODUCT('6130xx21121_PIN','6130xx21121_PIN','',(#12861));
#12861 = PRODUCT_CONTEXT('',#2,'mechanical');
#12862 = PRODUCT_DEFINITION_CONTEXT('part definition',#2,'design');
#12863 = CONTEXT_DEPENDENT_SHAPE_REPRESENTATION(#12864,#12866);
#12864 = ( REPRESENTATION_RELATIONSHIP('','',#12508,#8735) 
REPRESENTATION_RELATIONSHIP_WITH_TRANSFORMATION(#12865) 
SHAPE_REPRESENTATION_RELATIONSHIP() );
#12865 = ITEM_DEFINED_TRANSFORMATION('','',#11,#8740);
#12866 = PRODUCT_DEFINITION_SHAPE('Placement','Placement of an item',
  #12867);
#12867 = NEXT_ASSEMBLY_USAGE_OCCURRENCE('172','6130xx21121_PIN','',#8730
  ,#12858,$);
#12868 = PRODUCT_RELATED_PRODUCT_CATEGORY('part',$,(#12860));
#12869 = CONTEXT_DEPENDENT_SHAPE_REPRESENTATION(#12870,#12872);
#12870 = ( REPRESENTATION_RELATIONSHIP('','',#12508,#8735) 
REPRESENTATION_RELATIONSHIP_WITH_TRANSFORMATION(#12871) 
SHAPE_REPRESENTATION_RELATIONSHIP() );
#12871 = ITEM_DEFINED_TRANSFORMATION('','',#11,#8744);
#12872 = PRODUCT_DEFINITION_SHAPE('Placement','Placement of an item',
  #12873);
#12873 = NEXT_ASSEMBLY_USAGE_OCCURRENCE('173','6130xx21121_PIN','',#8730
  ,#12858,$);
#12874 = CONTEXT_DEPENDENT_SHAPE_REPRESENTATION(#12875,#12877);
#12875 = ( REPRESENTATION_RELATIONSHIP('','',#12508,#8735) 
REPRESENTATION_RELATIONSHIP_WITH_TRANSFORMATION(#12876) 
SHAPE_REPRESENTATION_RELATIONSHIP() );
#12876 = ITEM_DEFINED_TRANSFORMATION('','',#11,#8748);
#12877 = PRODUCT_DEFINITION_SHAPE('Placement','Placement of an item',
  #12878);
#12878 = NEXT_ASSEMBLY_USAGE_OCCURRENCE('174','6130xx21121_PIN','',#8730
  ,#12858,$);
#12879 = CONTEXT_DEPENDENT_SHAPE_REPRESENTATION(#12880,#12882);
#12880 = ( REPRESENTATION_RELATIONSHIP('','',#12508,#8735) 
REPRESENTATION_RELATIONSHIP_WITH_TRANSFORMATION(#12881) 
SHAPE_REPRESENTATION_RELATIONSHIP() );
#12881 = ITEM_DEFINED_TRANSFORMATION('','',#11,#8752);
#12882 = PRODUCT_DEFINITION_SHAPE('Placement','Placement of an item',
  #12883);
#12883 = NEXT_ASSEMBLY_USAGE_OCCURRENCE('175','6130xx21121_PIN','',#8730
  ,#12858,$);
#12884 = CONTEXT_DEPENDENT_SHAPE_REPRESENTATION(#12885,#12887);
#12885 = ( REPRESENTATION_RELATIONSHIP('','',#12508,#8735) 
REPRESENTATION_RELATIONSHIP_WITH_TRANSFORMATION(#12886) 
SHAPE_REPRESENTATION_RELATIONSHIP() );
#12886 = ITEM_DEFINED_TRANSFORMATION('','',#11,#8756);
#12887 = PRODUCT_DEFINITION_SHAPE('Placement','Placement of an item',
  #12888);
#12888 = NEXT_ASSEMBLY_USAGE_OCCURRENCE('176','6130xx21121_PIN','',#8730
  ,#12858,$);
#12889 = CONTEXT_DEPENDENT_SHAPE_REPRESENTATION(#12890,#12892);
#12890 = ( REPRESENTATION_RELATIONSHIP('','',#12508,#8735) 
REPRESENTATION_RELATIONSHIP_WITH_TRANSFORMATION(#12891) 
SHAPE_REPRESENTATION_RELATIONSHIP() );
#12891 = ITEM_DEFINED_TRANSFORMATION('','',#11,#8760);
#12892 = PRODUCT_DEFINITION_SHAPE('Placement','Placement of an item',
  #12893);
#12893 = NEXT_ASSEMBLY_USAGE_OCCURRENCE('177','6130xx21121_PIN','',#8730
  ,#12858,$);
#12894 = CONTEXT_DEPENDENT_SHAPE_REPRESENTATION(#12895,#12897);
#12895 = ( REPRESENTATION_RELATIONSHIP('','',#12508,#8735) 
REPRESENTATION_RELATIONSHIP_WITH_TRANSFORMATION(#12896) 
SHAPE_REPRESENTATION_RELATIONSHIP() );
#12896 = ITEM_DEFINED_TRANSFORMATION('','',#11,#8764);
#12897 = PRODUCT_DEFINITION_SHAPE('Placement','Placement of an item',
  #12898);
#12898 = NEXT_ASSEMBLY_USAGE_OCCURRENCE('178','6130xx21121_PIN','',#8730
  ,#12858,$);
#12899 = CONTEXT_DEPENDENT_SHAPE_REPRESENTATION(#12900,#12902);
#12900 = ( REPRESENTATION_RELATIONSHIP('','',#12508,#8735) 
REPRESENTATION_RELATIONSHIP_WITH_TRANSFORMATION(#12901) 
SHAPE_REPRESENTATION_RELATIONSHIP() );
#12901 = ITEM_DEFINED_TRANSFORMATION('','',#11,#8768);
#12902 = PRODUCT_DEFINITION_SHAPE('Placement','Placement of an item',
  #12903);
#12903 = NEXT_ASSEMBLY_USAGE_OCCURRENCE('179','6130xx21121_PIN','',#8730
  ,#12858,$);
#12904 = CONTEXT_DEPENDENT_SHAPE_REPRESENTATION(#12905,#12907);
#12905 = ( REPRESENTATION_RELATIONSHIP('','',#12508,#8735) 
REPRESENTATION_RELATIONSHIP_WITH_TRANSFORMATION(#12906) 
SHAPE_REPRESENTATION_RELATIONSHIP() );
#12906 = ITEM_DEFINED_TRANSFORMATION('','',#11,#8772);
#12907 = PRODUCT_DEFINITION_SHAPE('Placement','Placement of an item',
  #12908);
#12908 = NEXT_ASSEMBLY_USAGE_OCCURRENCE('180','6130xx21121_PIN','',#8730
  ,#12858,$);
#12909 = CONTEXT_DEPENDENT_SHAPE_REPRESENTATION(#12910,#12912);
#12910 = ( REPRESENTATION_RELATIONSHIP('','',#12508,#8735) 
REPRESENTATION_RELATIONSHIP_WITH_TRANSFORMATION(#12911) 
SHAPE_REPRESENTATION_RELATIONSHIP() );
#12911 = ITEM_DEFINED_TRANSFORMATION('','',#11,#8776);
#12912 = PRODUCT_DEFINITION_SHAPE('Placement','Placement of an item',
  #12913);
#12913 = NEXT_ASSEMBLY_USAGE_OCCURRENCE('181','6130xx21121_PIN','',#8730
  ,#12858,$);
#12914 = CONTEXT_DEPENDENT_SHAPE_REPRESENTATION(#12915,#12917);
#12915 = ( REPRESENTATION_RELATIONSHIP('','',#12508,#8735) 
REPRESENTATION_RELATIONSHIP_WITH_TRANSFORMATION(#12916) 
SHAPE_REPRESENTATION_RELATIONSHIP() );
#12916 = ITEM_DEFINED_TRANSFORMATION('','',#11,#8780);
#12917 = PRODUCT_DEFINITION_SHAPE('Placement','Placement of an item',
  #12918);
#12918 = NEXT_ASSEMBLY_USAGE_OCCURRENCE('182','6130xx21121_PIN','',#8730
  ,#12858,$);
#12919 = CONTEXT_DEPENDENT_SHAPE_REPRESENTATION(#12920,#12922);
#12920 = ( REPRESENTATION_RELATIONSHIP('','',#12508,#8735) 
REPRESENTATION_RELATIONSHIP_WITH_TRANSFORMATION(#12921) 
SHAPE_REPRESENTATION_RELATIONSHIP() );
#12921 = ITEM_DEFINED_TRANSFORMATION('','',#11,#8784);
#12922 = PRODUCT_DEFINITION_SHAPE('Placement','Placement of an item',
  #12923);
#12923 = NEXT_ASSEMBLY_USAGE_OCCURRENCE('183','6130xx21121_PIN','',#8730
  ,#12858,$);
#12924 = CONTEXT_DEPENDENT_SHAPE_REPRESENTATION(#12925,#12927);
#12925 = ( REPRESENTATION_RELATIONSHIP('','',#8735,#8718) 
REPRESENTATION_RELATIONSHIP_WITH_TRANSFORMATION(#12926) 
SHAPE_REPRESENTATION_RELATIONSHIP() );
#12926 = ITEM_DEFINED_TRANSFORMATION('','',#11,#8719);
#12927 = PRODUCT_DEFINITION_SHAPE('Placement','Placement of an item',
  #12928);
#12928 = NEXT_ASSEMBLY_USAGE_OCCURRENCE('184','','',#8713,#8730,$);
#12929 = PRODUCT_RELATED_PRODUCT_CATEGORY('part',$,(#8732));
#12930 = CONTEXT_DEPENDENT_SHAPE_REPRESENTATION(#12931,#12933);
#12931 = ( REPRESENTATION_RELATIONSHIP('','',#8718,#10) 
REPRESENTATION_RELATIONSHIP_WITH_TRANSFORMATION(#12932) 
SHAPE_REPRESENTATION_RELATIONSHIP() );
#12932 = ITEM_DEFINED_TRANSFORMATION('','',#11,#19);
#12933 = PRODUCT_DEFINITION_SHAPE('Placement','Placement of an item',
  #12934);
#12934 = NEXT_ASSEMBLY_USAGE_OCCURRENCE('185','','',#5,#8713,$);
#12935 = PRODUCT_RELATED_PRODUCT_CATEGORY('part',$,(#8715));
#12936 = SHAPE_DEFINITION_REPRESENTATION(#12937,#12943);
#12937 = PRODUCT_DEFINITION_SHAPE('','',#12938);
#12938 = PRODUCT_DEFINITION('design','',#12939,#12942);
#12939 = PRODUCT_DEFINITION_FORMATION('','',#12940);
#12940 = PRODUCT('J1AS','J1AS','',(#12941));
#12941 = PRODUCT_CONTEXT('',#2,'mechanical');
#12942 = PRODUCT_DEFINITION_CONTEXT('part definition',#2,'design');
#12943 = SHAPE_REPRESENTATION('',(#11,#12944),#12948);
#12944 = AXIS2_PLACEMENT_3D('',#12945,#12946,#12947);
#12945 = CARTESIAN_POINT('',(26.0500004,4.320001334601,-1.669998526573)
  );
#12946 = DIRECTION('',(-1.748455531469E-07,1.,1.192488632473E-08));
#12947 = DIRECTION('',(1.,1.748455531469E-07,3.681699088131E-31));
#12948 = ( GEOMETRIC_REPRESENTATION_CONTEXT(3) 
GLOBAL_UNCERTAINTY_ASSIGNED_CONTEXT((#12952)) 
GLOBAL_UNIT_ASSIGNED_CONTEXT((#12949,#12950,#12951)) 
REPRESENTATION_CONTEXT('Context #1',
  '3D Context with UNIT and UNCERTAINTY') );
#12949 = ( LENGTH_UNIT() NAMED_UNIT(*) SI_UNIT(.MILLI.,.METRE.) );
#12950 = ( NAMED_UNIT(*) PLANE_ANGLE_UNIT() SI_UNIT($,.RADIAN.) );
#12951 = ( NAMED_UNIT(*) SI_UNIT($,.STERADIAN.) SOLID_ANGLE_UNIT() );
#12952 = UNCERTAINTY_MEASURE_WITH_UNIT(LENGTH_MEASURE(1.E-07),#12949,
  'distance_accuracy_value','confusion accuracy');
#12953 = SHAPE_DEFINITION_REPRESENTATION(#12954,#12960);
#12954 = PRODUCT_DEFINITION_SHAPE('','',#12955);
#12955 = PRODUCT_DEFINITION('design','',#12956,#12959);
#12956 = PRODUCT_DEFINITION_FORMATION('','',#12957);
#12957 = PRODUCT('PINHEADER_12X2','PINHEADER_12X2','',(#12958));
#12958 = PRODUCT_CONTEXT('',#2,'mechanical');
#12959 = PRODUCT_DEFINITION_CONTEXT('part definition',#2,'design');
#12960 = SHAPE_REPRESENTATION('',(#11,#12961,#12965,#12969,#12973,#12977
    ,#12981,#12985,#12989,#12993,#12997,#13001,#13005,#13009,#13013,
    #13017,#13021,#13025,#13029,#13033,#13037,#13041,#13045,#13049,
    #13053,#13057),#13061);
#12961 = AXIS2_PLACEMENT_3D('',#12962,#12963,#12964);
#12962 = CARTESIAN_POINT('',(0.,0.,0.));
#12963 = DIRECTION('',(0.,0.,1.));
#12964 = DIRECTION('',(1.,0.,0.));
#12965 = AXIS2_PLACEMENT_3D('',#12966,#12967,#12968);
#12966 = CARTESIAN_POINT('',(-13.97,1.5,2.347975200769E-15));
#12967 = DIRECTION('',(3.885780586188E-16,-1.,-2.22044604925E-16));
#12968 = DIRECTION('',(1.,3.885780586188E-16,-2.775557561563E-16));
#12969 = AXIS2_PLACEMENT_3D('',#12970,#12971,#12972);
#12970 = CARTESIAN_POINT('',(-13.97,1.5,-2.54));
#12971 = DIRECTION('',(3.885780586188E-16,-1.,-2.22044604925E-16));
#12972 = DIRECTION('',(1.,3.885780586188E-16,-2.775557561563E-16));
#12973 = AXIS2_PLACEMENT_3D('',#12974,#12975,#12976);
#12974 = CARTESIAN_POINT('',(-11.43,1.5,2.347975200769E-15));
#12975 = DIRECTION('',(3.885780586188E-16,-1.,-2.22044604925E-16));
#12976 = DIRECTION('',(1.,3.885780586188E-16,-2.775557561563E-16));
#12977 = AXIS2_PLACEMENT_3D('',#12978,#12979,#12980);
#12978 = CARTESIAN_POINT('',(-11.43,1.5,-2.54));
#12979 = DIRECTION('',(3.885780586188E-16,-1.,-2.22044604925E-16));
#12980 = DIRECTION('',(1.,3.885780586188E-16,-2.775557561563E-16));
#12981 = AXIS2_PLACEMENT_3D('',#12982,#12983,#12984);
#12982 = CARTESIAN_POINT('',(-8.89,1.5,2.347975200769E-15));
#12983 = DIRECTION('',(3.885780586188E-16,-1.,-2.22044604925E-16));
#12984 = DIRECTION('',(1.,3.885780586188E-16,-2.775557561563E-16));
#12985 = AXIS2_PLACEMENT_3D('',#12986,#12987,#12988);
#12986 = CARTESIAN_POINT('',(-8.89,1.5,-2.54));
#12987 = DIRECTION('',(3.885780586188E-16,-1.,-2.22044604925E-16));
#12988 = DIRECTION('',(1.,3.885780586188E-16,-2.775557561563E-16));
#12989 = AXIS2_PLACEMENT_3D('',#12990,#12991,#12992);
#12990 = CARTESIAN_POINT('',(-6.35,1.5,2.347975200769E-15));
#12991 = DIRECTION('',(3.885780586188E-16,-1.,-2.22044604925E-16));
#12992 = DIRECTION('',(1.,3.885780586188E-16,-2.775557561563E-16));
#12993 = AXIS2_PLACEMENT_3D('',#12994,#12995,#12996);
#12994 = CARTESIAN_POINT('',(-6.35,1.5,-2.54));
#12995 = DIRECTION('',(3.885780586188E-16,-1.,-2.22044604925E-16));
#12996 = DIRECTION('',(1.,3.885780586188E-16,-2.775557561563E-16));
#12997 = AXIS2_PLACEMENT_3D('',#12998,#12999,#13000);
#12998 = CARTESIAN_POINT('',(-3.81,1.5,2.347975200769E-15));
#12999 = DIRECTION('',(3.885780586188E-16,-1.,-2.22044604925E-16));
#13000 = DIRECTION('',(1.,3.885780586188E-16,-2.775557561563E-16));
#13001 = AXIS2_PLACEMENT_3D('',#13002,#13003,#13004);
#13002 = CARTESIAN_POINT('',(-3.81,1.5,-2.54));
#13003 = DIRECTION('',(3.885780586188E-16,-1.,-2.22044604925E-16));
#13004 = DIRECTION('',(1.,3.885780586188E-16,-2.775557561563E-16));
#13005 = AXIS2_PLACEMENT_3D('',#13006,#13007,#13008);
#13006 = CARTESIAN_POINT('',(-1.27,1.5,2.347975200769E-15));
#13007 = DIRECTION('',(3.885780586188E-16,-1.,-2.22044604925E-16));
#13008 = DIRECTION('',(1.,3.885780586188E-16,-2.775557561563E-16));
#13009 = AXIS2_PLACEMENT_3D('',#13010,#13011,#13012);
#13010 = CARTESIAN_POINT('',(-1.27,1.5,-2.54));
#13011 = DIRECTION('',(3.885780586188E-16,-1.,-2.22044604925E-16));
#13012 = DIRECTION('',(1.,3.885780586188E-16,-2.775557561563E-16));
#13013 = AXIS2_PLACEMENT_3D('',#13014,#13015,#13016);
#13014 = CARTESIAN_POINT('',(1.27,1.5,2.347975200769E-15));
#13015 = DIRECTION('',(3.885780586188E-16,-1.,-2.22044604925E-16));
#13016 = DIRECTION('',(1.,3.885780586188E-16,-2.775557561563E-16));
#13017 = AXIS2_PLACEMENT_3D('',#13018,#13019,#13020);
#13018 = CARTESIAN_POINT('',(1.27,1.5,-2.54));
#13019 = DIRECTION('',(3.885780586188E-16,-1.,-2.22044604925E-16));
#13020 = DIRECTION('',(1.,3.885780586188E-16,-2.775557561563E-16));
#13021 = AXIS2_PLACEMENT_3D('',#13022,#13023,#13024);
#13022 = CARTESIAN_POINT('',(3.81,1.5,2.347975200769E-15));
#13023 = DIRECTION('',(3.885780586188E-16,-1.,-2.22044604925E-16));
#13024 = DIRECTION('',(1.,3.885780586188E-16,-2.775557561563E-16));
#13025 = AXIS2_PLACEMENT_3D('',#13026,#13027,#13028);
#13026 = CARTESIAN_POINT('',(3.81,1.5,-2.54));
#13027 = DIRECTION('',(3.885780586188E-16,-1.,-2.22044604925E-16));
#13028 = DIRECTION('',(1.,3.885780586188E-16,-2.775557561563E-16));
#13029 = AXIS2_PLACEMENT_3D('',#13030,#13031,#13032);
#13030 = CARTESIAN_POINT('',(6.35,1.5,2.347975200769E-15));
#13031 = DIRECTION('',(3.885780586188E-16,-1.,-2.22044604925E-16));
#13032 = DIRECTION('',(1.,3.885780586188E-16,-2.775557561563E-16));
#13033 = AXIS2_PLACEMENT_3D('',#13034,#13035,#13036);
#13034 = CARTESIAN_POINT('',(6.35,1.5,-2.54));
#13035 = DIRECTION('',(3.885780586188E-16,-1.,-2.22044604925E-16));
#13036 = DIRECTION('',(1.,3.885780586188E-16,-2.775557561563E-16));
#13037 = AXIS2_PLACEMENT_3D('',#13038,#13039,#13040);
#13038 = CARTESIAN_POINT('',(8.89,1.5,2.347975200769E-15));
#13039 = DIRECTION('',(3.885780586188E-16,-1.,-2.22044604925E-16));
#13040 = DIRECTION('',(1.,3.885780586188E-16,-2.775557561563E-16));
#13041 = AXIS2_PLACEMENT_3D('',#13042,#13043,#13044);
#13042 = CARTESIAN_POINT('',(8.89,1.5,-2.54));
#13043 = DIRECTION('',(3.885780586188E-16,-1.,-2.22044604925E-16));
#13044 = DIRECTION('',(1.,3.885780586188E-16,-2.775557561563E-16));
#13045 = AXIS2_PLACEMENT_3D('',#13046,#13047,#13048);
#13046 = CARTESIAN_POINT('',(11.43,1.5,2.347975200769E-15));
#13047 = DIRECTION('',(3.885780586188E-16,-1.,-2.22044604925E-16));
#13048 = DIRECTION('',(1.,3.885780586188E-16,-2.775557561563E-16));
#13049 = AXIS2_PLACEMENT_3D('',#13050,#13051,#13052);
#13050 = CARTESIAN_POINT('',(11.43,1.5,-2.54));
#13051 = DIRECTION('',(3.885780586188E-16,-1.,-2.22044604925E-16));
#13052 = DIRECTION('',(1.,3.885780586188E-16,-2.775557561563E-16));
#13053 = AXIS2_PLACEMENT_3D('',#13054,#13055,#13056);
#13054 = CARTESIAN_POINT('',(13.97,1.5,2.347975200769E-15));
#13055 = DIRECTION('',(3.885780586188E-16,-1.,-2.22044604925E-16));
#13056 = DIRECTION('',(1.,3.885780586188E-16,-2.775557561563E-16));
#13057 = AXIS2_PLACEMENT_3D('',#13058,#13059,#13060);
#13058 = CARTESIAN_POINT('',(13.97,1.5,-2.54));
#13059 = DIRECTION('',(3.885780586188E-16,-1.,-2.22044604925E-16));
#13060 = DIRECTION('',(1.,3.885780586188E-16,-2.775557561563E-16));
#13061 = ( GEOMETRIC_REPRESENTATION_CONTEXT(3) 
GLOBAL_UNCERTAINTY_ASSIGNED_CONTEXT((#13065)) 
GLOBAL_UNIT_ASSIGNED_CONTEXT((#13062,#13063,#13064)) 
REPRESENTATION_CONTEXT('Context #1',
  '3D Context with UNIT and UNCERTAINTY') );
#13062 = ( LENGTH_UNIT() NAMED_UNIT(*) SI_UNIT(.MILLI.,.METRE.) );
#13063 = ( NAMED_UNIT(*) PLANE_ANGLE_UNIT() SI_UNIT($,.RADIAN.) );
#13064 = ( NAMED_UNIT(*) SI_UNIT($,.STERADIAN.) SOLID_ANGLE_UNIT() );
#13065 = UNCERTAINTY_MEASURE_WITH_UNIT(LENGTH_MEASURE(1.E-07),#13062,
  'distance_accuracy_value','confusion accuracy');
#13066 = ADVANCED_BREP_SHAPE_REPRESENTATION('',(#11,#13067),#20375);
#13067 = MANIFOLD_SOLID_BREP('',#13068);
#13068 = CLOSED_SHELL('',(#13069,#14485,#15901,#15941,#15981,#16021,
    #16061,#16101,#16141,#16181,#16221,#16261,#16301,#16341,#16381,
    #16421,#16461,#16501,#16541,#16581,#16621,#16661,#16701,#16741,
    #16781,#16821,#16861,#16883,#16905,#16929,#16958,#16982,#17011,
    #17035,#17064,#17088,#17117,#17141,#17170,#17194,#17223,#17247,
    #17276,#17300,#17329,#17353,#17382,#17406,#17435,#17459,#17488,
    #17512,#17536,#17560,#17589,#17613,#17642,#17666,#17695,#17719,
    #17748,#17772,#17801,#17825,#17854,#17878,#17907,#17931,#17960,
    #17984,#18013,#18037,#18066,#18090,#18119,#18143,#18167,#18179,
    #18191,#18203,#18215,#18227,#18239,#18251,#18263,#18275,#18287,
    #18299,#18311,#18323,#18335,#18347,#18359,#18371,#18383,#18395,
    #18407,#18419,#18431,#18443,#18455,#18467,#18479,#18491,#18503,
    #18515,#18527,#18539,#18551,#18563,#18575,#18587,#18599,#18611,
    #18623,#18635,#18647,#18659,#18671,#18683,#18695,#18707,#18719,
    #18731,#18743,#18765,#18782,#18799,#18811,#18833,#18850,#18867,
    #18879,#18901,#18918,#18935,#18947,#18969,#18986,#19003,#19015,
    #19037,#19054,#19071,#19083,#19105,#19122,#19139,#19151,#19173,
    #19190,#19207,#19219,#19241,#19258,#19275,#19287,#19309,#19326,
    #19343,#19355,#19377,#19394,#19411,#19423,#19445,#19462,#19479,
    #19491,#19513,#19530,#19547,#19559,#19581,#19598,#19615,#19627,
    #19649,#19666,#19683,#19695,#19717,#19734,#19751,#19763,#19785,
    #19802,#19819,#19831,#19853,#19870,#19887,#19899,#19921,#19938,
    #19955,#19967,#19989,#20006,#20023,#20035,#20057,#20074,#20091,
    #20103,#20125,#20142,#20159,#20171,#20193,#20210,#20227,#20239,
    #20261,#20278,#20295,#20307,#20329,#20346,#20363));
#13069 = ADVANCED_FACE('',(#13070,#13104,#13138,#13172,#13206,#13240,
    #13274,#13308,#13342,#13376,#13410,#13444,#13478,#14072,#14106,
    #14140,#14174,#14208,#14242,#14276,#14310,#14344,#14378,#14412,
    #14446),#14480,.T.);
#13070 = FACE_BOUND('',#13071,.T.);
#13071 = EDGE_LOOP('',(#13072,#13082,#13090,#13098));
#13072 = ORIENTED_EDGE('',*,*,#13073,.T.);
#13073 = EDGE_CURVE('',#13074,#13076,#13078,.T.);
#13074 = VERTEX_POINT('',#13075);
#13075 = CARTESIAN_POINT('',(13.65,1.27,-0.32));
#13076 = VERTEX_POINT('',#13077);
#13077 = CARTESIAN_POINT('',(14.29,1.27,-0.32));
#13078 = LINE('',#13079,#13080);
#13079 = CARTESIAN_POINT('',(13.65,1.27,-0.32));
#13080 = VECTOR('',#13081,1.);
#13081 = DIRECTION('',(1.,0.,0.));
#13082 = ORIENTED_EDGE('',*,*,#13083,.T.);
#13083 = EDGE_CURVE('',#13076,#13084,#13086,.T.);
#13084 = VERTEX_POINT('',#13085);
#13085 = CARTESIAN_POINT('',(14.29,1.27,0.32));
#13086 = LINE('',#13087,#13088);
#13087 = CARTESIAN_POINT('',(14.29,1.27,-0.32));
#13088 = VECTOR('',#13089,1.);
#13089 = DIRECTION('',(0.,-8.537024980201E-17,1.));
#13090 = ORIENTED_EDGE('',*,*,#13091,.T.);
#13091 = EDGE_CURVE('',#13084,#13092,#13094,.T.);
#13092 = VERTEX_POINT('',#13093);
#13093 = CARTESIAN_POINT('',(13.65,1.27,0.32));
#13094 = LINE('',#13095,#13096);
#13095 = CARTESIAN_POINT('',(14.29,1.27,0.32));
#13096 = VECTOR('',#13097,1.);
#13097 = DIRECTION('',(-1.,0.,0.));
#13098 = ORIENTED_EDGE('',*,*,#13099,.T.);
#13099 = EDGE_CURVE('',#13092,#13074,#13100,.T.);
#13100 = LINE('',#13101,#13102);
#13101 = CARTESIAN_POINT('',(13.65,1.27,0.32));
#13102 = VECTOR('',#13103,1.);
#13103 = DIRECTION('',(0.,8.537024980201E-17,-1.));
#13104 = FACE_BOUND('',#13105,.T.);
#13105 = EDGE_LOOP('',(#13106,#13116,#13124,#13132));
#13106 = ORIENTED_EDGE('',*,*,#13107,.T.);
#13107 = EDGE_CURVE('',#13108,#13110,#13112,.T.);
#13108 = VERTEX_POINT('',#13109);
#13109 = CARTESIAN_POINT('',(11.11,1.27,-0.32));
#13110 = VERTEX_POINT('',#13111);
#13111 = CARTESIAN_POINT('',(11.75,1.27,-0.32));
#13112 = LINE('',#13113,#13114);
#13113 = CARTESIAN_POINT('',(11.11,1.27,-0.32));
#13114 = VECTOR('',#13115,1.);
#13115 = DIRECTION('',(1.,0.,0.));
#13116 = ORIENTED_EDGE('',*,*,#13117,.T.);
#13117 = EDGE_CURVE('',#13110,#13118,#13120,.T.);
#13118 = VERTEX_POINT('',#13119);
#13119 = CARTESIAN_POINT('',(11.75,1.27,0.32));
#13120 = LINE('',#13121,#13122);
#13121 = CARTESIAN_POINT('',(11.75,1.27,-0.32));
#13122 = VECTOR('',#13123,1.);
#13123 = DIRECTION('',(0.,-8.537024980201E-17,1.));
#13124 = ORIENTED_EDGE('',*,*,#13125,.T.);
#13125 = EDGE_CURVE('',#13118,#13126,#13128,.T.);
#13126 = VERTEX_POINT('',#13127);
#13127 = CARTESIAN_POINT('',(11.11,1.27,0.32));
#13128 = LINE('',#13129,#13130);
#13129 = CARTESIAN_POINT('',(11.75,1.27,0.32));
#13130 = VECTOR('',#13131,1.);
#13131 = DIRECTION('',(-1.,0.,0.));
#13132 = ORIENTED_EDGE('',*,*,#13133,.T.);
#13133 = EDGE_CURVE('',#13126,#13108,#13134,.T.);
#13134 = LINE('',#13135,#13136);
#13135 = CARTESIAN_POINT('',(11.11,1.27,0.32));
#13136 = VECTOR('',#13137,1.);
#13137 = DIRECTION('',(0.,8.537024980201E-17,-1.));
#13138 = FACE_BOUND('',#13139,.T.);
#13139 = EDGE_LOOP('',(#13140,#13150,#13158,#13166));
#13140 = ORIENTED_EDGE('',*,*,#13141,.T.);
#13141 = EDGE_CURVE('',#13142,#13144,#13146,.T.);
#13142 = VERTEX_POINT('',#13143);
#13143 = CARTESIAN_POINT('',(8.57,1.27,-0.32));
#13144 = VERTEX_POINT('',#13145);
#13145 = CARTESIAN_POINT('',(9.21,1.27,-0.32));
#13146 = LINE('',#13147,#13148);
#13147 = CARTESIAN_POINT('',(8.57,1.27,-0.32));
#13148 = VECTOR('',#13149,1.);
#13149 = DIRECTION('',(1.,0.,0.));
#13150 = ORIENTED_EDGE('',*,*,#13151,.T.);
#13151 = EDGE_CURVE('',#13144,#13152,#13154,.T.);
#13152 = VERTEX_POINT('',#13153);
#13153 = CARTESIAN_POINT('',(9.21,1.27,0.32));
#13154 = LINE('',#13155,#13156);
#13155 = CARTESIAN_POINT('',(9.21,1.27,-0.32));
#13156 = VECTOR('',#13157,1.);
#13157 = DIRECTION('',(0.,-8.537024980201E-17,1.));
#13158 = ORIENTED_EDGE('',*,*,#13159,.T.);
#13159 = EDGE_CURVE('',#13152,#13160,#13162,.T.);
#13160 = VERTEX_POINT('',#13161);
#13161 = CARTESIAN_POINT('',(8.57,1.27,0.32));
#13162 = LINE('',#13163,#13164);
#13163 = CARTESIAN_POINT('',(9.21,1.27,0.32));
#13164 = VECTOR('',#13165,1.);
#13165 = DIRECTION('',(-1.,0.,0.));
#13166 = ORIENTED_EDGE('',*,*,#13167,.T.);
#13167 = EDGE_CURVE('',#13160,#13142,#13168,.T.);
#13168 = LINE('',#13169,#13170);
#13169 = CARTESIAN_POINT('',(8.57,1.27,0.32));
#13170 = VECTOR('',#13171,1.);
#13171 = DIRECTION('',(0.,8.537024980201E-17,-1.));
#13172 = FACE_BOUND('',#13173,.T.);
#13173 = EDGE_LOOP('',(#13174,#13184,#13192,#13200));
#13174 = ORIENTED_EDGE('',*,*,#13175,.T.);
#13175 = EDGE_CURVE('',#13176,#13178,#13180,.T.);
#13176 = VERTEX_POINT('',#13177);
#13177 = CARTESIAN_POINT('',(6.03,1.27,-0.32));
#13178 = VERTEX_POINT('',#13179);
#13179 = CARTESIAN_POINT('',(6.67,1.27,-0.32));
#13180 = LINE('',#13181,#13182);
#13181 = CARTESIAN_POINT('',(6.03,1.27,-0.32));
#13182 = VECTOR('',#13183,1.);
#13183 = DIRECTION('',(1.,0.,0.));
#13184 = ORIENTED_EDGE('',*,*,#13185,.T.);
#13185 = EDGE_CURVE('',#13178,#13186,#13188,.T.);
#13186 = VERTEX_POINT('',#13187);
#13187 = CARTESIAN_POINT('',(6.67,1.27,0.32));
#13188 = LINE('',#13189,#13190);
#13189 = CARTESIAN_POINT('',(6.67,1.27,-0.32));
#13190 = VECTOR('',#13191,1.);
#13191 = DIRECTION('',(0.,-8.537024980201E-17,1.));
#13192 = ORIENTED_EDGE('',*,*,#13193,.T.);
#13193 = EDGE_CURVE('',#13186,#13194,#13196,.T.);
#13194 = VERTEX_POINT('',#13195);
#13195 = CARTESIAN_POINT('',(6.03,1.27,0.32));
#13196 = LINE('',#13197,#13198);
#13197 = CARTESIAN_POINT('',(6.67,1.27,0.32));
#13198 = VECTOR('',#13199,1.);
#13199 = DIRECTION('',(-1.,0.,0.));
#13200 = ORIENTED_EDGE('',*,*,#13201,.T.);
#13201 = EDGE_CURVE('',#13194,#13176,#13202,.T.);
#13202 = LINE('',#13203,#13204);
#13203 = CARTESIAN_POINT('',(6.03,1.27,0.32));
#13204 = VECTOR('',#13205,1.);
#13205 = DIRECTION('',(0.,8.537024980201E-17,-1.));
#13206 = FACE_BOUND('',#13207,.T.);
#13207 = EDGE_LOOP('',(#13208,#13218,#13226,#13234));
#13208 = ORIENTED_EDGE('',*,*,#13209,.T.);
#13209 = EDGE_CURVE('',#13210,#13212,#13214,.T.);
#13210 = VERTEX_POINT('',#13211);
#13211 = CARTESIAN_POINT('',(3.49,1.27,-0.32));
#13212 = VERTEX_POINT('',#13213);
#13213 = CARTESIAN_POINT('',(4.13,1.27,-0.32));
#13214 = LINE('',#13215,#13216);
#13215 = CARTESIAN_POINT('',(3.49,1.27,-0.32));
#13216 = VECTOR('',#13217,1.);
#13217 = DIRECTION('',(1.,0.,0.));
#13218 = ORIENTED_EDGE('',*,*,#13219,.T.);
#13219 = EDGE_CURVE('',#13212,#13220,#13222,.T.);
#13220 = VERTEX_POINT('',#13221);
#13221 = CARTESIAN_POINT('',(4.13,1.27,0.32));
#13222 = LINE('',#13223,#13224);
#13223 = CARTESIAN_POINT('',(4.13,1.27,-0.32));
#13224 = VECTOR('',#13225,1.);
#13225 = DIRECTION('',(0.,-8.537024980201E-17,1.));
#13226 = ORIENTED_EDGE('',*,*,#13227,.T.);
#13227 = EDGE_CURVE('',#13220,#13228,#13230,.T.);
#13228 = VERTEX_POINT('',#13229);
#13229 = CARTESIAN_POINT('',(3.49,1.27,0.32));
#13230 = LINE('',#13231,#13232);
#13231 = CARTESIAN_POINT('',(4.13,1.27,0.32));
#13232 = VECTOR('',#13233,1.);
#13233 = DIRECTION('',(-1.,0.,0.));
#13234 = ORIENTED_EDGE('',*,*,#13235,.T.);
#13235 = EDGE_CURVE('',#13228,#13210,#13236,.T.);
#13236 = LINE('',#13237,#13238);
#13237 = CARTESIAN_POINT('',(3.49,1.27,0.32));
#13238 = VECTOR('',#13239,1.);
#13239 = DIRECTION('',(0.,8.537024980201E-17,-1.));
#13240 = FACE_BOUND('',#13241,.T.);
#13241 = EDGE_LOOP('',(#13242,#13252,#13260,#13268));
#13242 = ORIENTED_EDGE('',*,*,#13243,.T.);
#13243 = EDGE_CURVE('',#13244,#13246,#13248,.T.);
#13244 = VERTEX_POINT('',#13245);
#13245 = CARTESIAN_POINT('',(0.95,1.27,-0.32));
#13246 = VERTEX_POINT('',#13247);
#13247 = CARTESIAN_POINT('',(1.59,1.27,-0.32));
#13248 = LINE('',#13249,#13250);
#13249 = CARTESIAN_POINT('',(0.95,1.27,-0.32));
#13250 = VECTOR('',#13251,1.);
#13251 = DIRECTION('',(1.,0.,0.));
#13252 = ORIENTED_EDGE('',*,*,#13253,.T.);
#13253 = EDGE_CURVE('',#13246,#13254,#13256,.T.);
#13254 = VERTEX_POINT('',#13255);
#13255 = CARTESIAN_POINT('',(1.59,1.27,0.32));
#13256 = LINE('',#13257,#13258);
#13257 = CARTESIAN_POINT('',(1.59,1.27,-0.32));
#13258 = VECTOR('',#13259,1.);
#13259 = DIRECTION('',(0.,-8.537024980201E-17,1.));
#13260 = ORIENTED_EDGE('',*,*,#13261,.T.);
#13261 = EDGE_CURVE('',#13254,#13262,#13264,.T.);
#13262 = VERTEX_POINT('',#13263);
#13263 = CARTESIAN_POINT('',(0.95,1.27,0.32));
#13264 = LINE('',#13265,#13266);
#13265 = CARTESIAN_POINT('',(1.59,1.27,0.32));
#13266 = VECTOR('',#13267,1.);
#13267 = DIRECTION('',(-1.,0.,0.));
#13268 = ORIENTED_EDGE('',*,*,#13269,.T.);
#13269 = EDGE_CURVE('',#13262,#13244,#13270,.T.);
#13270 = LINE('',#13271,#13272);
#13271 = CARTESIAN_POINT('',(0.95,1.27,0.32));
#13272 = VECTOR('',#13273,1.);
#13273 = DIRECTION('',(0.,8.537024980201E-17,-1.));
#13274 = FACE_BOUND('',#13275,.T.);
#13275 = EDGE_LOOP('',(#13276,#13286,#13294,#13302));
#13276 = ORIENTED_EDGE('',*,*,#13277,.T.);
#13277 = EDGE_CURVE('',#13278,#13280,#13282,.T.);
#13278 = VERTEX_POINT('',#13279);
#13279 = CARTESIAN_POINT('',(-1.59,1.27,-0.32));
#13280 = VERTEX_POINT('',#13281);
#13281 = CARTESIAN_POINT('',(-0.95,1.27,-0.32));
#13282 = LINE('',#13283,#13284);
#13283 = CARTESIAN_POINT('',(-1.59,1.27,-0.32));
#13284 = VECTOR('',#13285,1.);
#13285 = DIRECTION('',(1.,0.,0.));
#13286 = ORIENTED_EDGE('',*,*,#13287,.T.);
#13287 = EDGE_CURVE('',#13280,#13288,#13290,.T.);
#13288 = VERTEX_POINT('',#13289);
#13289 = CARTESIAN_POINT('',(-0.95,1.27,0.32));
#13290 = LINE('',#13291,#13292);
#13291 = CARTESIAN_POINT('',(-0.95,1.27,-0.32));
#13292 = VECTOR('',#13293,1.);
#13293 = DIRECTION('',(0.,-8.537024980201E-17,1.));
#13294 = ORIENTED_EDGE('',*,*,#13295,.T.);
#13295 = EDGE_CURVE('',#13288,#13296,#13298,.T.);
#13296 = VERTEX_POINT('',#13297);
#13297 = CARTESIAN_POINT('',(-1.59,1.27,0.32));
#13298 = LINE('',#13299,#13300);
#13299 = CARTESIAN_POINT('',(-0.95,1.27,0.32));
#13300 = VECTOR('',#13301,1.);
#13301 = DIRECTION('',(-1.,0.,0.));
#13302 = ORIENTED_EDGE('',*,*,#13303,.T.);
#13303 = EDGE_CURVE('',#13296,#13278,#13304,.T.);
#13304 = LINE('',#13305,#13306);
#13305 = CARTESIAN_POINT('',(-1.59,1.27,0.32));
#13306 = VECTOR('',#13307,1.);
#13307 = DIRECTION('',(0.,8.537024980201E-17,-1.));
#13308 = FACE_BOUND('',#13309,.T.);
#13309 = EDGE_LOOP('',(#13310,#13320,#13328,#13336));
#13310 = ORIENTED_EDGE('',*,*,#13311,.T.);
#13311 = EDGE_CURVE('',#13312,#13314,#13316,.T.);
#13312 = VERTEX_POINT('',#13313);
#13313 = CARTESIAN_POINT('',(-4.13,1.27,-0.32));
#13314 = VERTEX_POINT('',#13315);
#13315 = CARTESIAN_POINT('',(-3.49,1.27,-0.32));
#13316 = LINE('',#13317,#13318);
#13317 = CARTESIAN_POINT('',(-4.13,1.27,-0.32));
#13318 = VECTOR('',#13319,1.);
#13319 = DIRECTION('',(1.,0.,0.));
#13320 = ORIENTED_EDGE('',*,*,#13321,.T.);
#13321 = EDGE_CURVE('',#13314,#13322,#13324,.T.);
#13322 = VERTEX_POINT('',#13323);
#13323 = CARTESIAN_POINT('',(-3.49,1.27,0.32));
#13324 = LINE('',#13325,#13326);
#13325 = CARTESIAN_POINT('',(-3.49,1.27,-0.32));
#13326 = VECTOR('',#13327,1.);
#13327 = DIRECTION('',(0.,-8.537024980201E-17,1.));
#13328 = ORIENTED_EDGE('',*,*,#13329,.T.);
#13329 = EDGE_CURVE('',#13322,#13330,#13332,.T.);
#13330 = VERTEX_POINT('',#13331);
#13331 = CARTESIAN_POINT('',(-4.13,1.27,0.32));
#13332 = LINE('',#13333,#13334);
#13333 = CARTESIAN_POINT('',(-3.49,1.27,0.32));
#13334 = VECTOR('',#13335,1.);
#13335 = DIRECTION('',(-1.,0.,0.));
#13336 = ORIENTED_EDGE('',*,*,#13337,.T.);
#13337 = EDGE_CURVE('',#13330,#13312,#13338,.T.);
#13338 = LINE('',#13339,#13340);
#13339 = CARTESIAN_POINT('',(-4.13,1.27,0.32));
#13340 = VECTOR('',#13341,1.);
#13341 = DIRECTION('',(0.,8.537024980201E-17,-1.));
#13342 = FACE_BOUND('',#13343,.T.);
#13343 = EDGE_LOOP('',(#13344,#13354,#13362,#13370));
#13344 = ORIENTED_EDGE('',*,*,#13345,.T.);
#13345 = EDGE_CURVE('',#13346,#13348,#13350,.T.);
#13346 = VERTEX_POINT('',#13347);
#13347 = CARTESIAN_POINT('',(-6.67,1.27,-0.32));
#13348 = VERTEX_POINT('',#13349);
#13349 = CARTESIAN_POINT('',(-6.03,1.27,-0.32));
#13350 = LINE('',#13351,#13352);
#13351 = CARTESIAN_POINT('',(-6.67,1.27,-0.32));
#13352 = VECTOR('',#13353,1.);
#13353 = DIRECTION('',(1.,0.,0.));
#13354 = ORIENTED_EDGE('',*,*,#13355,.T.);
#13355 = EDGE_CURVE('',#13348,#13356,#13358,.T.);
#13356 = VERTEX_POINT('',#13357);
#13357 = CARTESIAN_POINT('',(-6.03,1.27,0.32));
#13358 = LINE('',#13359,#13360);
#13359 = CARTESIAN_POINT('',(-6.03,1.27,-0.32));
#13360 = VECTOR('',#13361,1.);
#13361 = DIRECTION('',(0.,-8.537024980201E-17,1.));
#13362 = ORIENTED_EDGE('',*,*,#13363,.T.);
#13363 = EDGE_CURVE('',#13356,#13364,#13366,.T.);
#13364 = VERTEX_POINT('',#13365);
#13365 = CARTESIAN_POINT('',(-6.67,1.27,0.32));
#13366 = LINE('',#13367,#13368);
#13367 = CARTESIAN_POINT('',(-6.03,1.27,0.32));
#13368 = VECTOR('',#13369,1.);
#13369 = DIRECTION('',(-1.,0.,0.));
#13370 = ORIENTED_EDGE('',*,*,#13371,.T.);
#13371 = EDGE_CURVE('',#13364,#13346,#13372,.T.);
#13372 = LINE('',#13373,#13374);
#13373 = CARTESIAN_POINT('',(-6.67,1.27,0.32));
#13374 = VECTOR('',#13375,1.);
#13375 = DIRECTION('',(0.,8.537024980201E-17,-1.));
#13376 = FACE_BOUND('',#13377,.T.);
#13377 = EDGE_LOOP('',(#13378,#13388,#13396,#13404));
#13378 = ORIENTED_EDGE('',*,*,#13379,.T.);
#13379 = EDGE_CURVE('',#13380,#13382,#13384,.T.);
#13380 = VERTEX_POINT('',#13381);
#13381 = CARTESIAN_POINT('',(-9.21,1.27,-0.32));
#13382 = VERTEX_POINT('',#13383);
#13383 = CARTESIAN_POINT('',(-8.57,1.27,-0.32));
#13384 = LINE('',#13385,#13386);
#13385 = CARTESIAN_POINT('',(-9.21,1.27,-0.32));
#13386 = VECTOR('',#13387,1.);
#13387 = DIRECTION('',(1.,0.,0.));
#13388 = ORIENTED_EDGE('',*,*,#13389,.T.);
#13389 = EDGE_CURVE('',#13382,#13390,#13392,.T.);
#13390 = VERTEX_POINT('',#13391);
#13391 = CARTESIAN_POINT('',(-8.57,1.27,0.32));
#13392 = LINE('',#13393,#13394);
#13393 = CARTESIAN_POINT('',(-8.57,1.27,-0.32));
#13394 = VECTOR('',#13395,1.);
#13395 = DIRECTION('',(0.,-8.537024980201E-17,1.));
#13396 = ORIENTED_EDGE('',*,*,#13397,.T.);
#13397 = EDGE_CURVE('',#13390,#13398,#13400,.T.);
#13398 = VERTEX_POINT('',#13399);
#13399 = CARTESIAN_POINT('',(-9.21,1.27,0.32));
#13400 = LINE('',#13401,#13402);
#13401 = CARTESIAN_POINT('',(-8.57,1.27,0.32));
#13402 = VECTOR('',#13403,1.);
#13403 = DIRECTION('',(-1.,0.,0.));
#13404 = ORIENTED_EDGE('',*,*,#13405,.T.);
#13405 = EDGE_CURVE('',#13398,#13380,#13406,.T.);
#13406 = LINE('',#13407,#13408);
#13407 = CARTESIAN_POINT('',(-9.21,1.27,0.32));
#13408 = VECTOR('',#13409,1.);
#13409 = DIRECTION('',(0.,8.537024980201E-17,-1.));
#13410 = FACE_BOUND('',#13411,.T.);
#13411 = EDGE_LOOP('',(#13412,#13422,#13430,#13438));
#13412 = ORIENTED_EDGE('',*,*,#13413,.T.);
#13413 = EDGE_CURVE('',#13414,#13416,#13418,.T.);
#13414 = VERTEX_POINT('',#13415);
#13415 = CARTESIAN_POINT('',(-11.75,1.27,-0.32));
#13416 = VERTEX_POINT('',#13417);
#13417 = CARTESIAN_POINT('',(-11.11,1.27,-0.32));
#13418 = LINE('',#13419,#13420);
#13419 = CARTESIAN_POINT('',(-11.75,1.27,-0.32));
#13420 = VECTOR('',#13421,1.);
#13421 = DIRECTION('',(1.,0.,0.));
#13422 = ORIENTED_EDGE('',*,*,#13423,.T.);
#13423 = EDGE_CURVE('',#13416,#13424,#13426,.T.);
#13424 = VERTEX_POINT('',#13425);
#13425 = CARTESIAN_POINT('',(-11.11,1.27,0.32));
#13426 = LINE('',#13427,#13428);
#13427 = CARTESIAN_POINT('',(-11.11,1.27,-0.32));
#13428 = VECTOR('',#13429,1.);
#13429 = DIRECTION('',(0.,-8.537024980201E-17,1.));
#13430 = ORIENTED_EDGE('',*,*,#13431,.T.);
#13431 = EDGE_CURVE('',#13424,#13432,#13434,.T.);
#13432 = VERTEX_POINT('',#13433);
#13433 = CARTESIAN_POINT('',(-11.75,1.27,0.32));
#13434 = LINE('',#13435,#13436);
#13435 = CARTESIAN_POINT('',(-11.11,1.27,0.32));
#13436 = VECTOR('',#13437,1.);
#13437 = DIRECTION('',(-1.,0.,0.));
#13438 = ORIENTED_EDGE('',*,*,#13439,.T.);
#13439 = EDGE_CURVE('',#13432,#13414,#13440,.T.);
#13440 = LINE('',#13441,#13442);
#13441 = CARTESIAN_POINT('',(-11.75,1.27,0.32));
#13442 = VECTOR('',#13443,1.);
#13443 = DIRECTION('',(0.,8.537024980201E-17,-1.));
#13444 = FACE_BOUND('',#13445,.T.);
#13445 = EDGE_LOOP('',(#13446,#13456,#13464,#13472));
#13446 = ORIENTED_EDGE('',*,*,#13447,.T.);
#13447 = EDGE_CURVE('',#13448,#13450,#13452,.T.);
#13448 = VERTEX_POINT('',#13449);
#13449 = CARTESIAN_POINT('',(-14.29,1.27,-0.32));
#13450 = VERTEX_POINT('',#13451);
#13451 = CARTESIAN_POINT('',(-13.65,1.27,-0.32));
#13452 = LINE('',#13453,#13454);
#13453 = CARTESIAN_POINT('',(-14.29,1.27,-0.32));
#13454 = VECTOR('',#13455,1.);
#13455 = DIRECTION('',(1.,0.,0.));
#13456 = ORIENTED_EDGE('',*,*,#13457,.T.);
#13457 = EDGE_CURVE('',#13450,#13458,#13460,.T.);
#13458 = VERTEX_POINT('',#13459);
#13459 = CARTESIAN_POINT('',(-13.65,1.27,0.32));
#13460 = LINE('',#13461,#13462);
#13461 = CARTESIAN_POINT('',(-13.65,1.27,-0.32));
#13462 = VECTOR('',#13463,1.);
#13463 = DIRECTION('',(0.,-8.537024980201E-17,1.));
#13464 = ORIENTED_EDGE('',*,*,#13465,.T.);
#13465 = EDGE_CURVE('',#13458,#13466,#13468,.T.);
#13466 = VERTEX_POINT('',#13467);
#13467 = CARTESIAN_POINT('',(-14.29,1.27,0.32));
#13468 = LINE('',#13469,#13470);
#13469 = CARTESIAN_POINT('',(-13.65,1.27,0.32));
#13470 = VECTOR('',#13471,1.);
#13471 = DIRECTION('',(-1.,0.,0.));
#13472 = ORIENTED_EDGE('',*,*,#13473,.T.);
#13473 = EDGE_CURVE('',#13466,#13448,#13474,.T.);
#13474 = LINE('',#13475,#13476);
#13475 = CARTESIAN_POINT('',(-14.29,1.27,0.32));
#13476 = VECTOR('',#13477,1.);
#13477 = DIRECTION('',(0.,8.537024980201E-17,-1.));
#13478 = FACE_BOUND('',#13479,.T.);
#13479 = EDGE_LOOP('',(#13480,#13490,#13498,#13506,#13514,#13522,#13530,
    #13538,#13546,#13554,#13562,#13570,#13578,#13586,#13594,#13602,
    #13610,#13618,#13626,#13634,#13642,#13650,#13658,#13666,#13674,
    #13682,#13690,#13698,#13706,#13714,#13722,#13730,#13738,#13746,
    #13754,#13762,#13770,#13778,#13786,#13794,#13802,#13810,#13818,
    #13826,#13834,#13842,#13850,#13858,#13866,#13874,#13882,#13890,
    #13898,#13906,#13914,#13922,#13930,#13938,#13946,#13954,#13962,
    #13970,#13978,#13986,#13994,#14002,#14010,#14018,#14026,#14034,
    #14042,#14050,#14058,#14066));
#13480 = ORIENTED_EDGE('',*,*,#13481,.F.);
#13481 = EDGE_CURVE('',#13482,#13484,#13486,.T.);
#13482 = VERTEX_POINT('',#13483);
#13483 = CARTESIAN_POINT('',(14.99,1.27,1.27));
#13484 = VERTEX_POINT('',#13485);
#13485 = CARTESIAN_POINT('',(12.95,1.27,1.27));
#13486 = LINE('',#13487,#13488);
#13487 = CARTESIAN_POINT('',(15.24,1.27,1.27));
#13488 = VECTOR('',#13489,1.);
#13489 = DIRECTION('',(-1.,0.,0.));
#13490 = ORIENTED_EDGE('',*,*,#13491,.T.);
#13491 = EDGE_CURVE('',#13482,#13492,#13494,.T.);
#13492 = VERTEX_POINT('',#13493);
#13493 = CARTESIAN_POINT('',(15.24,1.27,0.77));
#13494 = LINE('',#13495,#13496);
#13495 = CARTESIAN_POINT('',(14.99,1.27,1.27));
#13496 = VECTOR('',#13497,1.);
#13497 = DIRECTION('',(0.4472135955,7.635747272537E-17,-0.894427191));
#13498 = ORIENTED_EDGE('',*,*,#13499,.T.);
#13499 = EDGE_CURVE('',#13492,#13500,#13502,.T.);
#13500 = VERTEX_POINT('',#13501);
#13501 = CARTESIAN_POINT('',(15.24,1.27,-3.31));
#13502 = LINE('',#13503,#13504);
#13503 = CARTESIAN_POINT('',(15.24,1.27,1.27));
#13504 = VECTOR('',#13505,1.);
#13505 = DIRECTION('',(0.,8.537024980201E-17,-1.));
#13506 = ORIENTED_EDGE('',*,*,#13507,.F.);
#13507 = EDGE_CURVE('',#13508,#13500,#13510,.T.);
#13508 = VERTEX_POINT('',#13509);
#13509 = CARTESIAN_POINT('',(14.99,1.27,-3.81));
#13510 = LINE('',#13511,#13512);
#13511 = CARTESIAN_POINT('',(14.99,1.27,-3.81));
#13512 = VECTOR('',#13513,1.);
#13513 = DIRECTION('',(0.4472135955,7.635747272537E-17,0.894427191));
#13514 = ORIENTED_EDGE('',*,*,#13515,.T.);
#13515 = EDGE_CURVE('',#13508,#13516,#13518,.T.);
#13516 = VERTEX_POINT('',#13517);
#13517 = CARTESIAN_POINT('',(12.95,1.27,-3.81));
#13518 = LINE('',#13519,#13520);
#13519 = CARTESIAN_POINT('',(15.24,1.27,-3.81));
#13520 = VECTOR('',#13521,1.);
#13521 = DIRECTION('',(-1.,0.,0.));
#13522 = ORIENTED_EDGE('',*,*,#13523,.F.);
#13523 = EDGE_CURVE('',#13524,#13516,#13526,.T.);
#13524 = VERTEX_POINT('',#13525);
#13525 = CARTESIAN_POINT('',(12.7,1.27,-3.31));
#13526 = LINE('',#13527,#13528);
#13527 = CARTESIAN_POINT('',(12.7,1.27,-3.31));
#13528 = VECTOR('',#13529,1.);
#13529 = DIRECTION('',(0.4472135955,-7.635747272537E-17,-0.894427191));
#13530 = ORIENTED_EDGE('',*,*,#13531,.F.);
#13531 = EDGE_CURVE('',#13532,#13524,#13534,.T.);
#13532 = VERTEX_POINT('',#13533);
#13533 = CARTESIAN_POINT('',(12.45,1.27,-3.81));
#13534 = LINE('',#13535,#13536);
#13535 = CARTESIAN_POINT('',(12.45,1.27,-3.81));
#13536 = VECTOR('',#13537,1.);
#13537 = DIRECTION('',(0.4472135955,7.635747272537E-17,0.894427191));
#13538 = ORIENTED_EDGE('',*,*,#13539,.T.);
#13539 = EDGE_CURVE('',#13532,#13540,#13542,.T.);
#13540 = VERTEX_POINT('',#13541);
#13541 = CARTESIAN_POINT('',(10.41,1.27,-3.81));
#13542 = LINE('',#13543,#13544);
#13543 = CARTESIAN_POINT('',(15.24,1.27,-3.81));
#13544 = VECTOR('',#13545,1.);
#13545 = DIRECTION('',(-1.,0.,0.));
#13546 = ORIENTED_EDGE('',*,*,#13547,.F.);
#13547 = EDGE_CURVE('',#13548,#13540,#13550,.T.);
#13548 = VERTEX_POINT('',#13549);
#13549 = CARTESIAN_POINT('',(10.16,1.27,-3.31));
#13550 = LINE('',#13551,#13552);
#13551 = CARTESIAN_POINT('',(10.16,1.27,-3.31));
#13552 = VECTOR('',#13553,1.);
#13553 = DIRECTION('',(0.4472135955,-7.635747272537E-17,-0.894427191));
#13554 = ORIENTED_EDGE('',*,*,#13555,.F.);
#13555 = EDGE_CURVE('',#13556,#13548,#13558,.T.);
#13556 = VERTEX_POINT('',#13557);
#13557 = CARTESIAN_POINT('',(9.91,1.27,-3.81));
#13558 = LINE('',#13559,#13560);
#13559 = CARTESIAN_POINT('',(9.91,1.27,-3.81));
#13560 = VECTOR('',#13561,1.);
#13561 = DIRECTION('',(0.4472135955,7.635747272537E-17,0.894427191));
#13562 = ORIENTED_EDGE('',*,*,#13563,.T.);
#13563 = EDGE_CURVE('',#13556,#13564,#13566,.T.);
#13564 = VERTEX_POINT('',#13565);
#13565 = CARTESIAN_POINT('',(7.87,1.27,-3.81));
#13566 = LINE('',#13567,#13568);
#13567 = CARTESIAN_POINT('',(15.24,1.27,-3.81));
#13568 = VECTOR('',#13569,1.);
#13569 = DIRECTION('',(-1.,0.,0.));
#13570 = ORIENTED_EDGE('',*,*,#13571,.F.);
#13571 = EDGE_CURVE('',#13572,#13564,#13574,.T.);
#13572 = VERTEX_POINT('',#13573);
#13573 = CARTESIAN_POINT('',(7.62,1.27,-3.31));
#13574 = LINE('',#13575,#13576);
#13575 = CARTESIAN_POINT('',(7.62,1.27,-3.31));
#13576 = VECTOR('',#13577,1.);
#13577 = DIRECTION('',(0.4472135955,-7.635747272537E-17,-0.894427191));
#13578 = ORIENTED_EDGE('',*,*,#13579,.F.);
#13579 = EDGE_CURVE('',#13580,#13572,#13582,.T.);
#13580 = VERTEX_POINT('',#13581);
#13581 = CARTESIAN_POINT('',(7.37,1.27,-3.81));
#13582 = LINE('',#13583,#13584);
#13583 = CARTESIAN_POINT('',(7.37,1.27,-3.81));
#13584 = VECTOR('',#13585,1.);
#13585 = DIRECTION('',(0.4472135955,7.635747272537E-17,0.894427191));
#13586 = ORIENTED_EDGE('',*,*,#13587,.T.);
#13587 = EDGE_CURVE('',#13580,#13588,#13590,.T.);
#13588 = VERTEX_POINT('',#13589);
#13589 = CARTESIAN_POINT('',(5.33,1.27,-3.81));
#13590 = LINE('',#13591,#13592);
#13591 = CARTESIAN_POINT('',(15.24,1.27,-3.81));
#13592 = VECTOR('',#13593,1.);
#13593 = DIRECTION('',(-1.,0.,0.));
#13594 = ORIENTED_EDGE('',*,*,#13595,.F.);
#13595 = EDGE_CURVE('',#13596,#13588,#13598,.T.);
#13596 = VERTEX_POINT('',#13597);
#13597 = CARTESIAN_POINT('',(5.08,1.27,-3.31));
#13598 = LINE('',#13599,#13600);
#13599 = CARTESIAN_POINT('',(5.08,1.27,-3.31));
#13600 = VECTOR('',#13601,1.);
#13601 = DIRECTION('',(0.4472135955,-7.635747272537E-17,-0.894427191));
#13602 = ORIENTED_EDGE('',*,*,#13603,.F.);
#13603 = EDGE_CURVE('',#13604,#13596,#13606,.T.);
#13604 = VERTEX_POINT('',#13605);
#13605 = CARTESIAN_POINT('',(4.83,1.27,-3.81));
#13606 = LINE('',#13607,#13608);
#13607 = CARTESIAN_POINT('',(4.83,1.27,-3.81));
#13608 = VECTOR('',#13609,1.);
#13609 = DIRECTION('',(0.4472135955,7.635747272537E-17,0.894427191));
#13610 = ORIENTED_EDGE('',*,*,#13611,.T.);
#13611 = EDGE_CURVE('',#13604,#13612,#13614,.T.);
#13612 = VERTEX_POINT('',#13613);
#13613 = CARTESIAN_POINT('',(2.79,1.27,-3.81));
#13614 = LINE('',#13615,#13616);
#13615 = CARTESIAN_POINT('',(15.24,1.27,-3.81));
#13616 = VECTOR('',#13617,1.);
#13617 = DIRECTION('',(-1.,0.,0.));
#13618 = ORIENTED_EDGE('',*,*,#13619,.F.);
#13619 = EDGE_CURVE('',#13620,#13612,#13622,.T.);
#13620 = VERTEX_POINT('',#13621);
#13621 = CARTESIAN_POINT('',(2.54,1.27,-3.31));
#13622 = LINE('',#13623,#13624);
#13623 = CARTESIAN_POINT('',(2.54,1.27,-3.31));
#13624 = VECTOR('',#13625,1.);
#13625 = DIRECTION('',(0.4472135955,-7.635747272537E-17,-0.894427191));
#13626 = ORIENTED_EDGE('',*,*,#13627,.F.);
#13627 = EDGE_CURVE('',#13628,#13620,#13630,.T.);
#13628 = VERTEX_POINT('',#13629);
#13629 = CARTESIAN_POINT('',(2.29,1.27,-3.81));
#13630 = LINE('',#13631,#13632);
#13631 = CARTESIAN_POINT('',(2.29,1.27,-3.81));
#13632 = VECTOR('',#13633,1.);
#13633 = DIRECTION('',(0.4472135955,7.635747272537E-17,0.894427191));
#13634 = ORIENTED_EDGE('',*,*,#13635,.T.);
#13635 = EDGE_CURVE('',#13628,#13636,#13638,.T.);
#13636 = VERTEX_POINT('',#13637);
#13637 = CARTESIAN_POINT('',(0.25,1.27,-3.81));
#13638 = LINE('',#13639,#13640);
#13639 = CARTESIAN_POINT('',(15.24,1.27,-3.81));
#13640 = VECTOR('',#13641,1.);
#13641 = DIRECTION('',(-1.,0.,0.));
#13642 = ORIENTED_EDGE('',*,*,#13643,.F.);
#13643 = EDGE_CURVE('',#13644,#13636,#13646,.T.);
#13644 = VERTEX_POINT('',#13645);
#13645 = CARTESIAN_POINT('',(-8.673617379884E-16,1.27,-3.31));
#13646 = LINE('',#13647,#13648);
#13647 = CARTESIAN_POINT('',(0.,1.27,-3.31));
#13648 = VECTOR('',#13649,1.);
#13649 = DIRECTION('',(0.4472135955,-7.635747272537E-17,-0.894427191));
#13650 = ORIENTED_EDGE('',*,*,#13651,.F.);
#13651 = EDGE_CURVE('',#13652,#13644,#13654,.T.);
#13652 = VERTEX_POINT('',#13653);
#13653 = CARTESIAN_POINT('',(-0.25,1.27,-3.81));
#13654 = LINE('',#13655,#13656);
#13655 = CARTESIAN_POINT('',(-0.25,1.27,-3.81));
#13656 = VECTOR('',#13657,1.);
#13657 = DIRECTION('',(0.4472135955,7.635747272537E-17,0.894427191));
#13658 = ORIENTED_EDGE('',*,*,#13659,.T.);
#13659 = EDGE_CURVE('',#13652,#13660,#13662,.T.);
#13660 = VERTEX_POINT('',#13661);
#13661 = CARTESIAN_POINT('',(-2.29,1.27,-3.81));
#13662 = LINE('',#13663,#13664);
#13663 = CARTESIAN_POINT('',(15.24,1.27,-3.81));
#13664 = VECTOR('',#13665,1.);
#13665 = DIRECTION('',(-1.,0.,0.));
#13666 = ORIENTED_EDGE('',*,*,#13667,.F.);
#13667 = EDGE_CURVE('',#13668,#13660,#13670,.T.);
#13668 = VERTEX_POINT('',#13669);
#13669 = CARTESIAN_POINT('',(-2.54,1.27,-3.31));
#13670 = LINE('',#13671,#13672);
#13671 = CARTESIAN_POINT('',(-2.54,1.27,-3.31));
#13672 = VECTOR('',#13673,1.);
#13673 = DIRECTION('',(0.4472135955,-7.635747272537E-17,-0.894427191));
#13674 = ORIENTED_EDGE('',*,*,#13675,.F.);
#13675 = EDGE_CURVE('',#13676,#13668,#13678,.T.);
#13676 = VERTEX_POINT('',#13677);
#13677 = CARTESIAN_POINT('',(-2.79,1.27,-3.81));
#13678 = LINE('',#13679,#13680);
#13679 = CARTESIAN_POINT('',(-2.79,1.27,-3.81));
#13680 = VECTOR('',#13681,1.);
#13681 = DIRECTION('',(0.4472135955,7.635747272537E-17,0.894427191));
#13682 = ORIENTED_EDGE('',*,*,#13683,.T.);
#13683 = EDGE_CURVE('',#13676,#13684,#13686,.T.);
#13684 = VERTEX_POINT('',#13685);
#13685 = CARTESIAN_POINT('',(-4.83,1.27,-3.81));
#13686 = LINE('',#13687,#13688);
#13687 = CARTESIAN_POINT('',(15.24,1.27,-3.81));
#13688 = VECTOR('',#13689,1.);
#13689 = DIRECTION('',(-1.,0.,0.));
#13690 = ORIENTED_EDGE('',*,*,#13691,.F.);
#13691 = EDGE_CURVE('',#13692,#13684,#13694,.T.);
#13692 = VERTEX_POINT('',#13693);
#13693 = CARTESIAN_POINT('',(-5.08,1.27,-3.31));
#13694 = LINE('',#13695,#13696);
#13695 = CARTESIAN_POINT('',(-5.08,1.27,-3.31));
#13696 = VECTOR('',#13697,1.);
#13697 = DIRECTION('',(0.4472135955,-7.635747272537E-17,-0.894427191));
#13698 = ORIENTED_EDGE('',*,*,#13699,.F.);
#13699 = EDGE_CURVE('',#13700,#13692,#13702,.T.);
#13700 = VERTEX_POINT('',#13701);
#13701 = CARTESIAN_POINT('',(-5.33,1.27,-3.81));
#13702 = LINE('',#13703,#13704);
#13703 = CARTESIAN_POINT('',(-5.33,1.27,-3.81));
#13704 = VECTOR('',#13705,1.);
#13705 = DIRECTION('',(0.4472135955,7.635747272537E-17,0.894427191));
#13706 = ORIENTED_EDGE('',*,*,#13707,.T.);
#13707 = EDGE_CURVE('',#13700,#13708,#13710,.T.);
#13708 = VERTEX_POINT('',#13709);
#13709 = CARTESIAN_POINT('',(-7.37,1.27,-3.81));
#13710 = LINE('',#13711,#13712);
#13711 = CARTESIAN_POINT('',(15.24,1.27,-3.81));
#13712 = VECTOR('',#13713,1.);
#13713 = DIRECTION('',(-1.,0.,0.));
#13714 = ORIENTED_EDGE('',*,*,#13715,.F.);
#13715 = EDGE_CURVE('',#13716,#13708,#13718,.T.);
#13716 = VERTEX_POINT('',#13717);
#13717 = CARTESIAN_POINT('',(-7.62,1.27,-3.31));
#13718 = LINE('',#13719,#13720);
#13719 = CARTESIAN_POINT('',(-7.62,1.27,-3.31));
#13720 = VECTOR('',#13721,1.);
#13721 = DIRECTION('',(0.4472135955,-7.635747272537E-17,-0.894427191));
#13722 = ORIENTED_EDGE('',*,*,#13723,.F.);
#13723 = EDGE_CURVE('',#13724,#13716,#13726,.T.);
#13724 = VERTEX_POINT('',#13725);
#13725 = CARTESIAN_POINT('',(-7.87,1.27,-3.81));
#13726 = LINE('',#13727,#13728);
#13727 = CARTESIAN_POINT('',(-7.87,1.27,-3.81));
#13728 = VECTOR('',#13729,1.);
#13729 = DIRECTION('',(0.4472135955,7.635747272537E-17,0.894427191));
#13730 = ORIENTED_EDGE('',*,*,#13731,.T.);
#13731 = EDGE_CURVE('',#13724,#13732,#13734,.T.);
#13732 = VERTEX_POINT('',#13733);
#13733 = CARTESIAN_POINT('',(-9.91,1.27,-3.81));
#13734 = LINE('',#13735,#13736);
#13735 = CARTESIAN_POINT('',(15.24,1.27,-3.81));
#13736 = VECTOR('',#13737,1.);
#13737 = DIRECTION('',(-1.,0.,0.));
#13738 = ORIENTED_EDGE('',*,*,#13739,.F.);
#13739 = EDGE_CURVE('',#13740,#13732,#13742,.T.);
#13740 = VERTEX_POINT('',#13741);
#13741 = CARTESIAN_POINT('',(-10.16,1.27,-3.31));
#13742 = LINE('',#13743,#13744);
#13743 = CARTESIAN_POINT('',(-10.16,1.27,-3.31));
#13744 = VECTOR('',#13745,1.);
#13745 = DIRECTION('',(0.4472135955,-7.635747272537E-17,-0.894427191));
#13746 = ORIENTED_EDGE('',*,*,#13747,.F.);
#13747 = EDGE_CURVE('',#13748,#13740,#13750,.T.);
#13748 = VERTEX_POINT('',#13749);
#13749 = CARTESIAN_POINT('',(-10.41,1.27,-3.81));
#13750 = LINE('',#13751,#13752);
#13751 = CARTESIAN_POINT('',(-10.41,1.27,-3.81));
#13752 = VECTOR('',#13753,1.);
#13753 = DIRECTION('',(0.4472135955,7.635747272537E-17,0.894427191));
#13754 = ORIENTED_EDGE('',*,*,#13755,.T.);
#13755 = EDGE_CURVE('',#13748,#13756,#13758,.T.);
#13756 = VERTEX_POINT('',#13757);
#13757 = CARTESIAN_POINT('',(-12.45,1.27,-3.81));
#13758 = LINE('',#13759,#13760);
#13759 = CARTESIAN_POINT('',(15.24,1.27,-3.81));
#13760 = VECTOR('',#13761,1.);
#13761 = DIRECTION('',(-1.,0.,0.));
#13762 = ORIENTED_EDGE('',*,*,#13763,.F.);
#13763 = EDGE_CURVE('',#13764,#13756,#13766,.T.);
#13764 = VERTEX_POINT('',#13765);
#13765 = CARTESIAN_POINT('',(-12.7,1.27,-3.31));
#13766 = LINE('',#13767,#13768);
#13767 = CARTESIAN_POINT('',(-12.7,1.27,-3.31));
#13768 = VECTOR('',#13769,1.);
#13769 = DIRECTION('',(0.4472135955,-7.635747272537E-17,-0.894427191));
#13770 = ORIENTED_EDGE('',*,*,#13771,.F.);
#13771 = EDGE_CURVE('',#13772,#13764,#13774,.T.);
#13772 = VERTEX_POINT('',#13773);
#13773 = CARTESIAN_POINT('',(-12.95,1.27,-3.81));
#13774 = LINE('',#13775,#13776);
#13775 = CARTESIAN_POINT('',(-12.95,1.27,-3.81));
#13776 = VECTOR('',#13777,1.);
#13777 = DIRECTION('',(0.4472135955,7.635747272537E-17,0.894427191));
#13778 = ORIENTED_EDGE('',*,*,#13779,.T.);
#13779 = EDGE_CURVE('',#13772,#13780,#13782,.T.);
#13780 = VERTEX_POINT('',#13781);
#13781 = CARTESIAN_POINT('',(-14.99,1.27,-3.81));
#13782 = LINE('',#13783,#13784);
#13783 = CARTESIAN_POINT('',(15.24,1.27,-3.81));
#13784 = VECTOR('',#13785,1.);
#13785 = DIRECTION('',(-1.,0.,0.));
#13786 = ORIENTED_EDGE('',*,*,#13787,.F.);
#13787 = EDGE_CURVE('',#13788,#13780,#13790,.T.);
#13788 = VERTEX_POINT('',#13789);
#13789 = CARTESIAN_POINT('',(-15.24,1.27,-3.31));
#13790 = LINE('',#13791,#13792);
#13791 = CARTESIAN_POINT('',(-15.24,1.27,-3.31));
#13792 = VECTOR('',#13793,1.);
#13793 = DIRECTION('',(0.4472135955,-7.635747272537E-17,-0.894427191));
#13794 = ORIENTED_EDGE('',*,*,#13795,.F.);
#13795 = EDGE_CURVE('',#13796,#13788,#13798,.T.);
#13796 = VERTEX_POINT('',#13797);
#13797 = CARTESIAN_POINT('',(-15.24,1.27,0.77));
#13798 = LINE('',#13799,#13800);
#13799 = CARTESIAN_POINT('',(-15.24,1.27,1.27));
#13800 = VECTOR('',#13801,1.);
#13801 = DIRECTION('',(0.,8.537024980201E-17,-1.));
#13802 = ORIENTED_EDGE('',*,*,#13803,.T.);
#13803 = EDGE_CURVE('',#13796,#13804,#13806,.T.);
#13804 = VERTEX_POINT('',#13805);
#13805 = CARTESIAN_POINT('',(-14.99,1.27,1.27));
#13806 = LINE('',#13807,#13808);
#13807 = CARTESIAN_POINT('',(-15.24,1.27,0.77));
#13808 = VECTOR('',#13809,1.);
#13809 = DIRECTION('',(0.4472135955,-7.635747272537E-17,0.894427191));
#13810 = ORIENTED_EDGE('',*,*,#13811,.F.);
#13811 = EDGE_CURVE('',#13812,#13804,#13814,.T.);
#13812 = VERTEX_POINT('',#13813);
#13813 = CARTESIAN_POINT('',(-12.95,1.27,1.27));
#13814 = LINE('',#13815,#13816);
#13815 = CARTESIAN_POINT('',(15.24,1.27,1.27));
#13816 = VECTOR('',#13817,1.);
#13817 = DIRECTION('',(-1.,0.,0.));
#13818 = ORIENTED_EDGE('',*,*,#13819,.T.);
#13819 = EDGE_CURVE('',#13812,#13820,#13822,.T.);
#13820 = VERTEX_POINT('',#13821);
#13821 = CARTESIAN_POINT('',(-12.7,1.27,0.77));
#13822 = LINE('',#13823,#13824);
#13823 = CARTESIAN_POINT('',(-12.95,1.27,1.27));
#13824 = VECTOR('',#13825,1.);
#13825 = DIRECTION('',(0.4472135955,7.635747272537E-17,-0.894427191));
#13826 = ORIENTED_EDGE('',*,*,#13827,.T.);
#13827 = EDGE_CURVE('',#13820,#13828,#13830,.T.);
#13828 = VERTEX_POINT('',#13829);
#13829 = CARTESIAN_POINT('',(-12.45,1.27,1.27));
#13830 = LINE('',#13831,#13832);
#13831 = CARTESIAN_POINT('',(-12.7,1.27,0.77));
#13832 = VECTOR('',#13833,1.);
#13833 = DIRECTION('',(0.4472135955,-7.635747272537E-17,0.894427191));
#13834 = ORIENTED_EDGE('',*,*,#13835,.F.);
#13835 = EDGE_CURVE('',#13836,#13828,#13838,.T.);
#13836 = VERTEX_POINT('',#13837);
#13837 = CARTESIAN_POINT('',(-10.41,1.27,1.27));
#13838 = LINE('',#13839,#13840);
#13839 = CARTESIAN_POINT('',(15.24,1.27,1.27));
#13840 = VECTOR('',#13841,1.);
#13841 = DIRECTION('',(-1.,0.,0.));
#13842 = ORIENTED_EDGE('',*,*,#13843,.T.);
#13843 = EDGE_CURVE('',#13836,#13844,#13846,.T.);
#13844 = VERTEX_POINT('',#13845);
#13845 = CARTESIAN_POINT('',(-10.16,1.27,0.77));
#13846 = LINE('',#13847,#13848);
#13847 = CARTESIAN_POINT('',(-10.41,1.27,1.27));
#13848 = VECTOR('',#13849,1.);
#13849 = DIRECTION('',(0.4472135955,7.635747272537E-17,-0.894427191));
#13850 = ORIENTED_EDGE('',*,*,#13851,.T.);
#13851 = EDGE_CURVE('',#13844,#13852,#13854,.T.);
#13852 = VERTEX_POINT('',#13853);
#13853 = CARTESIAN_POINT('',(-9.91,1.27,1.27));
#13854 = LINE('',#13855,#13856);
#13855 = CARTESIAN_POINT('',(-10.16,1.27,0.77));
#13856 = VECTOR('',#13857,1.);
#13857 = DIRECTION('',(0.4472135955,-7.635747272537E-17,0.894427191));
#13858 = ORIENTED_EDGE('',*,*,#13859,.F.);
#13859 = EDGE_CURVE('',#13860,#13852,#13862,.T.);
#13860 = VERTEX_POINT('',#13861);
#13861 = CARTESIAN_POINT('',(-7.87,1.27,1.27));
#13862 = LINE('',#13863,#13864);
#13863 = CARTESIAN_POINT('',(15.24,1.27,1.27));
#13864 = VECTOR('',#13865,1.);
#13865 = DIRECTION('',(-1.,0.,0.));
#13866 = ORIENTED_EDGE('',*,*,#13867,.T.);
#13867 = EDGE_CURVE('',#13860,#13868,#13870,.T.);
#13868 = VERTEX_POINT('',#13869);
#13869 = CARTESIAN_POINT('',(-7.62,1.27,0.77));
#13870 = LINE('',#13871,#13872);
#13871 = CARTESIAN_POINT('',(-7.87,1.27,1.27));
#13872 = VECTOR('',#13873,1.);
#13873 = DIRECTION('',(0.4472135955,7.635747272537E-17,-0.894427191));
#13874 = ORIENTED_EDGE('',*,*,#13875,.T.);
#13875 = EDGE_CURVE('',#13868,#13876,#13878,.T.);
#13876 = VERTEX_POINT('',#13877);
#13877 = CARTESIAN_POINT('',(-7.37,1.27,1.27));
#13878 = LINE('',#13879,#13880);
#13879 = CARTESIAN_POINT('',(-7.62,1.27,0.77));
#13880 = VECTOR('',#13881,1.);
#13881 = DIRECTION('',(0.4472135955,-7.635747272537E-17,0.894427191));
#13882 = ORIENTED_EDGE('',*,*,#13883,.F.);
#13883 = EDGE_CURVE('',#13884,#13876,#13886,.T.);
#13884 = VERTEX_POINT('',#13885);
#13885 = CARTESIAN_POINT('',(-5.33,1.27,1.27));
#13886 = LINE('',#13887,#13888);
#13887 = CARTESIAN_POINT('',(15.24,1.27,1.27));
#13888 = VECTOR('',#13889,1.);
#13889 = DIRECTION('',(-1.,0.,0.));
#13890 = ORIENTED_EDGE('',*,*,#13891,.T.);
#13891 = EDGE_CURVE('',#13884,#13892,#13894,.T.);
#13892 = VERTEX_POINT('',#13893);
#13893 = CARTESIAN_POINT('',(-5.08,1.27,0.77));
#13894 = LINE('',#13895,#13896);
#13895 = CARTESIAN_POINT('',(-5.33,1.27,1.27));
#13896 = VECTOR('',#13897,1.);
#13897 = DIRECTION('',(0.4472135955,7.635747272537E-17,-0.894427191));
#13898 = ORIENTED_EDGE('',*,*,#13899,.T.);
#13899 = EDGE_CURVE('',#13892,#13900,#13902,.T.);
#13900 = VERTEX_POINT('',#13901);
#13901 = CARTESIAN_POINT('',(-4.83,1.27,1.27));
#13902 = LINE('',#13903,#13904);
#13903 = CARTESIAN_POINT('',(-5.08,1.27,0.77));
#13904 = VECTOR('',#13905,1.);
#13905 = DIRECTION('',(0.4472135955,-7.635747272537E-17,0.894427191));
#13906 = ORIENTED_EDGE('',*,*,#13907,.F.);
#13907 = EDGE_CURVE('',#13908,#13900,#13910,.T.);
#13908 = VERTEX_POINT('',#13909);
#13909 = CARTESIAN_POINT('',(-2.79,1.27,1.27));
#13910 = LINE('',#13911,#13912);
#13911 = CARTESIAN_POINT('',(15.24,1.27,1.27));
#13912 = VECTOR('',#13913,1.);
#13913 = DIRECTION('',(-1.,0.,0.));
#13914 = ORIENTED_EDGE('',*,*,#13915,.T.);
#13915 = EDGE_CURVE('',#13908,#13916,#13918,.T.);
#13916 = VERTEX_POINT('',#13917);
#13917 = CARTESIAN_POINT('',(-2.54,1.27,0.77));
#13918 = LINE('',#13919,#13920);
#13919 = CARTESIAN_POINT('',(-2.79,1.27,1.27));
#13920 = VECTOR('',#13921,1.);
#13921 = DIRECTION('',(0.4472135955,7.635747272537E-17,-0.894427191));
#13922 = ORIENTED_EDGE('',*,*,#13923,.T.);
#13923 = EDGE_CURVE('',#13916,#13924,#13926,.T.);
#13924 = VERTEX_POINT('',#13925);
#13925 = CARTESIAN_POINT('',(-2.29,1.27,1.27));
#13926 = LINE('',#13927,#13928);
#13927 = CARTESIAN_POINT('',(-2.54,1.27,0.77));
#13928 = VECTOR('',#13929,1.);
#13929 = DIRECTION('',(0.4472135955,-7.635747272537E-17,0.894427191));
#13930 = ORIENTED_EDGE('',*,*,#13931,.F.);
#13931 = EDGE_CURVE('',#13932,#13924,#13934,.T.);
#13932 = VERTEX_POINT('',#13933);
#13933 = CARTESIAN_POINT('',(-0.25,1.27,1.27));
#13934 = LINE('',#13935,#13936);
#13935 = CARTESIAN_POINT('',(15.24,1.27,1.27));
#13936 = VECTOR('',#13937,1.);
#13937 = DIRECTION('',(-1.,0.,0.));
#13938 = ORIENTED_EDGE('',*,*,#13939,.T.);
#13939 = EDGE_CURVE('',#13932,#13940,#13942,.T.);
#13940 = VERTEX_POINT('',#13941);
#13941 = CARTESIAN_POINT('',(-8.673617379884E-16,1.27,0.77));
#13942 = LINE('',#13943,#13944);
#13943 = CARTESIAN_POINT('',(-0.25,1.27,1.27));
#13944 = VECTOR('',#13945,1.);
#13945 = DIRECTION('',(0.4472135955,7.635747272537E-17,-0.894427191));
#13946 = ORIENTED_EDGE('',*,*,#13947,.T.);
#13947 = EDGE_CURVE('',#13940,#13948,#13950,.T.);
#13948 = VERTEX_POINT('',#13949);
#13949 = CARTESIAN_POINT('',(0.25,1.27,1.27));
#13950 = LINE('',#13951,#13952);
#13951 = CARTESIAN_POINT('',(0.,1.27,0.77));
#13952 = VECTOR('',#13953,1.);
#13953 = DIRECTION('',(0.4472135955,-7.635747272537E-17,0.894427191));
#13954 = ORIENTED_EDGE('',*,*,#13955,.F.);
#13955 = EDGE_CURVE('',#13956,#13948,#13958,.T.);
#13956 = VERTEX_POINT('',#13957);
#13957 = CARTESIAN_POINT('',(2.29,1.27,1.27));
#13958 = LINE('',#13959,#13960);
#13959 = CARTESIAN_POINT('',(15.24,1.27,1.27));
#13960 = VECTOR('',#13961,1.);
#13961 = DIRECTION('',(-1.,0.,0.));
#13962 = ORIENTED_EDGE('',*,*,#13963,.T.);
#13963 = EDGE_CURVE('',#13956,#13964,#13966,.T.);
#13964 = VERTEX_POINT('',#13965);
#13965 = CARTESIAN_POINT('',(2.54,1.27,0.77));
#13966 = LINE('',#13967,#13968);
#13967 = CARTESIAN_POINT('',(2.29,1.27,1.27));
#13968 = VECTOR('',#13969,1.);
#13969 = DIRECTION('',(0.4472135955,7.635747272537E-17,-0.894427191));
#13970 = ORIENTED_EDGE('',*,*,#13971,.T.);
#13971 = EDGE_CURVE('',#13964,#13972,#13974,.T.);
#13972 = VERTEX_POINT('',#13973);
#13973 = CARTESIAN_POINT('',(2.79,1.27,1.27));
#13974 = LINE('',#13975,#13976);
#13975 = CARTESIAN_POINT('',(2.54,1.27,0.77));
#13976 = VECTOR('',#13977,1.);
#13977 = DIRECTION('',(0.4472135955,-7.635747272537E-17,0.894427191));
#13978 = ORIENTED_EDGE('',*,*,#13979,.F.);
#13979 = EDGE_CURVE('',#13980,#13972,#13982,.T.);
#13980 = VERTEX_POINT('',#13981);
#13981 = CARTESIAN_POINT('',(4.83,1.27,1.27));
#13982 = LINE('',#13983,#13984);
#13983 = CARTESIAN_POINT('',(15.24,1.27,1.27));
#13984 = VECTOR('',#13985,1.);
#13985 = DIRECTION('',(-1.,0.,0.));
#13986 = ORIENTED_EDGE('',*,*,#13987,.T.);
#13987 = EDGE_CURVE('',#13980,#13988,#13990,.T.);
#13988 = VERTEX_POINT('',#13989);
#13989 = CARTESIAN_POINT('',(5.08,1.27,0.77));
#13990 = LINE('',#13991,#13992);
#13991 = CARTESIAN_POINT('',(4.83,1.27,1.27));
#13992 = VECTOR('',#13993,1.);
#13993 = DIRECTION('',(0.4472135955,7.635747272537E-17,-0.894427191));
#13994 = ORIENTED_EDGE('',*,*,#13995,.T.);
#13995 = EDGE_CURVE('',#13988,#13996,#13998,.T.);
#13996 = VERTEX_POINT('',#13997);
#13997 = CARTESIAN_POINT('',(5.33,1.27,1.27));
#13998 = LINE('',#13999,#14000);
#13999 = CARTESIAN_POINT('',(5.08,1.27,0.77));
#14000 = VECTOR('',#14001,1.);
#14001 = DIRECTION('',(0.4472135955,-7.635747272537E-17,0.894427191));
#14002 = ORIENTED_EDGE('',*,*,#14003,.F.);
#14003 = EDGE_CURVE('',#14004,#13996,#14006,.T.);
#14004 = VERTEX_POINT('',#14005);
#14005 = CARTESIAN_POINT('',(7.37,1.27,1.27));
#14006 = LINE('',#14007,#14008);
#14007 = CARTESIAN_POINT('',(15.24,1.27,1.27));
#14008 = VECTOR('',#14009,1.);
#14009 = DIRECTION('',(-1.,0.,0.));
#14010 = ORIENTED_EDGE('',*,*,#14011,.T.);
#14011 = EDGE_CURVE('',#14004,#14012,#14014,.T.);
#14012 = VERTEX_POINT('',#14013);
#14013 = CARTESIAN_POINT('',(7.62,1.27,0.77));
#14014 = LINE('',#14015,#14016);
#14015 = CARTESIAN_POINT('',(7.37,1.27,1.27));
#14016 = VECTOR('',#14017,1.);
#14017 = DIRECTION('',(0.4472135955,7.635747272537E-17,-0.894427191));
#14018 = ORIENTED_EDGE('',*,*,#14019,.T.);
#14019 = EDGE_CURVE('',#14012,#14020,#14022,.T.);
#14020 = VERTEX_POINT('',#14021);
#14021 = CARTESIAN_POINT('',(7.87,1.27,1.27));
#14022 = LINE('',#14023,#14024);
#14023 = CARTESIAN_POINT('',(7.62,1.27,0.77));
#14024 = VECTOR('',#14025,1.);
#14025 = DIRECTION('',(0.4472135955,-7.635747272537E-17,0.894427191));
#14026 = ORIENTED_EDGE('',*,*,#14027,.F.);
#14027 = EDGE_CURVE('',#14028,#14020,#14030,.T.);
#14028 = VERTEX_POINT('',#14029);
#14029 = CARTESIAN_POINT('',(9.91,1.27,1.27));
#14030 = LINE('',#14031,#14032);
#14031 = CARTESIAN_POINT('',(15.24,1.27,1.27));
#14032 = VECTOR('',#14033,1.);
#14033 = DIRECTION('',(-1.,0.,0.));
#14034 = ORIENTED_EDGE('',*,*,#14035,.T.);
#14035 = EDGE_CURVE('',#14028,#14036,#14038,.T.);
#14036 = VERTEX_POINT('',#14037);
#14037 = CARTESIAN_POINT('',(10.16,1.27,0.77));
#14038 = LINE('',#14039,#14040);
#14039 = CARTESIAN_POINT('',(9.91,1.27,1.27));
#14040 = VECTOR('',#14041,1.);
#14041 = DIRECTION('',(0.4472135955,7.635747272537E-17,-0.894427191));
#14042 = ORIENTED_EDGE('',*,*,#14043,.T.);
#14043 = EDGE_CURVE('',#14036,#14044,#14046,.T.);
#14044 = VERTEX_POINT('',#14045);
#14045 = CARTESIAN_POINT('',(10.41,1.27,1.27));
#14046 = LINE('',#14047,#14048);
#14047 = CARTESIAN_POINT('',(10.16,1.27,0.77));
#14048 = VECTOR('',#14049,1.);
#14049 = DIRECTION('',(0.4472135955,-7.635747272537E-17,0.894427191));
#14050 = ORIENTED_EDGE('',*,*,#14051,.F.);
#14051 = EDGE_CURVE('',#14052,#14044,#14054,.T.);
#14052 = VERTEX_POINT('',#14053);
#14053 = CARTESIAN_POINT('',(12.45,1.27,1.27));
#14054 = LINE('',#14055,#14056);
#14055 = CARTESIAN_POINT('',(15.24,1.27,1.27));
#14056 = VECTOR('',#14057,1.);
#14057 = DIRECTION('',(-1.,0.,0.));
#14058 = ORIENTED_EDGE('',*,*,#14059,.T.);
#14059 = EDGE_CURVE('',#14052,#14060,#14062,.T.);
#14060 = VERTEX_POINT('',#14061);
#14061 = CARTESIAN_POINT('',(12.7,1.27,0.77));
#14062 = LINE('',#14063,#14064);
#14063 = CARTESIAN_POINT('',(12.45,1.27,1.27));
#14064 = VECTOR('',#14065,1.);
#14065 = DIRECTION('',(0.4472135955,7.635747272537E-17,-0.894427191));
#14066 = ORIENTED_EDGE('',*,*,#14067,.T.);
#14067 = EDGE_CURVE('',#14060,#13484,#14068,.T.);
#14068 = LINE('',#14069,#14070);
#14069 = CARTESIAN_POINT('',(12.7,1.27,0.77));
#14070 = VECTOR('',#14071,1.);
#14071 = DIRECTION('',(0.4472135955,-7.635747272537E-17,0.894427191));
#14072 = FACE_BOUND('',#14073,.T.);
#14073 = EDGE_LOOP('',(#14074,#14084,#14092,#14100));
#14074 = ORIENTED_EDGE('',*,*,#14075,.T.);
#14075 = EDGE_CURVE('',#14076,#14078,#14080,.T.);
#14076 = VERTEX_POINT('',#14077);
#14077 = CARTESIAN_POINT('',(-14.29,1.27,-2.86));
#14078 = VERTEX_POINT('',#14079);
#14079 = CARTESIAN_POINT('',(-13.65,1.27,-2.86));
#14080 = LINE('',#14081,#14082);
#14081 = CARTESIAN_POINT('',(-14.29,1.27,-2.86));
#14082 = VECTOR('',#14083,1.);
#14083 = DIRECTION('',(1.,0.,0.));
#14084 = ORIENTED_EDGE('',*,*,#14085,.T.);
#14085 = EDGE_CURVE('',#14078,#14086,#14088,.T.);
#14086 = VERTEX_POINT('',#14087);
#14087 = CARTESIAN_POINT('',(-13.65,1.27,-2.22));
#14088 = LINE('',#14089,#14090);
#14089 = CARTESIAN_POINT('',(-13.65,1.27,-2.86));
#14090 = VECTOR('',#14091,1.);
#14091 = DIRECTION('',(0.,-8.537024980201E-17,1.));
#14092 = ORIENTED_EDGE('',*,*,#14093,.T.);
#14093 = EDGE_CURVE('',#14086,#14094,#14096,.T.);
#14094 = VERTEX_POINT('',#14095);
#14095 = CARTESIAN_POINT('',(-14.29,1.27,-2.22));
#14096 = LINE('',#14097,#14098);
#14097 = CARTESIAN_POINT('',(-13.65,1.27,-2.22));
#14098 = VECTOR('',#14099,1.);
#14099 = DIRECTION('',(-1.,0.,0.));
#14100 = ORIENTED_EDGE('',*,*,#14101,.T.);
#14101 = EDGE_CURVE('',#14094,#14076,#14102,.T.);
#14102 = LINE('',#14103,#14104);
#14103 = CARTESIAN_POINT('',(-14.29,1.27,-2.22));
#14104 = VECTOR('',#14105,1.);
#14105 = DIRECTION('',(0.,8.537024980201E-17,-1.));
#14106 = FACE_BOUND('',#14107,.T.);
#14107 = EDGE_LOOP('',(#14108,#14118,#14126,#14134));
#14108 = ORIENTED_EDGE('',*,*,#14109,.T.);
#14109 = EDGE_CURVE('',#14110,#14112,#14114,.T.);
#14110 = VERTEX_POINT('',#14111);
#14111 = CARTESIAN_POINT('',(-11.75,1.27,-2.86));
#14112 = VERTEX_POINT('',#14113);
#14113 = CARTESIAN_POINT('',(-11.11,1.27,-2.86));
#14114 = LINE('',#14115,#14116);
#14115 = CARTESIAN_POINT('',(-11.75,1.27,-2.86));
#14116 = VECTOR('',#14117,1.);
#14117 = DIRECTION('',(1.,0.,0.));
#14118 = ORIENTED_EDGE('',*,*,#14119,.T.);
#14119 = EDGE_CURVE('',#14112,#14120,#14122,.T.);
#14120 = VERTEX_POINT('',#14121);
#14121 = CARTESIAN_POINT('',(-11.11,1.27,-2.22));
#14122 = LINE('',#14123,#14124);
#14123 = CARTESIAN_POINT('',(-11.11,1.27,-2.86));
#14124 = VECTOR('',#14125,1.);
#14125 = DIRECTION('',(0.,-8.537024980201E-17,1.));
#14126 = ORIENTED_EDGE('',*,*,#14127,.T.);
#14127 = EDGE_CURVE('',#14120,#14128,#14130,.T.);
#14128 = VERTEX_POINT('',#14129);
#14129 = CARTESIAN_POINT('',(-11.75,1.27,-2.22));
#14130 = LINE('',#14131,#14132);
#14131 = CARTESIAN_POINT('',(-11.11,1.27,-2.22));
#14132 = VECTOR('',#14133,1.);
#14133 = DIRECTION('',(-1.,0.,0.));
#14134 = ORIENTED_EDGE('',*,*,#14135,.T.);
#14135 = EDGE_CURVE('',#14128,#14110,#14136,.T.);
#14136 = LINE('',#14137,#14138);
#14137 = CARTESIAN_POINT('',(-11.75,1.27,-2.22));
#14138 = VECTOR('',#14139,1.);
#14139 = DIRECTION('',(0.,8.537024980201E-17,-1.));
#14140 = FACE_BOUND('',#14141,.T.);
#14141 = EDGE_LOOP('',(#14142,#14152,#14160,#14168));
#14142 = ORIENTED_EDGE('',*,*,#14143,.T.);
#14143 = EDGE_CURVE('',#14144,#14146,#14148,.T.);
#14144 = VERTEX_POINT('',#14145);
#14145 = CARTESIAN_POINT('',(-9.21,1.27,-2.86));
#14146 = VERTEX_POINT('',#14147);
#14147 = CARTESIAN_POINT('',(-8.57,1.27,-2.86));
#14148 = LINE('',#14149,#14150);
#14149 = CARTESIAN_POINT('',(-9.21,1.27,-2.86));
#14150 = VECTOR('',#14151,1.);
#14151 = DIRECTION('',(1.,0.,0.));
#14152 = ORIENTED_EDGE('',*,*,#14153,.T.);
#14153 = EDGE_CURVE('',#14146,#14154,#14156,.T.);
#14154 = VERTEX_POINT('',#14155);
#14155 = CARTESIAN_POINT('',(-8.57,1.27,-2.22));
#14156 = LINE('',#14157,#14158);
#14157 = CARTESIAN_POINT('',(-8.57,1.27,-2.86));
#14158 = VECTOR('',#14159,1.);
#14159 = DIRECTION('',(0.,-8.537024980201E-17,1.));
#14160 = ORIENTED_EDGE('',*,*,#14161,.T.);
#14161 = EDGE_CURVE('',#14154,#14162,#14164,.T.);
#14162 = VERTEX_POINT('',#14163);
#14163 = CARTESIAN_POINT('',(-9.21,1.27,-2.22));
#14164 = LINE('',#14165,#14166);
#14165 = CARTESIAN_POINT('',(-8.57,1.27,-2.22));
#14166 = VECTOR('',#14167,1.);
#14167 = DIRECTION('',(-1.,0.,0.));
#14168 = ORIENTED_EDGE('',*,*,#14169,.T.);
#14169 = EDGE_CURVE('',#14162,#14144,#14170,.T.);
#14170 = LINE('',#14171,#14172);
#14171 = CARTESIAN_POINT('',(-9.21,1.27,-2.22));
#14172 = VECTOR('',#14173,1.);
#14173 = DIRECTION('',(0.,8.537024980201E-17,-1.));
#14174 = FACE_BOUND('',#14175,.T.);
#14175 = EDGE_LOOP('',(#14176,#14186,#14194,#14202));
#14176 = ORIENTED_EDGE('',*,*,#14177,.T.);
#14177 = EDGE_CURVE('',#14178,#14180,#14182,.T.);
#14178 = VERTEX_POINT('',#14179);
#14179 = CARTESIAN_POINT('',(-6.67,1.27,-2.86));
#14180 = VERTEX_POINT('',#14181);
#14181 = CARTESIAN_POINT('',(-6.03,1.27,-2.86));
#14182 = LINE('',#14183,#14184);
#14183 = CARTESIAN_POINT('',(-6.67,1.27,-2.86));
#14184 = VECTOR('',#14185,1.);
#14185 = DIRECTION('',(1.,0.,0.));
#14186 = ORIENTED_EDGE('',*,*,#14187,.T.);
#14187 = EDGE_CURVE('',#14180,#14188,#14190,.T.);
#14188 = VERTEX_POINT('',#14189);
#14189 = CARTESIAN_POINT('',(-6.03,1.27,-2.22));
#14190 = LINE('',#14191,#14192);
#14191 = CARTESIAN_POINT('',(-6.03,1.27,-2.86));
#14192 = VECTOR('',#14193,1.);
#14193 = DIRECTION('',(0.,-8.537024980201E-17,1.));
#14194 = ORIENTED_EDGE('',*,*,#14195,.T.);
#14195 = EDGE_CURVE('',#14188,#14196,#14198,.T.);
#14196 = VERTEX_POINT('',#14197);
#14197 = CARTESIAN_POINT('',(-6.67,1.27,-2.22));
#14198 = LINE('',#14199,#14200);
#14199 = CARTESIAN_POINT('',(-6.03,1.27,-2.22));
#14200 = VECTOR('',#14201,1.);
#14201 = DIRECTION('',(-1.,0.,0.));
#14202 = ORIENTED_EDGE('',*,*,#14203,.T.);
#14203 = EDGE_CURVE('',#14196,#14178,#14204,.T.);
#14204 = LINE('',#14205,#14206);
#14205 = CARTESIAN_POINT('',(-6.67,1.27,-2.22));
#14206 = VECTOR('',#14207,1.);
#14207 = DIRECTION('',(0.,8.537024980201E-17,-1.));
#14208 = FACE_BOUND('',#14209,.T.);
#14209 = EDGE_LOOP('',(#14210,#14220,#14228,#14236));
#14210 = ORIENTED_EDGE('',*,*,#14211,.T.);
#14211 = EDGE_CURVE('',#14212,#14214,#14216,.T.);
#14212 = VERTEX_POINT('',#14213);
#14213 = CARTESIAN_POINT('',(-4.13,1.27,-2.86));
#14214 = VERTEX_POINT('',#14215);
#14215 = CARTESIAN_POINT('',(-3.49,1.27,-2.86));
#14216 = LINE('',#14217,#14218);
#14217 = CARTESIAN_POINT('',(-4.13,1.27,-2.86));
#14218 = VECTOR('',#14219,1.);
#14219 = DIRECTION('',(1.,0.,0.));
#14220 = ORIENTED_EDGE('',*,*,#14221,.T.);
#14221 = EDGE_CURVE('',#14214,#14222,#14224,.T.);
#14222 = VERTEX_POINT('',#14223);
#14223 = CARTESIAN_POINT('',(-3.49,1.27,-2.22));
#14224 = LINE('',#14225,#14226);
#14225 = CARTESIAN_POINT('',(-3.49,1.27,-2.86));
#14226 = VECTOR('',#14227,1.);
#14227 = DIRECTION('',(0.,-8.537024980201E-17,1.));
#14228 = ORIENTED_EDGE('',*,*,#14229,.T.);
#14229 = EDGE_CURVE('',#14222,#14230,#14232,.T.);
#14230 = VERTEX_POINT('',#14231);
#14231 = CARTESIAN_POINT('',(-4.13,1.27,-2.22));
#14232 = LINE('',#14233,#14234);
#14233 = CARTESIAN_POINT('',(-3.49,1.27,-2.22));
#14234 = VECTOR('',#14235,1.);
#14235 = DIRECTION('',(-1.,0.,0.));
#14236 = ORIENTED_EDGE('',*,*,#14237,.T.);
#14237 = EDGE_CURVE('',#14230,#14212,#14238,.T.);
#14238 = LINE('',#14239,#14240);
#14239 = CARTESIAN_POINT('',(-4.13,1.27,-2.22));
#14240 = VECTOR('',#14241,1.);
#14241 = DIRECTION('',(0.,8.537024980201E-17,-1.));
#14242 = FACE_BOUND('',#14243,.T.);
#14243 = EDGE_LOOP('',(#14244,#14254,#14262,#14270));
#14244 = ORIENTED_EDGE('',*,*,#14245,.T.);
#14245 = EDGE_CURVE('',#14246,#14248,#14250,.T.);
#14246 = VERTEX_POINT('',#14247);
#14247 = CARTESIAN_POINT('',(-1.59,1.27,-2.86));
#14248 = VERTEX_POINT('',#14249);
#14249 = CARTESIAN_POINT('',(-0.95,1.27,-2.86));
#14250 = LINE('',#14251,#14252);
#14251 = CARTESIAN_POINT('',(-1.59,1.27,-2.86));
#14252 = VECTOR('',#14253,1.);
#14253 = DIRECTION('',(1.,0.,0.));
#14254 = ORIENTED_EDGE('',*,*,#14255,.T.);
#14255 = EDGE_CURVE('',#14248,#14256,#14258,.T.);
#14256 = VERTEX_POINT('',#14257);
#14257 = CARTESIAN_POINT('',(-0.95,1.27,-2.22));
#14258 = LINE('',#14259,#14260);
#14259 = CARTESIAN_POINT('',(-0.95,1.27,-2.86));
#14260 = VECTOR('',#14261,1.);
#14261 = DIRECTION('',(0.,-8.537024980201E-17,1.));
#14262 = ORIENTED_EDGE('',*,*,#14263,.T.);
#14263 = EDGE_CURVE('',#14256,#14264,#14266,.T.);
#14264 = VERTEX_POINT('',#14265);
#14265 = CARTESIAN_POINT('',(-1.59,1.27,-2.22));
#14266 = LINE('',#14267,#14268);
#14267 = CARTESIAN_POINT('',(-0.95,1.27,-2.22));
#14268 = VECTOR('',#14269,1.);
#14269 = DIRECTION('',(-1.,0.,0.));
#14270 = ORIENTED_EDGE('',*,*,#14271,.T.);
#14271 = EDGE_CURVE('',#14264,#14246,#14272,.T.);
#14272 = LINE('',#14273,#14274);
#14273 = CARTESIAN_POINT('',(-1.59,1.27,-2.22));
#14274 = VECTOR('',#14275,1.);
#14275 = DIRECTION('',(0.,8.537024980201E-17,-1.));
#14276 = FACE_BOUND('',#14277,.T.);
#14277 = EDGE_LOOP('',(#14278,#14288,#14296,#14304));
#14278 = ORIENTED_EDGE('',*,*,#14279,.T.);
#14279 = EDGE_CURVE('',#14280,#14282,#14284,.T.);
#14280 = VERTEX_POINT('',#14281);
#14281 = CARTESIAN_POINT('',(0.95,1.27,-2.86));
#14282 = VERTEX_POINT('',#14283);
#14283 = CARTESIAN_POINT('',(1.59,1.27,-2.86));
#14284 = LINE('',#14285,#14286);
#14285 = CARTESIAN_POINT('',(0.95,1.27,-2.86));
#14286 = VECTOR('',#14287,1.);
#14287 = DIRECTION('',(1.,0.,0.));
#14288 = ORIENTED_EDGE('',*,*,#14289,.T.);
#14289 = EDGE_CURVE('',#14282,#14290,#14292,.T.);
#14290 = VERTEX_POINT('',#14291);
#14291 = CARTESIAN_POINT('',(1.59,1.27,-2.22));
#14292 = LINE('',#14293,#14294);
#14293 = CARTESIAN_POINT('',(1.59,1.27,-2.86));
#14294 = VECTOR('',#14295,1.);
#14295 = DIRECTION('',(0.,-8.537024980201E-17,1.));
#14296 = ORIENTED_EDGE('',*,*,#14297,.T.);
#14297 = EDGE_CURVE('',#14290,#14298,#14300,.T.);
#14298 = VERTEX_POINT('',#14299);
#14299 = CARTESIAN_POINT('',(0.95,1.27,-2.22));
#14300 = LINE('',#14301,#14302);
#14301 = CARTESIAN_POINT('',(1.59,1.27,-2.22));
#14302 = VECTOR('',#14303,1.);
#14303 = DIRECTION('',(-1.,0.,0.));
#14304 = ORIENTED_EDGE('',*,*,#14305,.T.);
#14305 = EDGE_CURVE('',#14298,#14280,#14306,.T.);
#14306 = LINE('',#14307,#14308);
#14307 = CARTESIAN_POINT('',(0.95,1.27,-2.22));
#14308 = VECTOR('',#14309,1.);
#14309 = DIRECTION('',(0.,8.537024980201E-17,-1.));
#14310 = FACE_BOUND('',#14311,.T.);
#14311 = EDGE_LOOP('',(#14312,#14322,#14330,#14338));
#14312 = ORIENTED_EDGE('',*,*,#14313,.T.);
#14313 = EDGE_CURVE('',#14314,#14316,#14318,.T.);
#14314 = VERTEX_POINT('',#14315);
#14315 = CARTESIAN_POINT('',(3.49,1.27,-2.86));
#14316 = VERTEX_POINT('',#14317);
#14317 = CARTESIAN_POINT('',(4.13,1.27,-2.86));
#14318 = LINE('',#14319,#14320);
#14319 = CARTESIAN_POINT('',(3.49,1.27,-2.86));
#14320 = VECTOR('',#14321,1.);
#14321 = DIRECTION('',(1.,0.,0.));
#14322 = ORIENTED_EDGE('',*,*,#14323,.T.);
#14323 = EDGE_CURVE('',#14316,#14324,#14326,.T.);
#14324 = VERTEX_POINT('',#14325);
#14325 = CARTESIAN_POINT('',(4.13,1.27,-2.22));
#14326 = LINE('',#14327,#14328);
#14327 = CARTESIAN_POINT('',(4.13,1.27,-2.86));
#14328 = VECTOR('',#14329,1.);
#14329 = DIRECTION('',(0.,-8.537024980201E-17,1.));
#14330 = ORIENTED_EDGE('',*,*,#14331,.T.);
#14331 = EDGE_CURVE('',#14324,#14332,#14334,.T.);
#14332 = VERTEX_POINT('',#14333);
#14333 = CARTESIAN_POINT('',(3.49,1.27,-2.22));
#14334 = LINE('',#14335,#14336);
#14335 = CARTESIAN_POINT('',(4.13,1.27,-2.22));
#14336 = VECTOR('',#14337,1.);
#14337 = DIRECTION('',(-1.,0.,0.));
#14338 = ORIENTED_EDGE('',*,*,#14339,.T.);
#14339 = EDGE_CURVE('',#14332,#14314,#14340,.T.);
#14340 = LINE('',#14341,#14342);
#14341 = CARTESIAN_POINT('',(3.49,1.27,-2.22));
#14342 = VECTOR('',#14343,1.);
#14343 = DIRECTION('',(0.,8.537024980201E-17,-1.));
#14344 = FACE_BOUND('',#14345,.T.);
#14345 = EDGE_LOOP('',(#14346,#14356,#14364,#14372));
#14346 = ORIENTED_EDGE('',*,*,#14347,.T.);
#14347 = EDGE_CURVE('',#14348,#14350,#14352,.T.);
#14348 = VERTEX_POINT('',#14349);
#14349 = CARTESIAN_POINT('',(6.03,1.27,-2.86));
#14350 = VERTEX_POINT('',#14351);
#14351 = CARTESIAN_POINT('',(6.67,1.27,-2.86));
#14352 = LINE('',#14353,#14354);
#14353 = CARTESIAN_POINT('',(6.03,1.27,-2.86));
#14354 = VECTOR('',#14355,1.);
#14355 = DIRECTION('',(1.,0.,0.));
#14356 = ORIENTED_EDGE('',*,*,#14357,.T.);
#14357 = EDGE_CURVE('',#14350,#14358,#14360,.T.);
#14358 = VERTEX_POINT('',#14359);
#14359 = CARTESIAN_POINT('',(6.67,1.27,-2.22));
#14360 = LINE('',#14361,#14362);
#14361 = CARTESIAN_POINT('',(6.67,1.27,-2.86));
#14362 = VECTOR('',#14363,1.);
#14363 = DIRECTION('',(0.,-8.537024980201E-17,1.));
#14364 = ORIENTED_EDGE('',*,*,#14365,.T.);
#14365 = EDGE_CURVE('',#14358,#14366,#14368,.T.);
#14366 = VERTEX_POINT('',#14367);
#14367 = CARTESIAN_POINT('',(6.03,1.27,-2.22));
#14368 = LINE('',#14369,#14370);
#14369 = CARTESIAN_POINT('',(6.67,1.27,-2.22));
#14370 = VECTOR('',#14371,1.);
#14371 = DIRECTION('',(-1.,0.,0.));
#14372 = ORIENTED_EDGE('',*,*,#14373,.T.);
#14373 = EDGE_CURVE('',#14366,#14348,#14374,.T.);
#14374 = LINE('',#14375,#14376);
#14375 = CARTESIAN_POINT('',(6.03,1.27,-2.22));
#14376 = VECTOR('',#14377,1.);
#14377 = DIRECTION('',(0.,8.537024980201E-17,-1.));
#14378 = FACE_BOUND('',#14379,.T.);
#14379 = EDGE_LOOP('',(#14380,#14390,#14398,#14406));
#14380 = ORIENTED_EDGE('',*,*,#14381,.T.);
#14381 = EDGE_CURVE('',#14382,#14384,#14386,.T.);
#14382 = VERTEX_POINT('',#14383);
#14383 = CARTESIAN_POINT('',(8.57,1.27,-2.86));
#14384 = VERTEX_POINT('',#14385);
#14385 = CARTESIAN_POINT('',(9.21,1.27,-2.86));
#14386 = LINE('',#14387,#14388);
#14387 = CARTESIAN_POINT('',(8.57,1.27,-2.86));
#14388 = VECTOR('',#14389,1.);
#14389 = DIRECTION('',(1.,0.,0.));
#14390 = ORIENTED_EDGE('',*,*,#14391,.T.);
#14391 = EDGE_CURVE('',#14384,#14392,#14394,.T.);
#14392 = VERTEX_POINT('',#14393);
#14393 = CARTESIAN_POINT('',(9.21,1.27,-2.22));
#14394 = LINE('',#14395,#14396);
#14395 = CARTESIAN_POINT('',(9.21,1.27,-2.86));
#14396 = VECTOR('',#14397,1.);
#14397 = DIRECTION('',(0.,-8.537024980201E-17,1.));
#14398 = ORIENTED_EDGE('',*,*,#14399,.T.);
#14399 = EDGE_CURVE('',#14392,#14400,#14402,.T.);
#14400 = VERTEX_POINT('',#14401);
#14401 = CARTESIAN_POINT('',(8.57,1.27,-2.22));
#14402 = LINE('',#14403,#14404);
#14403 = CARTESIAN_POINT('',(9.21,1.27,-2.22));
#14404 = VECTOR('',#14405,1.);
#14405 = DIRECTION('',(-1.,0.,0.));
#14406 = ORIENTED_EDGE('',*,*,#14407,.T.);
#14407 = EDGE_CURVE('',#14400,#14382,#14408,.T.);
#14408 = LINE('',#14409,#14410);
#14409 = CARTESIAN_POINT('',(8.57,1.27,-2.22));
#14410 = VECTOR('',#14411,1.);
#14411 = DIRECTION('',(0.,8.537024980201E-17,-1.));
#14412 = FACE_BOUND('',#14413,.T.);
#14413 = EDGE_LOOP('',(#14414,#14424,#14432,#14440));
#14414 = ORIENTED_EDGE('',*,*,#14415,.T.);
#14415 = EDGE_CURVE('',#14416,#14418,#14420,.T.);
#14416 = VERTEX_POINT('',#14417);
#14417 = CARTESIAN_POINT('',(11.11,1.27,-2.86));
#14418 = VERTEX_POINT('',#14419);
#14419 = CARTESIAN_POINT('',(11.75,1.27,-2.86));
#14420 = LINE('',#14421,#14422);
#14421 = CARTESIAN_POINT('',(11.11,1.27,-2.86));
#14422 = VECTOR('',#14423,1.);
#14423 = DIRECTION('',(1.,0.,0.));
#14424 = ORIENTED_EDGE('',*,*,#14425,.T.);
#14425 = EDGE_CURVE('',#14418,#14426,#14428,.T.);
#14426 = VERTEX_POINT('',#14427);
#14427 = CARTESIAN_POINT('',(11.75,1.27,-2.22));
#14428 = LINE('',#14429,#14430);
#14429 = CARTESIAN_POINT('',(11.75,1.27,-2.86));
#14430 = VECTOR('',#14431,1.);
#14431 = DIRECTION('',(0.,-8.537024980201E-17,1.));
#14432 = ORIENTED_EDGE('',*,*,#14433,.T.);
#14433 = EDGE_CURVE('',#14426,#14434,#14436,.T.);
#14434 = VERTEX_POINT('',#14435);
#14435 = CARTESIAN_POINT('',(11.11,1.27,-2.22));
#14436 = LINE('',#14437,#14438);
#14437 = CARTESIAN_POINT('',(11.75,1.27,-2.22));
#14438 = VECTOR('',#14439,1.);
#14439 = DIRECTION('',(-1.,0.,0.));
#14440 = ORIENTED_EDGE('',*,*,#14441,.T.);
#14441 = EDGE_CURVE('',#14434,#14416,#14442,.T.);
#14442 = LINE('',#14443,#14444);
#14443 = CARTESIAN_POINT('',(11.11,1.27,-2.22));
#14444 = VECTOR('',#14445,1.);
#14445 = DIRECTION('',(0.,8.537024980201E-17,-1.));
#14446 = FACE_BOUND('',#14447,.T.);
#14447 = EDGE_LOOP('',(#14448,#14458,#14466,#14474));
#14448 = ORIENTED_EDGE('',*,*,#14449,.T.);
#14449 = EDGE_CURVE('',#14450,#14452,#14454,.T.);
#14450 = VERTEX_POINT('',#14451);
#14451 = CARTESIAN_POINT('',(13.65,1.27,-2.86));
#14452 = VERTEX_POINT('',#14453);
#14453 = CARTESIAN_POINT('',(14.29,1.27,-2.86));
#14454 = LINE('',#14455,#14456);
#14455 = CARTESIAN_POINT('',(13.65,1.27,-2.86));
#14456 = VECTOR('',#14457,1.);
#14457 = DIRECTION('',(1.,0.,0.));
#14458 = ORIENTED_EDGE('',*,*,#14459,.T.);
#14459 = EDGE_CURVE('',#14452,#14460,#14462,.T.);
#14460 = VERTEX_POINT('',#14461);
#14461 = CARTESIAN_POINT('',(14.29,1.27,-2.22));
#14462 = LINE('',#14463,#14464);
#14463 = CARTESIAN_POINT('',(14.29,1.27,-2.86));
#14464 = VECTOR('',#14465,1.);
#14465 = DIRECTION('',(0.,-8.537024980201E-17,1.));
#14466 = ORIENTED_EDGE('',*,*,#14467,.T.);
#14467 = EDGE_CURVE('',#14460,#14468,#14470,.T.);
#14468 = VERTEX_POINT('',#14469);
#14469 = CARTESIAN_POINT('',(13.65,1.27,-2.22));
#14470 = LINE('',#14471,#14472);
#14471 = CARTESIAN_POINT('',(14.29,1.27,-2.22));
#14472 = VECTOR('',#14473,1.);
#14473 = DIRECTION('',(-1.,0.,0.));
#14474 = ORIENTED_EDGE('',*,*,#14475,.T.);
#14475 = EDGE_CURVE('',#14468,#14450,#14476,.T.);
#14476 = LINE('',#14477,#14478);
#14477 = CARTESIAN_POINT('',(13.65,1.27,-2.22));
#14478 = VECTOR('',#14479,1.);
#14479 = DIRECTION('',(0.,8.537024980201E-17,-1.));
#14480 = PLANE('',#14481);
#14481 = AXIS2_PLACEMENT_3D('',#14482,#14483,#14484);
#14482 = CARTESIAN_POINT('',(15.24,1.27,1.27));
#14483 = DIRECTION('',(0.,1.,8.537024980201E-17));
#14484 = DIRECTION('',(0.,-8.537024980201E-17,1.));
#14485 = ADVANCED_FACE('',(#14486,#14520,#14554,#14588,#14622,#14656,
    #14690,#14724,#14758,#14792,#14826,#14860,#14894,#15488,#15522,
    #15556,#15590,#15624,#15658,#15692,#15726,#15760,#15794,#15828,
    #15862),#15896,.T.);
#14486 = FACE_BOUND('',#14487,.T.);
#14487 = EDGE_LOOP('',(#14488,#14498,#14506,#14514));
#14488 = ORIENTED_EDGE('',*,*,#14489,.T.);
#14489 = EDGE_CURVE('',#14490,#14492,#14494,.T.);
#14490 = VERTEX_POINT('',#14491);
#14491 = CARTESIAN_POINT('',(13.65,-0.832071068427,0.32));
#14492 = VERTEX_POINT('',#14493);
#14493 = CARTESIAN_POINT('',(14.29,-0.832071068427,0.32));
#14494 = LINE('',#14495,#14496);
#14495 = CARTESIAN_POINT('',(-15.76465126396,-0.832071068427,0.32));
#14496 = VECTOR('',#14497,1.);
#14497 = DIRECTION('',(1.,0.,0.));
#14498 = ORIENTED_EDGE('',*,*,#14499,.T.);
#14499 = EDGE_CURVE('',#14492,#14500,#14502,.T.);
#14500 = VERTEX_POINT('',#14501);
#14501 = CARTESIAN_POINT('',(14.29,-0.832071068427,-0.32));
#14502 = LINE('',#14503,#14504);
#14503 = CARTESIAN_POINT('',(14.29,-0.832071068427,0.93));
#14504 = VECTOR('',#14505,1.);
#14505 = DIRECTION('',(0.,1.724867092591E-16,-1.));
#14506 = ORIENTED_EDGE('',*,*,#14507,.T.);
#14507 = EDGE_CURVE('',#14500,#14508,#14510,.T.);
#14508 = VERTEX_POINT('',#14509);
#14509 = CARTESIAN_POINT('',(13.65,-0.832071068427,-0.32));
#14510 = LINE('',#14511,#14512);
#14511 = CARTESIAN_POINT('',(-15.76465126396,-0.832071068427,-0.32));
#14512 = VECTOR('',#14513,1.);
#14513 = DIRECTION('',(-1.,0.,0.));
#14514 = ORIENTED_EDGE('',*,*,#14515,.T.);
#14515 = EDGE_CURVE('',#14508,#14490,#14516,.T.);
#14516 = LINE('',#14517,#14518);
#14517 = CARTESIAN_POINT('',(13.65,-0.832071068427,0.93));
#14518 = VECTOR('',#14519,1.);
#14519 = DIRECTION('',(0.,-1.724867092591E-16,1.));
#14520 = FACE_BOUND('',#14521,.T.);
#14521 = EDGE_LOOP('',(#14522,#14532,#14540,#14548));
#14522 = ORIENTED_EDGE('',*,*,#14523,.T.);
#14523 = EDGE_CURVE('',#14524,#14526,#14528,.T.);
#14524 = VERTEX_POINT('',#14525);
#14525 = CARTESIAN_POINT('',(11.11,-0.832071068427,0.32));
#14526 = VERTEX_POINT('',#14527);
#14527 = CARTESIAN_POINT('',(11.75,-0.832071068427,0.32));
#14528 = LINE('',#14529,#14530);
#14529 = CARTESIAN_POINT('',(-15.76465126396,-0.832071068427,0.32));
#14530 = VECTOR('',#14531,1.);
#14531 = DIRECTION('',(1.,0.,0.));
#14532 = ORIENTED_EDGE('',*,*,#14533,.T.);
#14533 = EDGE_CURVE('',#14526,#14534,#14536,.T.);
#14534 = VERTEX_POINT('',#14535);
#14535 = CARTESIAN_POINT('',(11.75,-0.832071068427,-0.32));
#14536 = LINE('',#14537,#14538);
#14537 = CARTESIAN_POINT('',(11.75,-0.832071068427,0.93));
#14538 = VECTOR('',#14539,1.);
#14539 = DIRECTION('',(0.,1.724867092591E-16,-1.));
#14540 = ORIENTED_EDGE('',*,*,#14541,.T.);
#14541 = EDGE_CURVE('',#14534,#14542,#14544,.T.);
#14542 = VERTEX_POINT('',#14543);
#14543 = CARTESIAN_POINT('',(11.11,-0.832071068427,-0.32));
#14544 = LINE('',#14545,#14546);
#14545 = CARTESIAN_POINT('',(-15.76465126396,-0.832071068427,-0.32));
#14546 = VECTOR('',#14547,1.);
#14547 = DIRECTION('',(-1.,0.,0.));
#14548 = ORIENTED_EDGE('',*,*,#14549,.T.);
#14549 = EDGE_CURVE('',#14542,#14524,#14550,.T.);
#14550 = LINE('',#14551,#14552);
#14551 = CARTESIAN_POINT('',(11.11,-0.832071068427,0.93));
#14552 = VECTOR('',#14553,1.);
#14553 = DIRECTION('',(0.,-1.724867092591E-16,1.));
#14554 = FACE_BOUND('',#14555,.T.);
#14555 = EDGE_LOOP('',(#14556,#14566,#14574,#14582));
#14556 = ORIENTED_EDGE('',*,*,#14557,.T.);
#14557 = EDGE_CURVE('',#14558,#14560,#14562,.T.);
#14558 = VERTEX_POINT('',#14559);
#14559 = CARTESIAN_POINT('',(8.57,-0.832071068427,0.32));
#14560 = VERTEX_POINT('',#14561);
#14561 = CARTESIAN_POINT('',(9.21,-0.832071068427,0.32));
#14562 = LINE('',#14563,#14564);
#14563 = CARTESIAN_POINT('',(-15.76465126396,-0.832071068427,0.32));
#14564 = VECTOR('',#14565,1.);
#14565 = DIRECTION('',(1.,0.,0.));
#14566 = ORIENTED_EDGE('',*,*,#14567,.T.);
#14567 = EDGE_CURVE('',#14560,#14568,#14570,.T.);
#14568 = VERTEX_POINT('',#14569);
#14569 = CARTESIAN_POINT('',(9.21,-0.832071068427,-0.32));
#14570 = LINE('',#14571,#14572);
#14571 = CARTESIAN_POINT('',(9.21,-0.832071068427,0.93));
#14572 = VECTOR('',#14573,1.);
#14573 = DIRECTION('',(0.,1.724867092591E-16,-1.));
#14574 = ORIENTED_EDGE('',*,*,#14575,.T.);
#14575 = EDGE_CURVE('',#14568,#14576,#14578,.T.);
#14576 = VERTEX_POINT('',#14577);
#14577 = CARTESIAN_POINT('',(8.57,-0.832071068427,-0.32));
#14578 = LINE('',#14579,#14580);
#14579 = CARTESIAN_POINT('',(-15.76465126396,-0.832071068427,-0.32));
#14580 = VECTOR('',#14581,1.);
#14581 = DIRECTION('',(-1.,0.,0.));
#14582 = ORIENTED_EDGE('',*,*,#14583,.T.);
#14583 = EDGE_CURVE('',#14576,#14558,#14584,.T.);
#14584 = LINE('',#14585,#14586);
#14585 = CARTESIAN_POINT('',(8.57,-0.832071068427,0.93));
#14586 = VECTOR('',#14587,1.);
#14587 = DIRECTION('',(0.,-1.724867092591E-16,1.));
#14588 = FACE_BOUND('',#14589,.T.);
#14589 = EDGE_LOOP('',(#14590,#14600,#14608,#14616));
#14590 = ORIENTED_EDGE('',*,*,#14591,.T.);
#14591 = EDGE_CURVE('',#14592,#14594,#14596,.T.);
#14592 = VERTEX_POINT('',#14593);
#14593 = CARTESIAN_POINT('',(6.03,-0.832071068427,0.32));
#14594 = VERTEX_POINT('',#14595);
#14595 = CARTESIAN_POINT('',(6.67,-0.832071068427,0.32));
#14596 = LINE('',#14597,#14598);
#14597 = CARTESIAN_POINT('',(-15.76465126396,-0.832071068427,0.32));
#14598 = VECTOR('',#14599,1.);
#14599 = DIRECTION('',(1.,0.,0.));
#14600 = ORIENTED_EDGE('',*,*,#14601,.T.);
#14601 = EDGE_CURVE('',#14594,#14602,#14604,.T.);
#14602 = VERTEX_POINT('',#14603);
#14603 = CARTESIAN_POINT('',(6.67,-0.832071068427,-0.32));
#14604 = LINE('',#14605,#14606);
#14605 = CARTESIAN_POINT('',(6.67,-0.832071068427,0.93));
#14606 = VECTOR('',#14607,1.);
#14607 = DIRECTION('',(0.,1.724867092591E-16,-1.));
#14608 = ORIENTED_EDGE('',*,*,#14609,.T.);
#14609 = EDGE_CURVE('',#14602,#14610,#14612,.T.);
#14610 = VERTEX_POINT('',#14611);
#14611 = CARTESIAN_POINT('',(6.03,-0.832071068427,-0.32));
#14612 = LINE('',#14613,#14614);
#14613 = CARTESIAN_POINT('',(-15.76465126396,-0.832071068427,-0.32));
#14614 = VECTOR('',#14615,1.);
#14615 = DIRECTION('',(-1.,0.,0.));
#14616 = ORIENTED_EDGE('',*,*,#14617,.T.);
#14617 = EDGE_CURVE('',#14610,#14592,#14618,.T.);
#14618 = LINE('',#14619,#14620);
#14619 = CARTESIAN_POINT('',(6.03,-0.832071068427,0.93));
#14620 = VECTOR('',#14621,1.);
#14621 = DIRECTION('',(0.,-1.724867092591E-16,1.));
#14622 = FACE_BOUND('',#14623,.T.);
#14623 = EDGE_LOOP('',(#14624,#14634,#14642,#14650));
#14624 = ORIENTED_EDGE('',*,*,#14625,.T.);
#14625 = EDGE_CURVE('',#14626,#14628,#14630,.T.);
#14626 = VERTEX_POINT('',#14627);
#14627 = CARTESIAN_POINT('',(3.49,-0.832071068427,0.32));
#14628 = VERTEX_POINT('',#14629);
#14629 = CARTESIAN_POINT('',(4.13,-0.832071068427,0.32));
#14630 = LINE('',#14631,#14632);
#14631 = CARTESIAN_POINT('',(-15.76465126396,-0.832071068427,0.32));
#14632 = VECTOR('',#14633,1.);
#14633 = DIRECTION('',(1.,0.,0.));
#14634 = ORIENTED_EDGE('',*,*,#14635,.T.);
#14635 = EDGE_CURVE('',#14628,#14636,#14638,.T.);
#14636 = VERTEX_POINT('',#14637);
#14637 = CARTESIAN_POINT('',(4.13,-0.832071068427,-0.32));
#14638 = LINE('',#14639,#14640);
#14639 = CARTESIAN_POINT('',(4.13,-0.832071068427,0.93));
#14640 = VECTOR('',#14641,1.);
#14641 = DIRECTION('',(0.,1.724867092591E-16,-1.));
#14642 = ORIENTED_EDGE('',*,*,#14643,.T.);
#14643 = EDGE_CURVE('',#14636,#14644,#14646,.T.);
#14644 = VERTEX_POINT('',#14645);
#14645 = CARTESIAN_POINT('',(3.49,-0.832071068427,-0.32));
#14646 = LINE('',#14647,#14648);
#14647 = CARTESIAN_POINT('',(-15.76465126396,-0.832071068427,-0.32));
#14648 = VECTOR('',#14649,1.);
#14649 = DIRECTION('',(-1.,0.,0.));
#14650 = ORIENTED_EDGE('',*,*,#14651,.T.);
#14651 = EDGE_CURVE('',#14644,#14626,#14652,.T.);
#14652 = LINE('',#14653,#14654);
#14653 = CARTESIAN_POINT('',(3.49,-0.832071068427,0.93));
#14654 = VECTOR('',#14655,1.);
#14655 = DIRECTION('',(0.,-1.724867092591E-16,1.));
#14656 = FACE_BOUND('',#14657,.T.);
#14657 = EDGE_LOOP('',(#14658,#14668,#14676,#14684));
#14658 = ORIENTED_EDGE('',*,*,#14659,.T.);
#14659 = EDGE_CURVE('',#14660,#14662,#14664,.T.);
#14660 = VERTEX_POINT('',#14661);
#14661 = CARTESIAN_POINT('',(0.95,-0.832071068427,0.32));
#14662 = VERTEX_POINT('',#14663);
#14663 = CARTESIAN_POINT('',(1.59,-0.832071068427,0.32));
#14664 = LINE('',#14665,#14666);
#14665 = CARTESIAN_POINT('',(-15.76465126396,-0.832071068427,0.32));
#14666 = VECTOR('',#14667,1.);
#14667 = DIRECTION('',(1.,0.,0.));
#14668 = ORIENTED_EDGE('',*,*,#14669,.T.);
#14669 = EDGE_CURVE('',#14662,#14670,#14672,.T.);
#14670 = VERTEX_POINT('',#14671);
#14671 = CARTESIAN_POINT('',(1.59,-0.832071068427,-0.32));
#14672 = LINE('',#14673,#14674);
#14673 = CARTESIAN_POINT('',(1.59,-0.832071068427,0.93));
#14674 = VECTOR('',#14675,1.);
#14675 = DIRECTION('',(0.,1.724867092591E-16,-1.));
#14676 = ORIENTED_EDGE('',*,*,#14677,.T.);
#14677 = EDGE_CURVE('',#14670,#14678,#14680,.T.);
#14678 = VERTEX_POINT('',#14679);
#14679 = CARTESIAN_POINT('',(0.95,-0.832071068427,-0.32));
#14680 = LINE('',#14681,#14682);
#14681 = CARTESIAN_POINT('',(-15.76465126396,-0.832071068427,-0.32));
#14682 = VECTOR('',#14683,1.);
#14683 = DIRECTION('',(-1.,0.,0.));
#14684 = ORIENTED_EDGE('',*,*,#14685,.T.);
#14685 = EDGE_CURVE('',#14678,#14660,#14686,.T.);
#14686 = LINE('',#14687,#14688);
#14687 = CARTESIAN_POINT('',(0.95,-0.832071068427,0.93));
#14688 = VECTOR('',#14689,1.);
#14689 = DIRECTION('',(0.,-1.724867092591E-16,1.));
#14690 = FACE_BOUND('',#14691,.T.);
#14691 = EDGE_LOOP('',(#14692,#14702,#14710,#14718));
#14692 = ORIENTED_EDGE('',*,*,#14693,.T.);
#14693 = EDGE_CURVE('',#14694,#14696,#14698,.T.);
#14694 = VERTEX_POINT('',#14695);
#14695 = CARTESIAN_POINT('',(-1.59,-0.832071068427,0.32));
#14696 = VERTEX_POINT('',#14697);
#14697 = CARTESIAN_POINT('',(-0.95,-0.832071068427,0.32));
#14698 = LINE('',#14699,#14700);
#14699 = CARTESIAN_POINT('',(-15.76465126396,-0.832071068427,0.32));
#14700 = VECTOR('',#14701,1.);
#14701 = DIRECTION('',(1.,0.,0.));
#14702 = ORIENTED_EDGE('',*,*,#14703,.T.);
#14703 = EDGE_CURVE('',#14696,#14704,#14706,.T.);
#14704 = VERTEX_POINT('',#14705);
#14705 = CARTESIAN_POINT('',(-0.95,-0.832071068427,-0.32));
#14706 = LINE('',#14707,#14708);
#14707 = CARTESIAN_POINT('',(-0.95,-0.832071068427,0.93));
#14708 = VECTOR('',#14709,1.);
#14709 = DIRECTION('',(0.,1.724867092591E-16,-1.));
#14710 = ORIENTED_EDGE('',*,*,#14711,.T.);
#14711 = EDGE_CURVE('',#14704,#14712,#14714,.T.);
#14712 = VERTEX_POINT('',#14713);
#14713 = CARTESIAN_POINT('',(-1.59,-0.832071068427,-0.32));
#14714 = LINE('',#14715,#14716);
#14715 = CARTESIAN_POINT('',(-15.76465126396,-0.832071068427,-0.32));
#14716 = VECTOR('',#14717,1.);
#14717 = DIRECTION('',(-1.,0.,0.));
#14718 = ORIENTED_EDGE('',*,*,#14719,.T.);
#14719 = EDGE_CURVE('',#14712,#14694,#14720,.T.);
#14720 = LINE('',#14721,#14722);
#14721 = CARTESIAN_POINT('',(-1.59,-0.832071068427,0.93));
#14722 = VECTOR('',#14723,1.);
#14723 = DIRECTION('',(0.,-1.724867092591E-16,1.));
#14724 = FACE_BOUND('',#14725,.T.);
#14725 = EDGE_LOOP('',(#14726,#14736,#14744,#14752));
#14726 = ORIENTED_EDGE('',*,*,#14727,.T.);
#14727 = EDGE_CURVE('',#14728,#14730,#14732,.T.);
#14728 = VERTEX_POINT('',#14729);
#14729 = CARTESIAN_POINT('',(-4.13,-0.832071068427,0.32));
#14730 = VERTEX_POINT('',#14731);
#14731 = CARTESIAN_POINT('',(-3.49,-0.832071068427,0.32));
#14732 = LINE('',#14733,#14734);
#14733 = CARTESIAN_POINT('',(-15.76465126396,-0.832071068427,0.32));
#14734 = VECTOR('',#14735,1.);
#14735 = DIRECTION('',(1.,0.,0.));
#14736 = ORIENTED_EDGE('',*,*,#14737,.T.);
#14737 = EDGE_CURVE('',#14730,#14738,#14740,.T.);
#14738 = VERTEX_POINT('',#14739);
#14739 = CARTESIAN_POINT('',(-3.49,-0.832071068427,-0.32));
#14740 = LINE('',#14741,#14742);
#14741 = CARTESIAN_POINT('',(-3.49,-0.832071068427,0.93));
#14742 = VECTOR('',#14743,1.);
#14743 = DIRECTION('',(0.,1.724867092591E-16,-1.));
#14744 = ORIENTED_EDGE('',*,*,#14745,.T.);
#14745 = EDGE_CURVE('',#14738,#14746,#14748,.T.);
#14746 = VERTEX_POINT('',#14747);
#14747 = CARTESIAN_POINT('',(-4.13,-0.832071068427,-0.32));
#14748 = LINE('',#14749,#14750);
#14749 = CARTESIAN_POINT('',(-15.76465126396,-0.832071068427,-0.32));
#14750 = VECTOR('',#14751,1.);
#14751 = DIRECTION('',(-1.,0.,0.));
#14752 = ORIENTED_EDGE('',*,*,#14753,.T.);
#14753 = EDGE_CURVE('',#14746,#14728,#14754,.T.);
#14754 = LINE('',#14755,#14756);
#14755 = CARTESIAN_POINT('',(-4.13,-0.832071068427,0.93));
#14756 = VECTOR('',#14757,1.);
#14757 = DIRECTION('',(0.,-1.724867092591E-16,1.));
#14758 = FACE_BOUND('',#14759,.T.);
#14759 = EDGE_LOOP('',(#14760,#14770,#14778,#14786));
#14760 = ORIENTED_EDGE('',*,*,#14761,.T.);
#14761 = EDGE_CURVE('',#14762,#14764,#14766,.T.);
#14762 = VERTEX_POINT('',#14763);
#14763 = CARTESIAN_POINT('',(-6.67,-0.832071068427,0.32));
#14764 = VERTEX_POINT('',#14765);
#14765 = CARTESIAN_POINT('',(-6.03,-0.832071068427,0.32));
#14766 = LINE('',#14767,#14768);
#14767 = CARTESIAN_POINT('',(-15.76465126396,-0.832071068427,0.32));
#14768 = VECTOR('',#14769,1.);
#14769 = DIRECTION('',(1.,0.,0.));
#14770 = ORIENTED_EDGE('',*,*,#14771,.T.);
#14771 = EDGE_CURVE('',#14764,#14772,#14774,.T.);
#14772 = VERTEX_POINT('',#14773);
#14773 = CARTESIAN_POINT('',(-6.03,-0.832071068427,-0.32));
#14774 = LINE('',#14775,#14776);
#14775 = CARTESIAN_POINT('',(-6.03,-0.832071068427,0.93));
#14776 = VECTOR('',#14777,1.);
#14777 = DIRECTION('',(0.,1.724867092591E-16,-1.));
#14778 = ORIENTED_EDGE('',*,*,#14779,.T.);
#14779 = EDGE_CURVE('',#14772,#14780,#14782,.T.);
#14780 = VERTEX_POINT('',#14781);
#14781 = CARTESIAN_POINT('',(-6.67,-0.832071068427,-0.32));
#14782 = LINE('',#14783,#14784);
#14783 = CARTESIAN_POINT('',(-15.76465126396,-0.832071068427,-0.32));
#14784 = VECTOR('',#14785,1.);
#14785 = DIRECTION('',(-1.,0.,0.));
#14786 = ORIENTED_EDGE('',*,*,#14787,.T.);
#14787 = EDGE_CURVE('',#14780,#14762,#14788,.T.);
#14788 = LINE('',#14789,#14790);
#14789 = CARTESIAN_POINT('',(-6.67,-0.832071068427,0.93));
#14790 = VECTOR('',#14791,1.);
#14791 = DIRECTION('',(0.,-1.724867092591E-16,1.));
#14792 = FACE_BOUND('',#14793,.T.);
#14793 = EDGE_LOOP('',(#14794,#14804,#14812,#14820));
#14794 = ORIENTED_EDGE('',*,*,#14795,.T.);
#14795 = EDGE_CURVE('',#14796,#14798,#14800,.T.);
#14796 = VERTEX_POINT('',#14797);
#14797 = CARTESIAN_POINT('',(-9.21,-0.832071068427,0.32));
#14798 = VERTEX_POINT('',#14799);
#14799 = CARTESIAN_POINT('',(-8.57,-0.832071068427,0.32));
#14800 = LINE('',#14801,#14802);
#14801 = CARTESIAN_POINT('',(-15.76465126396,-0.832071068427,0.32));
#14802 = VECTOR('',#14803,1.);
#14803 = DIRECTION('',(1.,0.,0.));
#14804 = ORIENTED_EDGE('',*,*,#14805,.T.);
#14805 = EDGE_CURVE('',#14798,#14806,#14808,.T.);
#14806 = VERTEX_POINT('',#14807);
#14807 = CARTESIAN_POINT('',(-8.57,-0.832071068427,-0.32));
#14808 = LINE('',#14809,#14810);
#14809 = CARTESIAN_POINT('',(-8.57,-0.832071068427,0.93));
#14810 = VECTOR('',#14811,1.);
#14811 = DIRECTION('',(0.,1.724867092591E-16,-1.));
#14812 = ORIENTED_EDGE('',*,*,#14813,.T.);
#14813 = EDGE_CURVE('',#14806,#14814,#14816,.T.);
#14814 = VERTEX_POINT('',#14815);
#14815 = CARTESIAN_POINT('',(-9.21,-0.832071068427,-0.32));
#14816 = LINE('',#14817,#14818);
#14817 = CARTESIAN_POINT('',(-15.76465126396,-0.832071068427,-0.32));
#14818 = VECTOR('',#14819,1.);
#14819 = DIRECTION('',(-1.,0.,0.));
#14820 = ORIENTED_EDGE('',*,*,#14821,.T.);
#14821 = EDGE_CURVE('',#14814,#14796,#14822,.T.);
#14822 = LINE('',#14823,#14824);
#14823 = CARTESIAN_POINT('',(-9.21,-0.832071068427,0.93));
#14824 = VECTOR('',#14825,1.);
#14825 = DIRECTION('',(0.,-1.724867092591E-16,1.));
#14826 = FACE_BOUND('',#14827,.T.);
#14827 = EDGE_LOOP('',(#14828,#14838,#14846,#14854));
#14828 = ORIENTED_EDGE('',*,*,#14829,.T.);
#14829 = EDGE_CURVE('',#14830,#14832,#14834,.T.);
#14830 = VERTEX_POINT('',#14831);
#14831 = CARTESIAN_POINT('',(-11.75,-0.832071068427,0.32));
#14832 = VERTEX_POINT('',#14833);
#14833 = CARTESIAN_POINT('',(-11.11,-0.832071068427,0.32));
#14834 = LINE('',#14835,#14836);
#14835 = CARTESIAN_POINT('',(-15.76465126396,-0.832071068427,0.32));
#14836 = VECTOR('',#14837,1.);
#14837 = DIRECTION('',(1.,0.,0.));
#14838 = ORIENTED_EDGE('',*,*,#14839,.T.);
#14839 = EDGE_CURVE('',#14832,#14840,#14842,.T.);
#14840 = VERTEX_POINT('',#14841);
#14841 = CARTESIAN_POINT('',(-11.11,-0.832071068427,-0.32));
#14842 = LINE('',#14843,#14844);
#14843 = CARTESIAN_POINT('',(-11.11,-0.832071068427,0.93));
#14844 = VECTOR('',#14845,1.);
#14845 = DIRECTION('',(0.,1.724867092591E-16,-1.));
#14846 = ORIENTED_EDGE('',*,*,#14847,.T.);
#14847 = EDGE_CURVE('',#14840,#14848,#14850,.T.);
#14848 = VERTEX_POINT('',#14849);
#14849 = CARTESIAN_POINT('',(-11.75,-0.832071068427,-0.32));
#14850 = LINE('',#14851,#14852);
#14851 = CARTESIAN_POINT('',(-15.76465126396,-0.832071068427,-0.32));
#14852 = VECTOR('',#14853,1.);
#14853 = DIRECTION('',(-1.,0.,0.));
#14854 = ORIENTED_EDGE('',*,*,#14855,.T.);
#14855 = EDGE_CURVE('',#14848,#14830,#14856,.T.);
#14856 = LINE('',#14857,#14858);
#14857 = CARTESIAN_POINT('',(-11.75,-0.832071068427,0.93));
#14858 = VECTOR('',#14859,1.);
#14859 = DIRECTION('',(0.,-1.724867092591E-16,1.));
#14860 = FACE_BOUND('',#14861,.T.);
#14861 = EDGE_LOOP('',(#14862,#14872,#14880,#14888));
#14862 = ORIENTED_EDGE('',*,*,#14863,.T.);
#14863 = EDGE_CURVE('',#14864,#14866,#14868,.T.);
#14864 = VERTEX_POINT('',#14865);
#14865 = CARTESIAN_POINT('',(-14.29,-0.832071068427,0.32));
#14866 = VERTEX_POINT('',#14867);
#14867 = CARTESIAN_POINT('',(-13.65,-0.832071068427,0.32));
#14868 = LINE('',#14869,#14870);
#14869 = CARTESIAN_POINT('',(-15.76465126396,-0.832071068427,0.32));
#14870 = VECTOR('',#14871,1.);
#14871 = DIRECTION('',(1.,0.,0.));
#14872 = ORIENTED_EDGE('',*,*,#14873,.T.);
#14873 = EDGE_CURVE('',#14866,#14874,#14876,.T.);
#14874 = VERTEX_POINT('',#14875);
#14875 = CARTESIAN_POINT('',(-13.65,-0.832071068427,-0.32));
#14876 = LINE('',#14877,#14878);
#14877 = CARTESIAN_POINT('',(-13.65,-0.832071068427,0.93));
#14878 = VECTOR('',#14879,1.);
#14879 = DIRECTION('',(0.,1.724867092591E-16,-1.));
#14880 = ORIENTED_EDGE('',*,*,#14881,.T.);
#14881 = EDGE_CURVE('',#14874,#14882,#14884,.T.);
#14882 = VERTEX_POINT('',#14883);
#14883 = CARTESIAN_POINT('',(-14.29,-0.832071068427,-0.32));
#14884 = LINE('',#14885,#14886);
#14885 = CARTESIAN_POINT('',(-15.76465126396,-0.832071068427,-0.32));
#14886 = VECTOR('',#14887,1.);
#14887 = DIRECTION('',(-1.,0.,0.));
#14888 = ORIENTED_EDGE('',*,*,#14889,.T.);
#14889 = EDGE_CURVE('',#14882,#14864,#14890,.T.);
#14890 = LINE('',#14891,#14892);
#14891 = CARTESIAN_POINT('',(-14.29,-0.832071068427,0.93));
#14892 = VECTOR('',#14893,1.);
#14893 = DIRECTION('',(0.,-1.724867092591E-16,1.));
#14894 = FACE_BOUND('',#14895,.T.);
#14895 = EDGE_LOOP('',(#14896,#14906,#14914,#14922,#14930,#14938,#14946,
    #14954,#14962,#14970,#14978,#14986,#14994,#15002,#15010,#15018,
    #15026,#15034,#15042,#15050,#15058,#15066,#15074,#15082,#15090,
    #15098,#15106,#15114,#15122,#15130,#15138,#15146,#15154,#15162,
    #15170,#15178,#15186,#15194,#15202,#15210,#15218,#15226,#15234,
    #15242,#15250,#15258,#15266,#15274,#15282,#15290,#15298,#15306,
    #15314,#15322,#15330,#15338,#15346,#15354,#15362,#15370,#15378,
    #15386,#15394,#15402,#15410,#15418,#15426,#15434,#15442,#15450,
    #15458,#15466,#15474,#15482));
#14896 = ORIENTED_EDGE('',*,*,#14897,.F.);
#14897 = EDGE_CURVE('',#14898,#14900,#14902,.T.);
#14898 = VERTEX_POINT('',#14899);
#14899 = CARTESIAN_POINT('',(-15.16,-0.832071068427,0.93));
#14900 = VERTEX_POINT('',#14901);
#14901 = CARTESIAN_POINT('',(-12.78,-0.832071068427,0.93));
#14902 = LINE('',#14903,#14904);
#14903 = CARTESIAN_POINT('',(-15.76465126396,-0.832071068427,0.93));
#14904 = VECTOR('',#14905,1.);
#14905 = DIRECTION('',(1.,0.,0.));
#14906 = ORIENTED_EDGE('',*,*,#14907,.F.);
#14907 = EDGE_CURVE('',#14908,#14898,#14910,.T.);
#14908 = VERTEX_POINT('',#14909);
#14909 = CARTESIAN_POINT('',(-15.24,-0.832071068427,0.77));
#14910 = LINE('',#14911,#14912);
#14911 = CARTESIAN_POINT('',(-15.24,-0.832071068427,0.77));
#14912 = VECTOR('',#14913,1.);
#14913 = DIRECTION('',(0.4472135955,-1.542768028474E-16,0.894427191));
#14914 = ORIENTED_EDGE('',*,*,#14915,.F.);
#14915 = EDGE_CURVE('',#14916,#14908,#14918,.T.);
#14916 = VERTEX_POINT('',#14917);
#14917 = CARTESIAN_POINT('',(-15.24,-0.832071068427,-3.31));
#14918 = LINE('',#14919,#14920);
#14919 = CARTESIAN_POINT('',(-15.24,-0.832071068427,-1.435212004627E-16)
  );
#14920 = VECTOR('',#14921,1.);
#14921 = DIRECTION('',(0.,-1.724867092591E-16,1.));
#14922 = ORIENTED_EDGE('',*,*,#14923,.F.);
#14923 = EDGE_CURVE('',#14924,#14916,#14926,.T.);
#14924 = VERTEX_POINT('',#14925);
#14925 = CARTESIAN_POINT('',(-15.16,-0.832071068427,-3.47));
#14926 = LINE('',#14927,#14928);
#14927 = CARTESIAN_POINT('',(-15.24,-0.832071068427,-3.31));
#14928 = VECTOR('',#14929,1.);
#14929 = DIRECTION('',(-0.4472135955,-1.542768028474E-16,0.894427191));
#14930 = ORIENTED_EDGE('',*,*,#14931,.T.);
#14931 = EDGE_CURVE('',#14924,#14932,#14934,.T.);
#14932 = VERTEX_POINT('',#14933);
#14933 = CARTESIAN_POINT('',(-12.78,-0.832071068427,-3.47));
#14934 = LINE('',#14935,#14936);
#14935 = CARTESIAN_POINT('',(-15.76465126396,-0.832071068427,-3.47));
#14936 = VECTOR('',#14937,1.);
#14937 = DIRECTION('',(1.,0.,0.));
#14938 = ORIENTED_EDGE('',*,*,#14939,.F.);
#14939 = EDGE_CURVE('',#14940,#14932,#14942,.T.);
#14940 = VERTEX_POINT('',#14941);
#14941 = CARTESIAN_POINT('',(-12.7,-0.832071068427,-3.31));
#14942 = LINE('',#14943,#14944);
#14943 = CARTESIAN_POINT('',(-12.95,-0.832071068427,-3.81));
#14944 = VECTOR('',#14945,1.);
#14945 = DIRECTION('',(-0.4472135955,1.542768028474E-16,-0.894427191));
#14946 = ORIENTED_EDGE('',*,*,#14947,.F.);
#14947 = EDGE_CURVE('',#14948,#14940,#14950,.T.);
#14948 = VERTEX_POINT('',#14949);
#14949 = CARTESIAN_POINT('',(-12.62,-0.832071068427,-3.47));
#14950 = LINE('',#14951,#14952);
#14951 = CARTESIAN_POINT('',(-12.7,-0.832071068427,-3.31));
#14952 = VECTOR('',#14953,1.);
#14953 = DIRECTION('',(-0.4472135955,-1.542768028474E-16,0.894427191));
#14954 = ORIENTED_EDGE('',*,*,#14955,.T.);
#14955 = EDGE_CURVE('',#14948,#14956,#14958,.T.);
#14956 = VERTEX_POINT('',#14957);
#14957 = CARTESIAN_POINT('',(-10.24,-0.832071068427,-3.47));
#14958 = LINE('',#14959,#14960);
#14959 = CARTESIAN_POINT('',(-15.76465126396,-0.832071068427,-3.47));
#14960 = VECTOR('',#14961,1.);
#14961 = DIRECTION('',(1.,0.,0.));
#14962 = ORIENTED_EDGE('',*,*,#14963,.F.);
#14963 = EDGE_CURVE('',#14964,#14956,#14966,.T.);
#14964 = VERTEX_POINT('',#14965);
#14965 = CARTESIAN_POINT('',(-10.16,-0.832071068427,-3.31));
#14966 = LINE('',#14967,#14968);
#14967 = CARTESIAN_POINT('',(-10.41,-0.832071068427,-3.81));
#14968 = VECTOR('',#14969,1.);
#14969 = DIRECTION('',(-0.4472135955,1.542768028474E-16,-0.894427191));
#14970 = ORIENTED_EDGE('',*,*,#14971,.F.);
#14971 = EDGE_CURVE('',#14972,#14964,#14974,.T.);
#14972 = VERTEX_POINT('',#14973);
#14973 = CARTESIAN_POINT('',(-10.08,-0.832071068427,-3.47));
#14974 = LINE('',#14975,#14976);
#14975 = CARTESIAN_POINT('',(-10.16,-0.832071068427,-3.31));
#14976 = VECTOR('',#14977,1.);
#14977 = DIRECTION('',(-0.4472135955,-1.542768028474E-16,0.894427191));
#14978 = ORIENTED_EDGE('',*,*,#14979,.T.);
#14979 = EDGE_CURVE('',#14972,#14980,#14982,.T.);
#14980 = VERTEX_POINT('',#14981);
#14981 = CARTESIAN_POINT('',(-7.7,-0.832071068427,-3.47));
#14982 = LINE('',#14983,#14984);
#14983 = CARTESIAN_POINT('',(-15.76465126396,-0.832071068427,-3.47));
#14984 = VECTOR('',#14985,1.);
#14985 = DIRECTION('',(1.,0.,0.));
#14986 = ORIENTED_EDGE('',*,*,#14987,.F.);
#14987 = EDGE_CURVE('',#14988,#14980,#14990,.T.);
#14988 = VERTEX_POINT('',#14989);
#14989 = CARTESIAN_POINT('',(-7.62,-0.832071068427,-3.31));
#14990 = LINE('',#14991,#14992);
#14991 = CARTESIAN_POINT('',(-7.87,-0.832071068427,-3.81));
#14992 = VECTOR('',#14993,1.);
#14993 = DIRECTION('',(-0.4472135955,1.542768028474E-16,-0.894427191));
#14994 = ORIENTED_EDGE('',*,*,#14995,.F.);
#14995 = EDGE_CURVE('',#14996,#14988,#14998,.T.);
#14996 = VERTEX_POINT('',#14997);
#14997 = CARTESIAN_POINT('',(-7.54,-0.832071068427,-3.47));
#14998 = LINE('',#14999,#15000);
#14999 = CARTESIAN_POINT('',(-7.62,-0.832071068427,-3.31));
#15000 = VECTOR('',#15001,1.);
#15001 = DIRECTION('',(-0.4472135955,-1.542768028474E-16,0.894427191));
#15002 = ORIENTED_EDGE('',*,*,#15003,.T.);
#15003 = EDGE_CURVE('',#14996,#15004,#15006,.T.);
#15004 = VERTEX_POINT('',#15005);
#15005 = CARTESIAN_POINT('',(-5.16,-0.832071068427,-3.47));
#15006 = LINE('',#15007,#15008);
#15007 = CARTESIAN_POINT('',(-15.76465126396,-0.832071068427,-3.47));
#15008 = VECTOR('',#15009,1.);
#15009 = DIRECTION('',(1.,0.,0.));
#15010 = ORIENTED_EDGE('',*,*,#15011,.F.);
#15011 = EDGE_CURVE('',#15012,#15004,#15014,.T.);
#15012 = VERTEX_POINT('',#15013);
#15013 = CARTESIAN_POINT('',(-5.08,-0.832071068427,-3.31));
#15014 = LINE('',#15015,#15016);
#15015 = CARTESIAN_POINT('',(-5.33,-0.832071068427,-3.81));
#15016 = VECTOR('',#15017,1.);
#15017 = DIRECTION('',(-0.4472135955,1.542768028474E-16,-0.894427191));
#15018 = ORIENTED_EDGE('',*,*,#15019,.F.);
#15019 = EDGE_CURVE('',#15020,#15012,#15022,.T.);
#15020 = VERTEX_POINT('',#15021);
#15021 = CARTESIAN_POINT('',(-5.,-0.832071068427,-3.47));
#15022 = LINE('',#15023,#15024);
#15023 = CARTESIAN_POINT('',(-5.08,-0.832071068427,-3.31));
#15024 = VECTOR('',#15025,1.);
#15025 = DIRECTION('',(-0.4472135955,-1.542768028474E-16,0.894427191));
#15026 = ORIENTED_EDGE('',*,*,#15027,.T.);
#15027 = EDGE_CURVE('',#15020,#15028,#15030,.T.);
#15028 = VERTEX_POINT('',#15029);
#15029 = CARTESIAN_POINT('',(-2.62,-0.832071068427,-3.47));
#15030 = LINE('',#15031,#15032);
#15031 = CARTESIAN_POINT('',(-15.76465126396,-0.832071068427,-3.47));
#15032 = VECTOR('',#15033,1.);
#15033 = DIRECTION('',(1.,0.,0.));
#15034 = ORIENTED_EDGE('',*,*,#15035,.F.);
#15035 = EDGE_CURVE('',#15036,#15028,#15038,.T.);
#15036 = VERTEX_POINT('',#15037);
#15037 = CARTESIAN_POINT('',(-2.54,-0.832071068427,-3.31));
#15038 = LINE('',#15039,#15040);
#15039 = CARTESIAN_POINT('',(-2.79,-0.832071068427,-3.81));
#15040 = VECTOR('',#15041,1.);
#15041 = DIRECTION('',(-0.4472135955,1.542768028474E-16,-0.894427191));
#15042 = ORIENTED_EDGE('',*,*,#15043,.F.);
#15043 = EDGE_CURVE('',#15044,#15036,#15046,.T.);
#15044 = VERTEX_POINT('',#15045);
#15045 = CARTESIAN_POINT('',(-2.46,-0.832071068427,-3.47));
#15046 = LINE('',#15047,#15048);
#15047 = CARTESIAN_POINT('',(-2.54,-0.832071068427,-3.31));
#15048 = VECTOR('',#15049,1.);
#15049 = DIRECTION('',(-0.4472135955,-1.542768028474E-16,0.894427191));
#15050 = ORIENTED_EDGE('',*,*,#15051,.T.);
#15051 = EDGE_CURVE('',#15044,#15052,#15054,.T.);
#15052 = VERTEX_POINT('',#15053);
#15053 = CARTESIAN_POINT('',(-8.E-02,-0.832071068427,-3.47));
#15054 = LINE('',#15055,#15056);
#15055 = CARTESIAN_POINT('',(-15.76465126396,-0.832071068427,-3.47));
#15056 = VECTOR('',#15057,1.);
#15057 = DIRECTION('',(1.,0.,0.));
#15058 = ORIENTED_EDGE('',*,*,#15059,.F.);
#15059 = EDGE_CURVE('',#15060,#15052,#15062,.T.);
#15060 = VERTEX_POINT('',#15061);
#15061 = CARTESIAN_POINT('',(-1.065543385641E-15,-0.832071068427,-3.31)
  );
#15062 = LINE('',#15063,#15064);
#15063 = CARTESIAN_POINT('',(-0.25,-0.832071068427,-3.81));
#15064 = VECTOR('',#15065,1.);
#15065 = DIRECTION('',(-0.4472135955,1.542768028474E-16,-0.894427191));
#15066 = ORIENTED_EDGE('',*,*,#15067,.F.);
#15067 = EDGE_CURVE('',#15068,#15060,#15070,.T.);
#15068 = VERTEX_POINT('',#15069);
#15069 = CARTESIAN_POINT('',(8.E-02,-0.832071068427,-3.47));
#15070 = LINE('',#15071,#15072);
#15071 = CARTESIAN_POINT('',(-2.948735189427E-15,-0.832071068427,-3.31)
  );
#15072 = VECTOR('',#15073,1.);
#15073 = DIRECTION('',(-0.4472135955,-1.542768028474E-16,0.894427191));
#15074 = ORIENTED_EDGE('',*,*,#15075,.T.);
#15075 = EDGE_CURVE('',#15068,#15076,#15078,.T.);
#15076 = VERTEX_POINT('',#15077);
#15077 = CARTESIAN_POINT('',(2.46,-0.832071068427,-3.47));
#15078 = LINE('',#15079,#15080);
#15079 = CARTESIAN_POINT('',(-15.76465126396,-0.832071068427,-3.47));
#15080 = VECTOR('',#15081,1.);
#15081 = DIRECTION('',(1.,0.,0.));
#15082 = ORIENTED_EDGE('',*,*,#15083,.F.);
#15083 = EDGE_CURVE('',#15084,#15076,#15086,.T.);
#15084 = VERTEX_POINT('',#15085);
#15085 = CARTESIAN_POINT('',(2.54,-0.832071068427,-3.31));
#15086 = LINE('',#15087,#15088);
#15087 = CARTESIAN_POINT('',(2.29,-0.832071068427,-3.81));
#15088 = VECTOR('',#15089,1.);
#15089 = DIRECTION('',(-0.4472135955,1.542768028474E-16,-0.894427191));
#15090 = ORIENTED_EDGE('',*,*,#15091,.F.);
#15091 = EDGE_CURVE('',#15092,#15084,#15094,.T.);
#15092 = VERTEX_POINT('',#15093);
#15093 = CARTESIAN_POINT('',(2.62,-0.832071068427,-3.47));
#15094 = LINE('',#15095,#15096);
#15095 = CARTESIAN_POINT('',(2.54,-0.832071068427,-3.31));
#15096 = VECTOR('',#15097,1.);
#15097 = DIRECTION('',(-0.4472135955,-1.542768028474E-16,0.894427191));
#15098 = ORIENTED_EDGE('',*,*,#15099,.T.);
#15099 = EDGE_CURVE('',#15092,#15100,#15102,.T.);
#15100 = VERTEX_POINT('',#15101);
#15101 = CARTESIAN_POINT('',(5.,-0.832071068427,-3.47));
#15102 = LINE('',#15103,#15104);
#15103 = CARTESIAN_POINT('',(-15.76465126396,-0.832071068427,-3.47));
#15104 = VECTOR('',#15105,1.);
#15105 = DIRECTION('',(1.,0.,0.));
#15106 = ORIENTED_EDGE('',*,*,#15107,.F.);
#15107 = EDGE_CURVE('',#15108,#15100,#15110,.T.);
#15108 = VERTEX_POINT('',#15109);
#15109 = CARTESIAN_POINT('',(5.08,-0.832071068427,-3.31));
#15110 = LINE('',#15111,#15112);
#15111 = CARTESIAN_POINT('',(4.83,-0.832071068427,-3.81));
#15112 = VECTOR('',#15113,1.);
#15113 = DIRECTION('',(-0.4472135955,1.542768028474E-16,-0.894427191));
#15114 = ORIENTED_EDGE('',*,*,#15115,.F.);
#15115 = EDGE_CURVE('',#15116,#15108,#15118,.T.);
#15116 = VERTEX_POINT('',#15117);
#15117 = CARTESIAN_POINT('',(5.16,-0.832071068427,-3.47));
#15118 = LINE('',#15119,#15120);
#15119 = CARTESIAN_POINT('',(5.08,-0.832071068427,-3.31));
#15120 = VECTOR('',#15121,1.);
#15121 = DIRECTION('',(-0.4472135955,-1.542768028474E-16,0.894427191));
#15122 = ORIENTED_EDGE('',*,*,#15123,.T.);
#15123 = EDGE_CURVE('',#15116,#15124,#15126,.T.);
#15124 = VERTEX_POINT('',#15125);
#15125 = CARTESIAN_POINT('',(7.54,-0.832071068427,-3.47));
#15126 = LINE('',#15127,#15128);
#15127 = CARTESIAN_POINT('',(-15.76465126396,-0.832071068427,-3.47));
#15128 = VECTOR('',#15129,1.);
#15129 = DIRECTION('',(1.,0.,0.));
#15130 = ORIENTED_EDGE('',*,*,#15131,.F.);
#15131 = EDGE_CURVE('',#15132,#15124,#15134,.T.);
#15132 = VERTEX_POINT('',#15133);
#15133 = CARTESIAN_POINT('',(7.62,-0.832071068427,-3.31));
#15134 = LINE('',#15135,#15136);
#15135 = CARTESIAN_POINT('',(7.37,-0.832071068427,-3.81));
#15136 = VECTOR('',#15137,1.);
#15137 = DIRECTION('',(-0.4472135955,1.542768028474E-16,-0.894427191));
#15138 = ORIENTED_EDGE('',*,*,#15139,.F.);
#15139 = EDGE_CURVE('',#15140,#15132,#15142,.T.);
#15140 = VERTEX_POINT('',#15141);
#15141 = CARTESIAN_POINT('',(7.7,-0.832071068427,-3.47));
#15142 = LINE('',#15143,#15144);
#15143 = CARTESIAN_POINT('',(7.62,-0.832071068427,-3.31));
#15144 = VECTOR('',#15145,1.);
#15145 = DIRECTION('',(-0.4472135955,-1.542768028474E-16,0.894427191));
#15146 = ORIENTED_EDGE('',*,*,#15147,.T.);
#15147 = EDGE_CURVE('',#15140,#15148,#15150,.T.);
#15148 = VERTEX_POINT('',#15149);
#15149 = CARTESIAN_POINT('',(10.08,-0.832071068427,-3.47));
#15150 = LINE('',#15151,#15152);
#15151 = CARTESIAN_POINT('',(-15.76465126396,-0.832071068427,-3.47));
#15152 = VECTOR('',#15153,1.);
#15153 = DIRECTION('',(1.,0.,0.));
#15154 = ORIENTED_EDGE('',*,*,#15155,.F.);
#15155 = EDGE_CURVE('',#15156,#15148,#15158,.T.);
#15156 = VERTEX_POINT('',#15157);
#15157 = CARTESIAN_POINT('',(10.16,-0.832071068427,-3.31));
#15158 = LINE('',#15159,#15160);
#15159 = CARTESIAN_POINT('',(9.91,-0.832071068427,-3.81));
#15160 = VECTOR('',#15161,1.);
#15161 = DIRECTION('',(-0.4472135955,1.542768028474E-16,-0.894427191));
#15162 = ORIENTED_EDGE('',*,*,#15163,.F.);
#15163 = EDGE_CURVE('',#15164,#15156,#15166,.T.);
#15164 = VERTEX_POINT('',#15165);
#15165 = CARTESIAN_POINT('',(10.24,-0.832071068427,-3.47));
#15166 = LINE('',#15167,#15168);
#15167 = CARTESIAN_POINT('',(10.16,-0.832071068427,-3.31));
#15168 = VECTOR('',#15169,1.);
#15169 = DIRECTION('',(-0.4472135955,-1.542768028474E-16,0.894427191));
#15170 = ORIENTED_EDGE('',*,*,#15171,.T.);
#15171 = EDGE_CURVE('',#15164,#15172,#15174,.T.);
#15172 = VERTEX_POINT('',#15173);
#15173 = CARTESIAN_POINT('',(12.62,-0.832071068427,-3.47));
#15174 = LINE('',#15175,#15176);
#15175 = CARTESIAN_POINT('',(-15.76465126396,-0.832071068427,-3.47));
#15176 = VECTOR('',#15177,1.);
#15177 = DIRECTION('',(1.,0.,0.));
#15178 = ORIENTED_EDGE('',*,*,#15179,.F.);
#15179 = EDGE_CURVE('',#15180,#15172,#15182,.T.);
#15180 = VERTEX_POINT('',#15181);
#15181 = CARTESIAN_POINT('',(12.7,-0.832071068427,-3.31));
#15182 = LINE('',#15183,#15184);
#15183 = CARTESIAN_POINT('',(12.45,-0.832071068427,-3.81));
#15184 = VECTOR('',#15185,1.);
#15185 = DIRECTION('',(-0.4472135955,1.542768028474E-16,-0.894427191));
#15186 = ORIENTED_EDGE('',*,*,#15187,.F.);
#15187 = EDGE_CURVE('',#15188,#15180,#15190,.T.);
#15188 = VERTEX_POINT('',#15189);
#15189 = CARTESIAN_POINT('',(12.78,-0.832071068427,-3.47));
#15190 = LINE('',#15191,#15192);
#15191 = CARTESIAN_POINT('',(12.7,-0.832071068427,-3.31));
#15192 = VECTOR('',#15193,1.);
#15193 = DIRECTION('',(-0.4472135955,-1.542768028474E-16,0.894427191));
#15194 = ORIENTED_EDGE('',*,*,#15195,.T.);
#15195 = EDGE_CURVE('',#15188,#15196,#15198,.T.);
#15196 = VERTEX_POINT('',#15197);
#15197 = CARTESIAN_POINT('',(15.16,-0.832071068427,-3.47));
#15198 = LINE('',#15199,#15200);
#15199 = CARTESIAN_POINT('',(-15.76465126396,-0.832071068427,-3.47));
#15200 = VECTOR('',#15201,1.);
#15201 = DIRECTION('',(1.,0.,0.));
#15202 = ORIENTED_EDGE('',*,*,#15203,.F.);
#15203 = EDGE_CURVE('',#15204,#15196,#15206,.T.);
#15204 = VERTEX_POINT('',#15205);
#15205 = CARTESIAN_POINT('',(15.24,-0.832071068427,-3.31));
#15206 = LINE('',#15207,#15208);
#15207 = CARTESIAN_POINT('',(14.99,-0.832071068427,-3.81));
#15208 = VECTOR('',#15209,1.);
#15209 = DIRECTION('',(-0.4472135955,1.542768028474E-16,-0.894427191));
#15210 = ORIENTED_EDGE('',*,*,#15211,.F.);
#15211 = EDGE_CURVE('',#15212,#15204,#15214,.T.);
#15212 = VERTEX_POINT('',#15213);
#15213 = CARTESIAN_POINT('',(15.24,-0.832071068427,0.77));
#15214 = LINE('',#15215,#15216);
#15215 = CARTESIAN_POINT('',(15.24,-0.832071068427,0.93));
#15216 = VECTOR('',#15217,1.);
#15217 = DIRECTION('',(0.,1.724867092591E-16,-1.));
#15218 = ORIENTED_EDGE('',*,*,#15219,.F.);
#15219 = EDGE_CURVE('',#15220,#15212,#15222,.T.);
#15220 = VERTEX_POINT('',#15221);
#15221 = CARTESIAN_POINT('',(15.16,-0.832071068427,0.93));
#15222 = LINE('',#15223,#15224);
#15223 = CARTESIAN_POINT('',(14.99,-0.832071068427,1.27));
#15224 = VECTOR('',#15225,1.);
#15225 = DIRECTION('',(0.4472135955,1.542768028474E-16,-0.894427191));
#15226 = ORIENTED_EDGE('',*,*,#15227,.F.);
#15227 = EDGE_CURVE('',#15228,#15220,#15230,.T.);
#15228 = VERTEX_POINT('',#15229);
#15229 = CARTESIAN_POINT('',(12.78,-0.832071068427,0.93));
#15230 = LINE('',#15231,#15232);
#15231 = CARTESIAN_POINT('',(-15.76465126396,-0.832071068427,0.93));
#15232 = VECTOR('',#15233,1.);
#15233 = DIRECTION('',(1.,0.,0.));
#15234 = ORIENTED_EDGE('',*,*,#15235,.F.);
#15235 = EDGE_CURVE('',#15236,#15228,#15238,.T.);
#15236 = VERTEX_POINT('',#15237);
#15237 = CARTESIAN_POINT('',(12.7,-0.832071068427,0.77));
#15238 = LINE('',#15239,#15240);
#15239 = CARTESIAN_POINT('',(12.7,-0.832071068427,0.77));
#15240 = VECTOR('',#15241,1.);
#15241 = DIRECTION('',(0.4472135955,-1.542768028474E-16,0.894427191));
#15242 = ORIENTED_EDGE('',*,*,#15243,.F.);
#15243 = EDGE_CURVE('',#15244,#15236,#15246,.T.);
#15244 = VERTEX_POINT('',#15245);
#15245 = CARTESIAN_POINT('',(12.62,-0.832071068427,0.93));
#15246 = LINE('',#15247,#15248);
#15247 = CARTESIAN_POINT('',(12.45,-0.832071068427,1.27));
#15248 = VECTOR('',#15249,1.);
#15249 = DIRECTION('',(0.4472135955,1.542768028474E-16,-0.894427191));
#15250 = ORIENTED_EDGE('',*,*,#15251,.F.);
#15251 = EDGE_CURVE('',#15252,#15244,#15254,.T.);
#15252 = VERTEX_POINT('',#15253);
#15253 = CARTESIAN_POINT('',(10.24,-0.832071068427,0.93));
#15254 = LINE('',#15255,#15256);
#15255 = CARTESIAN_POINT('',(-15.76465126396,-0.832071068427,0.93));
#15256 = VECTOR('',#15257,1.);
#15257 = DIRECTION('',(1.,0.,0.));
#15258 = ORIENTED_EDGE('',*,*,#15259,.F.);
#15259 = EDGE_CURVE('',#15260,#15252,#15262,.T.);
#15260 = VERTEX_POINT('',#15261);
#15261 = CARTESIAN_POINT('',(10.16,-0.832071068427,0.77));
#15262 = LINE('',#15263,#15264);
#15263 = CARTESIAN_POINT('',(10.16,-0.832071068427,0.77));
#15264 = VECTOR('',#15265,1.);
#15265 = DIRECTION('',(0.4472135955,-1.542768028474E-16,0.894427191));
#15266 = ORIENTED_EDGE('',*,*,#15267,.F.);
#15267 = EDGE_CURVE('',#15268,#15260,#15270,.T.);
#15268 = VERTEX_POINT('',#15269);
#15269 = CARTESIAN_POINT('',(10.08,-0.832071068427,0.93));
#15270 = LINE('',#15271,#15272);
#15271 = CARTESIAN_POINT('',(9.91,-0.832071068427,1.27));
#15272 = VECTOR('',#15273,1.);
#15273 = DIRECTION('',(0.4472135955,1.542768028474E-16,-0.894427191));
#15274 = ORIENTED_EDGE('',*,*,#15275,.F.);
#15275 = EDGE_CURVE('',#15276,#15268,#15278,.T.);
#15276 = VERTEX_POINT('',#15277);
#15277 = CARTESIAN_POINT('',(7.7,-0.832071068427,0.93));
#15278 = LINE('',#15279,#15280);
#15279 = CARTESIAN_POINT('',(-15.76465126396,-0.832071068427,0.93));
#15280 = VECTOR('',#15281,1.);
#15281 = DIRECTION('',(1.,0.,0.));
#15282 = ORIENTED_EDGE('',*,*,#15283,.F.);
#15283 = EDGE_CURVE('',#15284,#15276,#15286,.T.);
#15284 = VERTEX_POINT('',#15285);
#15285 = CARTESIAN_POINT('',(7.62,-0.832071068427,0.77));
#15286 = LINE('',#15287,#15288);
#15287 = CARTESIAN_POINT('',(7.62,-0.832071068427,0.77));
#15288 = VECTOR('',#15289,1.);
#15289 = DIRECTION('',(0.4472135955,-1.542768028474E-16,0.894427191));
#15290 = ORIENTED_EDGE('',*,*,#15291,.F.);
#15291 = EDGE_CURVE('',#15292,#15284,#15294,.T.);
#15292 = VERTEX_POINT('',#15293);
#15293 = CARTESIAN_POINT('',(7.54,-0.832071068427,0.93));
#15294 = LINE('',#15295,#15296);
#15295 = CARTESIAN_POINT('',(7.37,-0.832071068427,1.27));
#15296 = VECTOR('',#15297,1.);
#15297 = DIRECTION('',(0.4472135955,1.542768028474E-16,-0.894427191));
#15298 = ORIENTED_EDGE('',*,*,#15299,.F.);
#15299 = EDGE_CURVE('',#15300,#15292,#15302,.T.);
#15300 = VERTEX_POINT('',#15301);
#15301 = CARTESIAN_POINT('',(5.16,-0.832071068427,0.93));
#15302 = LINE('',#15303,#15304);
#15303 = CARTESIAN_POINT('',(-15.76465126396,-0.832071068427,0.93));
#15304 = VECTOR('',#15305,1.);
#15305 = DIRECTION('',(1.,0.,0.));
#15306 = ORIENTED_EDGE('',*,*,#15307,.F.);
#15307 = EDGE_CURVE('',#15308,#15300,#15310,.T.);
#15308 = VERTEX_POINT('',#15309);
#15309 = CARTESIAN_POINT('',(5.08,-0.832071068427,0.77));
#15310 = LINE('',#15311,#15312);
#15311 = CARTESIAN_POINT('',(5.08,-0.832071068427,0.77));
#15312 = VECTOR('',#15313,1.);
#15313 = DIRECTION('',(0.4472135955,-1.542768028474E-16,0.894427191));
#15314 = ORIENTED_EDGE('',*,*,#15315,.F.);
#15315 = EDGE_CURVE('',#15316,#15308,#15318,.T.);
#15316 = VERTEX_POINT('',#15317);
#15317 = CARTESIAN_POINT('',(5.,-0.832071068427,0.93));
#15318 = LINE('',#15319,#15320);
#15319 = CARTESIAN_POINT('',(4.83,-0.832071068427,1.27));
#15320 = VECTOR('',#15321,1.);
#15321 = DIRECTION('',(0.4472135955,1.542768028474E-16,-0.894427191));
#15322 = ORIENTED_EDGE('',*,*,#15323,.F.);
#15323 = EDGE_CURVE('',#15324,#15316,#15326,.T.);
#15324 = VERTEX_POINT('',#15325);
#15325 = CARTESIAN_POINT('',(2.62,-0.832071068427,0.93));
#15326 = LINE('',#15327,#15328);
#15327 = CARTESIAN_POINT('',(-15.76465126396,-0.832071068427,0.93));
#15328 = VECTOR('',#15329,1.);
#15329 = DIRECTION('',(1.,0.,0.));
#15330 = ORIENTED_EDGE('',*,*,#15331,.F.);
#15331 = EDGE_CURVE('',#15332,#15324,#15334,.T.);
#15332 = VERTEX_POINT('',#15333);
#15333 = CARTESIAN_POINT('',(2.54,-0.832071068427,0.77));
#15334 = LINE('',#15335,#15336);
#15335 = CARTESIAN_POINT('',(2.54,-0.832071068427,0.77));
#15336 = VECTOR('',#15337,1.);
#15337 = DIRECTION('',(0.4472135955,-1.542768028474E-16,0.894427191));
#15338 = ORIENTED_EDGE('',*,*,#15339,.F.);
#15339 = EDGE_CURVE('',#15340,#15332,#15342,.T.);
#15340 = VERTEX_POINT('',#15341);
#15341 = CARTESIAN_POINT('',(2.46,-0.832071068427,0.93));
#15342 = LINE('',#15343,#15344);
#15343 = CARTESIAN_POINT('',(2.29,-0.832071068427,1.27));
#15344 = VECTOR('',#15345,1.);
#15345 = DIRECTION('',(0.4472135955,1.542768028474E-16,-0.894427191));
#15346 = ORIENTED_EDGE('',*,*,#15347,.F.);
#15347 = EDGE_CURVE('',#15348,#15340,#15350,.T.);
#15348 = VERTEX_POINT('',#15349);
#15349 = CARTESIAN_POINT('',(8.E-02,-0.832071068427,0.93));
#15350 = LINE('',#15351,#15352);
#15351 = CARTESIAN_POINT('',(-15.76465126396,-0.832071068427,0.93));
#15352 = VECTOR('',#15353,1.);
#15353 = DIRECTION('',(1.,0.,0.));
#15354 = ORIENTED_EDGE('',*,*,#15355,.F.);
#15355 = EDGE_CURVE('',#15356,#15348,#15358,.T.);
#15356 = VERTEX_POINT('',#15357);
#15357 = CARTESIAN_POINT('',(-4.792999740042E-17,-0.832071068427,0.77));
#15358 = LINE('',#15359,#15360);
#15359 = CARTESIAN_POINT('',(9.962243040277E-16,-0.832071068427,0.77));
#15360 = VECTOR('',#15361,1.);
#15361 = DIRECTION('',(0.4472135955,-1.542768028474E-16,0.894427191));
#15362 = ORIENTED_EDGE('',*,*,#15363,.F.);
#15363 = EDGE_CURVE('',#15364,#15356,#15366,.T.);
#15364 = VERTEX_POINT('',#15365);
#15365 = CARTESIAN_POINT('',(-8.E-02,-0.832071068427,0.93));
#15366 = LINE('',#15367,#15368);
#15367 = CARTESIAN_POINT('',(-0.25,-0.832071068427,1.27));
#15368 = VECTOR('',#15369,1.);
#15369 = DIRECTION('',(0.4472135955,1.542768028474E-16,-0.894427191));
#15370 = ORIENTED_EDGE('',*,*,#15371,.F.);
#15371 = EDGE_CURVE('',#15372,#15364,#15374,.T.);
#15372 = VERTEX_POINT('',#15373);
#15373 = CARTESIAN_POINT('',(-2.46,-0.832071068427,0.93));
#15374 = LINE('',#15375,#15376);
#15375 = CARTESIAN_POINT('',(-15.76465126396,-0.832071068427,0.93));
#15376 = VECTOR('',#15377,1.);
#15377 = DIRECTION('',(1.,0.,0.));
#15378 = ORIENTED_EDGE('',*,*,#15379,.F.);
#15379 = EDGE_CURVE('',#15380,#15372,#15382,.T.);
#15380 = VERTEX_POINT('',#15381);
#15381 = CARTESIAN_POINT('',(-2.54,-0.832071068427,0.77));
#15382 = LINE('',#15383,#15384);
#15383 = CARTESIAN_POINT('',(-2.54,-0.832071068427,0.77));
#15384 = VECTOR('',#15385,1.);
#15385 = DIRECTION('',(0.4472135955,-1.542768028474E-16,0.894427191));
#15386 = ORIENTED_EDGE('',*,*,#15387,.F.);
#15387 = EDGE_CURVE('',#15388,#15380,#15390,.T.);
#15388 = VERTEX_POINT('',#15389);
#15389 = CARTESIAN_POINT('',(-2.62,-0.832071068427,0.93));
#15390 = LINE('',#15391,#15392);
#15391 = CARTESIAN_POINT('',(-2.79,-0.832071068427,1.27));
#15392 = VECTOR('',#15393,1.);
#15393 = DIRECTION('',(0.4472135955,1.542768028474E-16,-0.894427191));
#15394 = ORIENTED_EDGE('',*,*,#15395,.F.);
#15395 = EDGE_CURVE('',#15396,#15388,#15398,.T.);
#15396 = VERTEX_POINT('',#15397);
#15397 = CARTESIAN_POINT('',(-5.,-0.832071068427,0.93));
#15398 = LINE('',#15399,#15400);
#15399 = CARTESIAN_POINT('',(-15.76465126396,-0.832071068427,0.93));
#15400 = VECTOR('',#15401,1.);
#15401 = DIRECTION('',(1.,0.,0.));
#15402 = ORIENTED_EDGE('',*,*,#15403,.F.);
#15403 = EDGE_CURVE('',#15404,#15396,#15406,.T.);
#15404 = VERTEX_POINT('',#15405);
#15405 = CARTESIAN_POINT('',(-5.08,-0.832071068427,0.77));
#15406 = LINE('',#15407,#15408);
#15407 = CARTESIAN_POINT('',(-5.08,-0.832071068427,0.77));
#15408 = VECTOR('',#15409,1.);
#15409 = DIRECTION('',(0.4472135955,-1.542768028474E-16,0.894427191));
#15410 = ORIENTED_EDGE('',*,*,#15411,.F.);
#15411 = EDGE_CURVE('',#15412,#15404,#15414,.T.);
#15412 = VERTEX_POINT('',#15413);
#15413 = CARTESIAN_POINT('',(-5.16,-0.832071068427,0.93));
#15414 = LINE('',#15415,#15416);
#15415 = CARTESIAN_POINT('',(-5.33,-0.832071068427,1.27));
#15416 = VECTOR('',#15417,1.);
#15417 = DIRECTION('',(0.4472135955,1.542768028474E-16,-0.894427191));
#15418 = ORIENTED_EDGE('',*,*,#15419,.F.);
#15419 = EDGE_CURVE('',#15420,#15412,#15422,.T.);
#15420 = VERTEX_POINT('',#15421);
#15421 = CARTESIAN_POINT('',(-7.54,-0.832071068427,0.93));
#15422 = LINE('',#15423,#15424);
#15423 = CARTESIAN_POINT('',(-15.76465126396,-0.832071068427,0.93));
#15424 = VECTOR('',#15425,1.);
#15425 = DIRECTION('',(1.,0.,0.));
#15426 = ORIENTED_EDGE('',*,*,#15427,.F.);
#15427 = EDGE_CURVE('',#15428,#15420,#15430,.T.);
#15428 = VERTEX_POINT('',#15429);
#15429 = CARTESIAN_POINT('',(-7.62,-0.832071068427,0.77));
#15430 = LINE('',#15431,#15432);
#15431 = CARTESIAN_POINT('',(-7.62,-0.832071068427,0.77));
#15432 = VECTOR('',#15433,1.);
#15433 = DIRECTION('',(0.4472135955,-1.542768028474E-16,0.894427191));
#15434 = ORIENTED_EDGE('',*,*,#15435,.F.);
#15435 = EDGE_CURVE('',#15436,#15428,#15438,.T.);
#15436 = VERTEX_POINT('',#15437);
#15437 = CARTESIAN_POINT('',(-7.7,-0.832071068427,0.93));
#15438 = LINE('',#15439,#15440);
#15439 = CARTESIAN_POINT('',(-7.87,-0.832071068427,1.27));
#15440 = VECTOR('',#15441,1.);
#15441 = DIRECTION('',(0.4472135955,1.542768028474E-16,-0.894427191));
#15442 = ORIENTED_EDGE('',*,*,#15443,.F.);
#15443 = EDGE_CURVE('',#15444,#15436,#15446,.T.);
#15444 = VERTEX_POINT('',#15445);
#15445 = CARTESIAN_POINT('',(-10.08,-0.832071068427,0.93));
#15446 = LINE('',#15447,#15448);
#15447 = CARTESIAN_POINT('',(-15.76465126396,-0.832071068427,0.93));
#15448 = VECTOR('',#15449,1.);
#15449 = DIRECTION('',(1.,0.,0.));
#15450 = ORIENTED_EDGE('',*,*,#15451,.F.);
#15451 = EDGE_CURVE('',#15452,#15444,#15454,.T.);
#15452 = VERTEX_POINT('',#15453);
#15453 = CARTESIAN_POINT('',(-10.16,-0.832071068427,0.77));
#15454 = LINE('',#15455,#15456);
#15455 = CARTESIAN_POINT('',(-10.16,-0.832071068427,0.77));
#15456 = VECTOR('',#15457,1.);
#15457 = DIRECTION('',(0.4472135955,-1.542768028474E-16,0.894427191));
#15458 = ORIENTED_EDGE('',*,*,#15459,.F.);
#15459 = EDGE_CURVE('',#15460,#15452,#15462,.T.);
#15460 = VERTEX_POINT('',#15461);
#15461 = CARTESIAN_POINT('',(-10.24,-0.832071068427,0.93));
#15462 = LINE('',#15463,#15464);
#15463 = CARTESIAN_POINT('',(-10.41,-0.832071068427,1.27));
#15464 = VECTOR('',#15465,1.);
#15465 = DIRECTION('',(0.4472135955,1.542768028474E-16,-0.894427191));
#15466 = ORIENTED_EDGE('',*,*,#15467,.F.);
#15467 = EDGE_CURVE('',#15468,#15460,#15470,.T.);
#15468 = VERTEX_POINT('',#15469);
#15469 = CARTESIAN_POINT('',(-12.62,-0.832071068427,0.93));
#15470 = LINE('',#15471,#15472);
#15471 = CARTESIAN_POINT('',(-15.76465126396,-0.832071068427,0.93));
#15472 = VECTOR('',#15473,1.);
#15473 = DIRECTION('',(1.,0.,0.));
#15474 = ORIENTED_EDGE('',*,*,#15475,.F.);
#15475 = EDGE_CURVE('',#15476,#15468,#15478,.T.);
#15476 = VERTEX_POINT('',#15477);
#15477 = CARTESIAN_POINT('',(-12.7,-0.832071068427,0.77));
#15478 = LINE('',#15479,#15480);
#15479 = CARTESIAN_POINT('',(-12.7,-0.832071068427,0.77));
#15480 = VECTOR('',#15481,1.);
#15481 = DIRECTION('',(0.4472135955,-1.542768028474E-16,0.894427191));
#15482 = ORIENTED_EDGE('',*,*,#15483,.F.);
#15483 = EDGE_CURVE('',#14900,#15476,#15484,.T.);
#15484 = LINE('',#15485,#15486);
#15485 = CARTESIAN_POINT('',(-12.95,-0.832071068427,1.27));
#15486 = VECTOR('',#15487,1.);
#15487 = DIRECTION('',(0.4472135955,1.542768028474E-16,-0.894427191));
#15488 = FACE_BOUND('',#15489,.T.);
#15489 = EDGE_LOOP('',(#15490,#15500,#15508,#15516));
#15490 = ORIENTED_EDGE('',*,*,#15491,.T.);
#15491 = EDGE_CURVE('',#15492,#15494,#15496,.T.);
#15492 = VERTEX_POINT('',#15493);
#15493 = CARTESIAN_POINT('',(-14.29,-0.832071068427,-2.22));
#15494 = VERTEX_POINT('',#15495);
#15495 = CARTESIAN_POINT('',(-13.65,-0.832071068427,-2.22));
#15496 = LINE('',#15497,#15498);
#15497 = CARTESIAN_POINT('',(-15.76465126396,-0.832071068427,-2.22));
#15498 = VECTOR('',#15499,1.);
#15499 = DIRECTION('',(1.,0.,0.));
#15500 = ORIENTED_EDGE('',*,*,#15501,.T.);
#15501 = EDGE_CURVE('',#15494,#15502,#15504,.T.);
#15502 = VERTEX_POINT('',#15503);
#15503 = CARTESIAN_POINT('',(-13.65,-0.832071068427,-2.86));
#15504 = LINE('',#15505,#15506);
#15505 = CARTESIAN_POINT('',(-13.65,-0.832071068427,0.93));
#15506 = VECTOR('',#15507,1.);
#15507 = DIRECTION('',(0.,1.724867092591E-16,-1.));
#15508 = ORIENTED_EDGE('',*,*,#15509,.T.);
#15509 = EDGE_CURVE('',#15502,#15510,#15512,.T.);
#15510 = VERTEX_POINT('',#15511);
#15511 = CARTESIAN_POINT('',(-14.29,-0.832071068427,-2.86));
#15512 = LINE('',#15513,#15514);
#15513 = CARTESIAN_POINT('',(-15.76465126396,-0.832071068427,-2.86));
#15514 = VECTOR('',#15515,1.);
#15515 = DIRECTION('',(-1.,0.,0.));
#15516 = ORIENTED_EDGE('',*,*,#15517,.T.);
#15517 = EDGE_CURVE('',#15510,#15492,#15518,.T.);
#15518 = LINE('',#15519,#15520);
#15519 = CARTESIAN_POINT('',(-14.29,-0.832071068427,0.93));
#15520 = VECTOR('',#15521,1.);
#15521 = DIRECTION('',(0.,-1.724867092591E-16,1.));
#15522 = FACE_BOUND('',#15523,.T.);
#15523 = EDGE_LOOP('',(#15524,#15534,#15542,#15550));
#15524 = ORIENTED_EDGE('',*,*,#15525,.T.);
#15525 = EDGE_CURVE('',#15526,#15528,#15530,.T.);
#15526 = VERTEX_POINT('',#15527);
#15527 = CARTESIAN_POINT('',(-11.75,-0.832071068427,-2.22));
#15528 = VERTEX_POINT('',#15529);
#15529 = CARTESIAN_POINT('',(-11.11,-0.832071068427,-2.22));
#15530 = LINE('',#15531,#15532);
#15531 = CARTESIAN_POINT('',(-15.76465126396,-0.832071068427,-2.22));
#15532 = VECTOR('',#15533,1.);
#15533 = DIRECTION('',(1.,0.,0.));
#15534 = ORIENTED_EDGE('',*,*,#15535,.T.);
#15535 = EDGE_CURVE('',#15528,#15536,#15538,.T.);
#15536 = VERTEX_POINT('',#15537);
#15537 = CARTESIAN_POINT('',(-11.11,-0.832071068427,-2.86));
#15538 = LINE('',#15539,#15540);
#15539 = CARTESIAN_POINT('',(-11.11,-0.832071068427,0.93));
#15540 = VECTOR('',#15541,1.);
#15541 = DIRECTION('',(0.,1.724867092591E-16,-1.));
#15542 = ORIENTED_EDGE('',*,*,#15543,.T.);
#15543 = EDGE_CURVE('',#15536,#15544,#15546,.T.);
#15544 = VERTEX_POINT('',#15545);
#15545 = CARTESIAN_POINT('',(-11.75,-0.832071068427,-2.86));
#15546 = LINE('',#15547,#15548);
#15547 = CARTESIAN_POINT('',(-15.76465126396,-0.832071068427,-2.86));
#15548 = VECTOR('',#15549,1.);
#15549 = DIRECTION('',(-1.,0.,0.));
#15550 = ORIENTED_EDGE('',*,*,#15551,.T.);
#15551 = EDGE_CURVE('',#15544,#15526,#15552,.T.);
#15552 = LINE('',#15553,#15554);
#15553 = CARTESIAN_POINT('',(-11.75,-0.832071068427,0.93));
#15554 = VECTOR('',#15555,1.);
#15555 = DIRECTION('',(0.,-1.724867092591E-16,1.));
#15556 = FACE_BOUND('',#15557,.T.);
#15557 = EDGE_LOOP('',(#15558,#15568,#15576,#15584));
#15558 = ORIENTED_EDGE('',*,*,#15559,.T.);
#15559 = EDGE_CURVE('',#15560,#15562,#15564,.T.);
#15560 = VERTEX_POINT('',#15561);
#15561 = CARTESIAN_POINT('',(-9.21,-0.832071068427,-2.22));
#15562 = VERTEX_POINT('',#15563);
#15563 = CARTESIAN_POINT('',(-8.57,-0.832071068427,-2.22));
#15564 = LINE('',#15565,#15566);
#15565 = CARTESIAN_POINT('',(-15.76465126396,-0.832071068427,-2.22));
#15566 = VECTOR('',#15567,1.);
#15567 = DIRECTION('',(1.,0.,0.));
#15568 = ORIENTED_EDGE('',*,*,#15569,.T.);
#15569 = EDGE_CURVE('',#15562,#15570,#15572,.T.);
#15570 = VERTEX_POINT('',#15571);
#15571 = CARTESIAN_POINT('',(-8.57,-0.832071068427,-2.86));
#15572 = LINE('',#15573,#15574);
#15573 = CARTESIAN_POINT('',(-8.57,-0.832071068427,0.93));
#15574 = VECTOR('',#15575,1.);
#15575 = DIRECTION('',(0.,1.724867092591E-16,-1.));
#15576 = ORIENTED_EDGE('',*,*,#15577,.T.);
#15577 = EDGE_CURVE('',#15570,#15578,#15580,.T.);
#15578 = VERTEX_POINT('',#15579);
#15579 = CARTESIAN_POINT('',(-9.21,-0.832071068427,-2.86));
#15580 = LINE('',#15581,#15582);
#15581 = CARTESIAN_POINT('',(-15.76465126396,-0.832071068427,-2.86));
#15582 = VECTOR('',#15583,1.);
#15583 = DIRECTION('',(-1.,0.,0.));
#15584 = ORIENTED_EDGE('',*,*,#15585,.T.);
#15585 = EDGE_CURVE('',#15578,#15560,#15586,.T.);
#15586 = LINE('',#15587,#15588);
#15587 = CARTESIAN_POINT('',(-9.21,-0.832071068427,0.93));
#15588 = VECTOR('',#15589,1.);
#15589 = DIRECTION('',(0.,-1.724867092591E-16,1.));
#15590 = FACE_BOUND('',#15591,.T.);
#15591 = EDGE_LOOP('',(#15592,#15602,#15610,#15618));
#15592 = ORIENTED_EDGE('',*,*,#15593,.T.);
#15593 = EDGE_CURVE('',#15594,#15596,#15598,.T.);
#15594 = VERTEX_POINT('',#15595);
#15595 = CARTESIAN_POINT('',(-6.67,-0.832071068427,-2.22));
#15596 = VERTEX_POINT('',#15597);
#15597 = CARTESIAN_POINT('',(-6.03,-0.832071068427,-2.22));
#15598 = LINE('',#15599,#15600);
#15599 = CARTESIAN_POINT('',(-15.76465126396,-0.832071068427,-2.22));
#15600 = VECTOR('',#15601,1.);
#15601 = DIRECTION('',(1.,0.,0.));
#15602 = ORIENTED_EDGE('',*,*,#15603,.T.);
#15603 = EDGE_CURVE('',#15596,#15604,#15606,.T.);
#15604 = VERTEX_POINT('',#15605);
#15605 = CARTESIAN_POINT('',(-6.03,-0.832071068427,-2.86));
#15606 = LINE('',#15607,#15608);
#15607 = CARTESIAN_POINT('',(-6.03,-0.832071068427,0.93));
#15608 = VECTOR('',#15609,1.);
#15609 = DIRECTION('',(0.,1.724867092591E-16,-1.));
#15610 = ORIENTED_EDGE('',*,*,#15611,.T.);
#15611 = EDGE_CURVE('',#15604,#15612,#15614,.T.);
#15612 = VERTEX_POINT('',#15613);
#15613 = CARTESIAN_POINT('',(-6.67,-0.832071068427,-2.86));
#15614 = LINE('',#15615,#15616);
#15615 = CARTESIAN_POINT('',(-15.76465126396,-0.832071068427,-2.86));
#15616 = VECTOR('',#15617,1.);
#15617 = DIRECTION('',(-1.,0.,0.));
#15618 = ORIENTED_EDGE('',*,*,#15619,.T.);
#15619 = EDGE_CURVE('',#15612,#15594,#15620,.T.);
#15620 = LINE('',#15621,#15622);
#15621 = CARTESIAN_POINT('',(-6.67,-0.832071068427,0.93));
#15622 = VECTOR('',#15623,1.);
#15623 = DIRECTION('',(0.,-1.724867092591E-16,1.));
#15624 = FACE_BOUND('',#15625,.T.);
#15625 = EDGE_LOOP('',(#15626,#15636,#15644,#15652));
#15626 = ORIENTED_EDGE('',*,*,#15627,.T.);
#15627 = EDGE_CURVE('',#15628,#15630,#15632,.T.);
#15628 = VERTEX_POINT('',#15629);
#15629 = CARTESIAN_POINT('',(-4.13,-0.832071068427,-2.22));
#15630 = VERTEX_POINT('',#15631);
#15631 = CARTESIAN_POINT('',(-3.49,-0.832071068427,-2.22));
#15632 = LINE('',#15633,#15634);
#15633 = CARTESIAN_POINT('',(-15.76465126396,-0.832071068427,-2.22));
#15634 = VECTOR('',#15635,1.);
#15635 = DIRECTION('',(1.,0.,0.));
#15636 = ORIENTED_EDGE('',*,*,#15637,.T.);
#15637 = EDGE_CURVE('',#15630,#15638,#15640,.T.);
#15638 = VERTEX_POINT('',#15639);
#15639 = CARTESIAN_POINT('',(-3.49,-0.832071068427,-2.86));
#15640 = LINE('',#15641,#15642);
#15641 = CARTESIAN_POINT('',(-3.49,-0.832071068427,0.93));
#15642 = VECTOR('',#15643,1.);
#15643 = DIRECTION('',(0.,1.724867092591E-16,-1.));
#15644 = ORIENTED_EDGE('',*,*,#15645,.T.);
#15645 = EDGE_CURVE('',#15638,#15646,#15648,.T.);
#15646 = VERTEX_POINT('',#15647);
#15647 = CARTESIAN_POINT('',(-4.13,-0.832071068427,-2.86));
#15648 = LINE('',#15649,#15650);
#15649 = CARTESIAN_POINT('',(-15.76465126396,-0.832071068427,-2.86));
#15650 = VECTOR('',#15651,1.);
#15651 = DIRECTION('',(-1.,0.,0.));
#15652 = ORIENTED_EDGE('',*,*,#15653,.T.);
#15653 = EDGE_CURVE('',#15646,#15628,#15654,.T.);
#15654 = LINE('',#15655,#15656);
#15655 = CARTESIAN_POINT('',(-4.13,-0.832071068427,0.93));
#15656 = VECTOR('',#15657,1.);
#15657 = DIRECTION('',(0.,-1.724867092591E-16,1.));
#15658 = FACE_BOUND('',#15659,.T.);
#15659 = EDGE_LOOP('',(#15660,#15670,#15678,#15686));
#15660 = ORIENTED_EDGE('',*,*,#15661,.T.);
#15661 = EDGE_CURVE('',#15662,#15664,#15666,.T.);
#15662 = VERTEX_POINT('',#15663);
#15663 = CARTESIAN_POINT('',(-1.59,-0.832071068427,-2.22));
#15664 = VERTEX_POINT('',#15665);
#15665 = CARTESIAN_POINT('',(-0.95,-0.832071068427,-2.22));
#15666 = LINE('',#15667,#15668);
#15667 = CARTESIAN_POINT('',(-15.76465126396,-0.832071068427,-2.22));
#15668 = VECTOR('',#15669,1.);
#15669 = DIRECTION('',(1.,0.,0.));
#15670 = ORIENTED_EDGE('',*,*,#15671,.T.);
#15671 = EDGE_CURVE('',#15664,#15672,#15674,.T.);
#15672 = VERTEX_POINT('',#15673);
#15673 = CARTESIAN_POINT('',(-0.95,-0.832071068427,-2.86));
#15674 = LINE('',#15675,#15676);
#15675 = CARTESIAN_POINT('',(-0.95,-0.832071068427,0.93));
#15676 = VECTOR('',#15677,1.);
#15677 = DIRECTION('',(0.,1.724867092591E-16,-1.));
#15678 = ORIENTED_EDGE('',*,*,#15679,.T.);
#15679 = EDGE_CURVE('',#15672,#15680,#15682,.T.);
#15680 = VERTEX_POINT('',#15681);
#15681 = CARTESIAN_POINT('',(-1.59,-0.832071068427,-2.86));
#15682 = LINE('',#15683,#15684);
#15683 = CARTESIAN_POINT('',(-15.76465126396,-0.832071068427,-2.86));
#15684 = VECTOR('',#15685,1.);
#15685 = DIRECTION('',(-1.,0.,0.));
#15686 = ORIENTED_EDGE('',*,*,#15687,.T.);
#15687 = EDGE_CURVE('',#15680,#15662,#15688,.T.);
#15688 = LINE('',#15689,#15690);
#15689 = CARTESIAN_POINT('',(-1.59,-0.832071068427,0.93));
#15690 = VECTOR('',#15691,1.);
#15691 = DIRECTION('',(0.,-1.724867092591E-16,1.));
#15692 = FACE_BOUND('',#15693,.T.);
#15693 = EDGE_LOOP('',(#15694,#15704,#15712,#15720));
#15694 = ORIENTED_EDGE('',*,*,#15695,.T.);
#15695 = EDGE_CURVE('',#15696,#15698,#15700,.T.);
#15696 = VERTEX_POINT('',#15697);
#15697 = CARTESIAN_POINT('',(0.95,-0.832071068427,-2.22));
#15698 = VERTEX_POINT('',#15699);
#15699 = CARTESIAN_POINT('',(1.59,-0.832071068427,-2.22));
#15700 = LINE('',#15701,#15702);
#15701 = CARTESIAN_POINT('',(-15.76465126396,-0.832071068427,-2.22));
#15702 = VECTOR('',#15703,1.);
#15703 = DIRECTION('',(1.,0.,0.));
#15704 = ORIENTED_EDGE('',*,*,#15705,.T.);
#15705 = EDGE_CURVE('',#15698,#15706,#15708,.T.);
#15706 = VERTEX_POINT('',#15707);
#15707 = CARTESIAN_POINT('',(1.59,-0.832071068427,-2.86));
#15708 = LINE('',#15709,#15710);
#15709 = CARTESIAN_POINT('',(1.59,-0.832071068427,0.93));
#15710 = VECTOR('',#15711,1.);
#15711 = DIRECTION('',(0.,1.724867092591E-16,-1.));
#15712 = ORIENTED_EDGE('',*,*,#15713,.T.);
#15713 = EDGE_CURVE('',#15706,#15714,#15716,.T.);
#15714 = VERTEX_POINT('',#15715);
#15715 = CARTESIAN_POINT('',(0.95,-0.832071068427,-2.86));
#15716 = LINE('',#15717,#15718);
#15717 = CARTESIAN_POINT('',(-15.76465126396,-0.832071068427,-2.86));
#15718 = VECTOR('',#15719,1.);
#15719 = DIRECTION('',(-1.,0.,0.));
#15720 = ORIENTED_EDGE('',*,*,#15721,.T.);
#15721 = EDGE_CURVE('',#15714,#15696,#15722,.T.);
#15722 = LINE('',#15723,#15724);
#15723 = CARTESIAN_POINT('',(0.95,-0.832071068427,0.93));
#15724 = VECTOR('',#15725,1.);
#15725 = DIRECTION('',(0.,-1.724867092591E-16,1.));
#15726 = FACE_BOUND('',#15727,.T.);
#15727 = EDGE_LOOP('',(#15728,#15738,#15746,#15754));
#15728 = ORIENTED_EDGE('',*,*,#15729,.T.);
#15729 = EDGE_CURVE('',#15730,#15732,#15734,.T.);
#15730 = VERTEX_POINT('',#15731);
#15731 = CARTESIAN_POINT('',(3.49,-0.832071068427,-2.22));
#15732 = VERTEX_POINT('',#15733);
#15733 = CARTESIAN_POINT('',(4.13,-0.832071068427,-2.22));
#15734 = LINE('',#15735,#15736);
#15735 = CARTESIAN_POINT('',(-15.76465126396,-0.832071068427,-2.22));
#15736 = VECTOR('',#15737,1.);
#15737 = DIRECTION('',(1.,0.,0.));
#15738 = ORIENTED_EDGE('',*,*,#15739,.T.);
#15739 = EDGE_CURVE('',#15732,#15740,#15742,.T.);
#15740 = VERTEX_POINT('',#15741);
#15741 = CARTESIAN_POINT('',(4.13,-0.832071068427,-2.86));
#15742 = LINE('',#15743,#15744);
#15743 = CARTESIAN_POINT('',(4.13,-0.832071068427,0.93));
#15744 = VECTOR('',#15745,1.);
#15745 = DIRECTION('',(0.,1.724867092591E-16,-1.));
#15746 = ORIENTED_EDGE('',*,*,#15747,.T.);
#15747 = EDGE_CURVE('',#15740,#15748,#15750,.T.);
#15748 = VERTEX_POINT('',#15749);
#15749 = CARTESIAN_POINT('',(3.49,-0.832071068427,-2.86));
#15750 = LINE('',#15751,#15752);
#15751 = CARTESIAN_POINT('',(-15.76465126396,-0.832071068427,-2.86));
#15752 = VECTOR('',#15753,1.);
#15753 = DIRECTION('',(-1.,0.,0.));
#15754 = ORIENTED_EDGE('',*,*,#15755,.T.);
#15755 = EDGE_CURVE('',#15748,#15730,#15756,.T.);
#15756 = LINE('',#15757,#15758);
#15757 = CARTESIAN_POINT('',(3.49,-0.832071068427,0.93));
#15758 = VECTOR('',#15759,1.);
#15759 = DIRECTION('',(0.,-1.724867092591E-16,1.));
#15760 = FACE_BOUND('',#15761,.T.);
#15761 = EDGE_LOOP('',(#15762,#15772,#15780,#15788));
#15762 = ORIENTED_EDGE('',*,*,#15763,.T.);
#15763 = EDGE_CURVE('',#15764,#15766,#15768,.T.);
#15764 = VERTEX_POINT('',#15765);
#15765 = CARTESIAN_POINT('',(6.03,-0.832071068427,-2.22));
#15766 = VERTEX_POINT('',#15767);
#15767 = CARTESIAN_POINT('',(6.67,-0.832071068427,-2.22));
#15768 = LINE('',#15769,#15770);
#15769 = CARTESIAN_POINT('',(-15.76465126396,-0.832071068427,-2.22));
#15770 = VECTOR('',#15771,1.);
#15771 = DIRECTION('',(1.,0.,0.));
#15772 = ORIENTED_EDGE('',*,*,#15773,.T.);
#15773 = EDGE_CURVE('',#15766,#15774,#15776,.T.);
#15774 = VERTEX_POINT('',#15775);
#15775 = CARTESIAN_POINT('',(6.67,-0.832071068427,-2.86));
#15776 = LINE('',#15777,#15778);
#15777 = CARTESIAN_POINT('',(6.67,-0.832071068427,0.93));
#15778 = VECTOR('',#15779,1.);
#15779 = DIRECTION('',(0.,1.724867092591E-16,-1.));
#15780 = ORIENTED_EDGE('',*,*,#15781,.T.);
#15781 = EDGE_CURVE('',#15774,#15782,#15784,.T.);
#15782 = VERTEX_POINT('',#15783);
#15783 = CARTESIAN_POINT('',(6.03,-0.832071068427,-2.86));
#15784 = LINE('',#15785,#15786);
#15785 = CARTESIAN_POINT('',(-15.76465126396,-0.832071068427,-2.86));
#15786 = VECTOR('',#15787,1.);
#15787 = DIRECTION('',(-1.,0.,0.));
#15788 = ORIENTED_EDGE('',*,*,#15789,.T.);
#15789 = EDGE_CURVE('',#15782,#15764,#15790,.T.);
#15790 = LINE('',#15791,#15792);
#15791 = CARTESIAN_POINT('',(6.03,-0.832071068427,0.93));
#15792 = VECTOR('',#15793,1.);
#15793 = DIRECTION('',(0.,-1.724867092591E-16,1.));
#15794 = FACE_BOUND('',#15795,.T.);
#15795 = EDGE_LOOP('',(#15796,#15806,#15814,#15822));
#15796 = ORIENTED_EDGE('',*,*,#15797,.T.);
#15797 = EDGE_CURVE('',#15798,#15800,#15802,.T.);
#15798 = VERTEX_POINT('',#15799);
#15799 = CARTESIAN_POINT('',(8.57,-0.832071068427,-2.22));
#15800 = VERTEX_POINT('',#15801);
#15801 = CARTESIAN_POINT('',(9.21,-0.832071068427,-2.22));
#15802 = LINE('',#15803,#15804);
#15803 = CARTESIAN_POINT('',(-15.76465126396,-0.832071068427,-2.22));
#15804 = VECTOR('',#15805,1.);
#15805 = DIRECTION('',(1.,0.,0.));
#15806 = ORIENTED_EDGE('',*,*,#15807,.T.);
#15807 = EDGE_CURVE('',#15800,#15808,#15810,.T.);
#15808 = VERTEX_POINT('',#15809);
#15809 = CARTESIAN_POINT('',(9.21,-0.832071068427,-2.86));
#15810 = LINE('',#15811,#15812);
#15811 = CARTESIAN_POINT('',(9.21,-0.832071068427,0.93));
#15812 = VECTOR('',#15813,1.);
#15813 = DIRECTION('',(0.,1.724867092591E-16,-1.));
#15814 = ORIENTED_EDGE('',*,*,#15815,.T.);
#15815 = EDGE_CURVE('',#15808,#15816,#15818,.T.);
#15816 = VERTEX_POINT('',#15817);
#15817 = CARTESIAN_POINT('',(8.57,-0.832071068427,-2.86));
#15818 = LINE('',#15819,#15820);
#15819 = CARTESIAN_POINT('',(-15.76465126396,-0.832071068427,-2.86));
#15820 = VECTOR('',#15821,1.);
#15821 = DIRECTION('',(-1.,0.,0.));
#15822 = ORIENTED_EDGE('',*,*,#15823,.T.);
#15823 = EDGE_CURVE('',#15816,#15798,#15824,.T.);
#15824 = LINE('',#15825,#15826);
#15825 = CARTESIAN_POINT('',(8.57,-0.832071068427,0.93));
#15826 = VECTOR('',#15827,1.);
#15827 = DIRECTION('',(0.,-1.724867092591E-16,1.));
#15828 = FACE_BOUND('',#15829,.T.);
#15829 = EDGE_LOOP('',(#15830,#15840,#15848,#15856));
#15830 = ORIENTED_EDGE('',*,*,#15831,.T.);
#15831 = EDGE_CURVE('',#15832,#15834,#15836,.T.);
#15832 = VERTEX_POINT('',#15833);
#15833 = CARTESIAN_POINT('',(11.11,-0.832071068427,-2.22));
#15834 = VERTEX_POINT('',#15835);
#15835 = CARTESIAN_POINT('',(11.75,-0.832071068427,-2.22));
#15836 = LINE('',#15837,#15838);
#15837 = CARTESIAN_POINT('',(-15.76465126396,-0.832071068427,-2.22));
#15838 = VECTOR('',#15839,1.);
#15839 = DIRECTION('',(1.,0.,0.));
#15840 = ORIENTED_EDGE('',*,*,#15841,.T.);
#15841 = EDGE_CURVE('',#15834,#15842,#15844,.T.);
#15842 = VERTEX_POINT('',#15843);
#15843 = CARTESIAN_POINT('',(11.75,-0.832071068427,-2.86));
#15844 = LINE('',#15845,#15846);
#15845 = CARTESIAN_POINT('',(11.75,-0.832071068427,0.93));
#15846 = VECTOR('',#15847,1.);
#15847 = DIRECTION('',(0.,1.724867092591E-16,-1.));
#15848 = ORIENTED_EDGE('',*,*,#15849,.T.);
#15849 = EDGE_CURVE('',#15842,#15850,#15852,.T.);
#15850 = VERTEX_POINT('',#15851);
#15851 = CARTESIAN_POINT('',(11.11,-0.832071068427,-2.86));
#15852 = LINE('',#15853,#15854);
#15853 = CARTESIAN_POINT('',(-15.76465126396,-0.832071068427,-2.86));
#15854 = VECTOR('',#15855,1.);
#15855 = DIRECTION('',(-1.,0.,0.));
#15856 = ORIENTED_EDGE('',*,*,#15857,.T.);
#15857 = EDGE_CURVE('',#15850,#15832,#15858,.T.);
#15858 = LINE('',#15859,#15860);
#15859 = CARTESIAN_POINT('',(11.11,-0.832071068427,0.93));
#15860 = VECTOR('',#15861,1.);
#15861 = DIRECTION('',(0.,-1.724867092591E-16,1.));
#15862 = FACE_BOUND('',#15863,.T.);
#15863 = EDGE_LOOP('',(#15864,#15874,#15882,#15890));
#15864 = ORIENTED_EDGE('',*,*,#15865,.T.);
#15865 = EDGE_CURVE('',#15866,#15868,#15870,.T.);
#15866 = VERTEX_POINT('',#15867);
#15867 = CARTESIAN_POINT('',(13.65,-0.832071068427,-2.22));
#15868 = VERTEX_POINT('',#15869);
#15869 = CARTESIAN_POINT('',(14.29,-0.832071068427,-2.22));
#15870 = LINE('',#15871,#15872);
#15871 = CARTESIAN_POINT('',(-15.76465126396,-0.832071068427,-2.22));
#15872 = VECTOR('',#15873,1.);
#15873 = DIRECTION('',(1.,0.,0.));
#15874 = ORIENTED_EDGE('',*,*,#15875,.T.);
#15875 = EDGE_CURVE('',#15868,#15876,#15878,.T.);
#15876 = VERTEX_POINT('',#15877);
#15877 = CARTESIAN_POINT('',(14.29,-0.832071068427,-2.86));
#15878 = LINE('',#15879,#15880);
#15879 = CARTESIAN_POINT('',(14.29,-0.832071068427,0.93));
#15880 = VECTOR('',#15881,1.);
#15881 = DIRECTION('',(0.,1.724867092591E-16,-1.));
#15882 = ORIENTED_EDGE('',*,*,#15883,.T.);
#15883 = EDGE_CURVE('',#15876,#15884,#15886,.T.);
#15884 = VERTEX_POINT('',#15885);
#15885 = CARTESIAN_POINT('',(13.65,-0.832071068427,-2.86));
#15886 = LINE('',#15887,#15888);
#15887 = CARTESIAN_POINT('',(-15.76465126396,-0.832071068427,-2.86));
#15888 = VECTOR('',#15889,1.);
#15889 = DIRECTION('',(-1.,0.,0.));
#15890 = ORIENTED_EDGE('',*,*,#15891,.T.);
#15891 = EDGE_CURVE('',#15884,#15866,#15892,.T.);
#15892 = LINE('',#15893,#15894);
#15893 = CARTESIAN_POINT('',(13.65,-0.832071068427,0.93));
#15894 = VECTOR('',#15895,1.);
#15895 = DIRECTION('',(0.,-1.724867092591E-16,1.));
#15896 = PLANE('',#15897);
#15897 = AXIS2_PLACEMENT_3D('',#15898,#15899,#15900);
#15898 = CARTESIAN_POINT('',(-15.76465126396,-0.832071068427,0.93));
#15899 = DIRECTION('',(0.,-1.,-1.724867092591E-16));
#15900 = DIRECTION('',(0.,1.724867092591E-16,-1.));
#15901 = ADVANCED_FACE('',(#15902),#15936,.T.);
#15902 = FACE_BOUND('',#15903,.T.);
#15903 = EDGE_LOOP('',(#15904,#15914,#15922,#15930));
#15904 = ORIENTED_EDGE('',*,*,#15905,.T.);
#15905 = EDGE_CURVE('',#15906,#15908,#15910,.T.);
#15906 = VERTEX_POINT('',#15907);
#15907 = CARTESIAN_POINT('',(-14.99,-1.27,1.27));
#15908 = VERTEX_POINT('',#15909);
#15909 = CARTESIAN_POINT('',(-15.16,-1.27,0.93));
#15910 = LINE('',#15911,#15912);
#15911 = CARTESIAN_POINT('',(-9.96,-1.27,11.33));
#15912 = VECTOR('',#15913,1.);
#15913 = DIRECTION('',(-0.4472135955,7.635747272537E-17,-0.894427191));
#15914 = ORIENTED_EDGE('',*,*,#15915,.T.);
#15915 = EDGE_CURVE('',#15908,#15916,#15918,.T.);
#15916 = VERTEX_POINT('',#15917);
#15917 = CARTESIAN_POINT('',(-12.78,-1.27,0.93));
#15918 = LINE('',#15919,#15920);
#15919 = CARTESIAN_POINT('',(-15.76465126396,-1.27,0.93));
#15920 = VECTOR('',#15921,1.);
#15921 = DIRECTION('',(1.,0.,0.));
#15922 = ORIENTED_EDGE('',*,*,#15923,.T.);
#15923 = EDGE_CURVE('',#15916,#15924,#15926,.T.);
#15924 = VERTEX_POINT('',#15925);
#15925 = CARTESIAN_POINT('',(-12.95,-1.27,1.27));
#15926 = LINE('',#15927,#15928);
#15927 = CARTESIAN_POINT('',(-6.296,-1.27,-12.038));
#15928 = VECTOR('',#15929,1.);
#15929 = DIRECTION('',(-0.4472135955,-7.635747272537E-17,0.894427191));
#15930 = ORIENTED_EDGE('',*,*,#15931,.T.);
#15931 = EDGE_CURVE('',#15924,#15906,#15932,.T.);
#15932 = LINE('',#15933,#15934);
#15933 = CARTESIAN_POINT('',(15.24,-1.27,1.27));
#15934 = VECTOR('',#15935,1.);
#15935 = DIRECTION('',(-1.,0.,0.));
#15936 = PLANE('',#15937);
#15937 = AXIS2_PLACEMENT_3D('',#15938,#15939,#15940);
#15938 = CARTESIAN_POINT('',(15.24,-1.27,-1.27));
#15939 = DIRECTION('',(0.,-1.,-8.537024980201E-17));
#15940 = DIRECTION('',(0.,8.537024980201E-17,-1.));
#15941 = ADVANCED_FACE('',(#15942),#15976,.T.);
#15942 = FACE_BOUND('',#15943,.T.);
#15943 = EDGE_LOOP('',(#15944,#15954,#15962,#15970));
#15944 = ORIENTED_EDGE('',*,*,#15945,.T.);
#15945 = EDGE_CURVE('',#15946,#15948,#15950,.T.);
#15946 = VERTEX_POINT('',#15947);
#15947 = CARTESIAN_POINT('',(-12.45,-1.27,1.27));
#15948 = VERTEX_POINT('',#15949);
#15949 = CARTESIAN_POINT('',(-12.62,-1.27,0.93));
#15950 = LINE('',#15951,#15952);
#15951 = CARTESIAN_POINT('',(-7.928,-1.27,10.314));
#15952 = VECTOR('',#15953,1.);
#15953 = DIRECTION('',(-0.4472135955,7.635747272537E-17,-0.894427191));
#15954 = ORIENTED_EDGE('',*,*,#15955,.T.);
#15955 = EDGE_CURVE('',#15948,#15956,#15958,.T.);
#15956 = VERTEX_POINT('',#15957);
#15957 = CARTESIAN_POINT('',(-10.24,-1.27,0.93));
#15958 = LINE('',#15959,#15960);
#15959 = CARTESIAN_POINT('',(-15.76465126396,-1.27,0.93));
#15960 = VECTOR('',#15961,1.);
#15961 = DIRECTION('',(1.,0.,0.));
#15962 = ORIENTED_EDGE('',*,*,#15963,.T.);
#15963 = EDGE_CURVE('',#15956,#15964,#15966,.T.);
#15964 = VERTEX_POINT('',#15965);
#15965 = CARTESIAN_POINT('',(-10.41,-1.27,1.27));
#15966 = LINE('',#15967,#15968);
#15967 = CARTESIAN_POINT('',(-4.264,-1.27,-11.022));
#15968 = VECTOR('',#15969,1.);
#15969 = DIRECTION('',(-0.4472135955,-7.635747272537E-17,0.894427191));
#15970 = ORIENTED_EDGE('',*,*,#15971,.T.);
#15971 = EDGE_CURVE('',#15964,#15946,#15972,.T.);
#15972 = LINE('',#15973,#15974);
#15973 = CARTESIAN_POINT('',(15.24,-1.27,1.27));
#15974 = VECTOR('',#15975,1.);
#15975 = DIRECTION('',(-1.,0.,0.));
#15976 = PLANE('',#15977);
#15977 = AXIS2_PLACEMENT_3D('',#15978,#15979,#15980);
#15978 = CARTESIAN_POINT('',(15.24,-1.27,-1.27));
#15979 = DIRECTION('',(0.,-1.,-8.537024980201E-17));
#15980 = DIRECTION('',(0.,8.537024980201E-17,-1.));
#15981 = ADVANCED_FACE('',(#15982),#16016,.T.);
#15982 = FACE_BOUND('',#15983,.T.);
#15983 = EDGE_LOOP('',(#15984,#15994,#16002,#16010));
#15984 = ORIENTED_EDGE('',*,*,#15985,.T.);
#15985 = EDGE_CURVE('',#15986,#15988,#15990,.T.);
#15986 = VERTEX_POINT('',#15987);
#15987 = CARTESIAN_POINT('',(-9.91,-1.27,1.27));
#15988 = VERTEX_POINT('',#15989);
#15989 = CARTESIAN_POINT('',(-10.08,-1.27,0.93));
#15990 = LINE('',#15991,#15992);
#15991 = CARTESIAN_POINT('',(-5.896,-1.27,9.298));
#15992 = VECTOR('',#15993,1.);
#15993 = DIRECTION('',(-0.4472135955,7.635747272537E-17,-0.894427191));
#15994 = ORIENTED_EDGE('',*,*,#15995,.T.);
#15995 = EDGE_CURVE('',#15988,#15996,#15998,.T.);
#15996 = VERTEX_POINT('',#15997);
#15997 = CARTESIAN_POINT('',(-7.7,-1.27,0.93));
#15998 = LINE('',#15999,#16000);
#15999 = CARTESIAN_POINT('',(-15.76465126396,-1.27,0.93));
#16000 = VECTOR('',#16001,1.);
#16001 = DIRECTION('',(1.,0.,0.));
#16002 = ORIENTED_EDGE('',*,*,#16003,.T.);
#16003 = EDGE_CURVE('',#15996,#16004,#16006,.T.);
#16004 = VERTEX_POINT('',#16005);
#16005 = CARTESIAN_POINT('',(-7.87,-1.27,1.27));
#16006 = LINE('',#16007,#16008);
#16007 = CARTESIAN_POINT('',(-2.232,-1.27,-10.006));
#16008 = VECTOR('',#16009,1.);
#16009 = DIRECTION('',(-0.4472135955,-7.635747272537E-17,0.894427191));
#16010 = ORIENTED_EDGE('',*,*,#16011,.T.);
#16011 = EDGE_CURVE('',#16004,#15986,#16012,.T.);
#16012 = LINE('',#16013,#16014);
#16013 = CARTESIAN_POINT('',(15.24,-1.27,1.27));
#16014 = VECTOR('',#16015,1.);
#16015 = DIRECTION('',(-1.,0.,0.));
#16016 = PLANE('',#16017);
#16017 = AXIS2_PLACEMENT_3D('',#16018,#16019,#16020);
#16018 = CARTESIAN_POINT('',(15.24,-1.27,-1.27));
#16019 = DIRECTION('',(0.,-1.,-8.537024980201E-17));
#16020 = DIRECTION('',(0.,8.537024980201E-17,-1.));
#16021 = ADVANCED_FACE('',(#16022),#16056,.T.);
#16022 = FACE_BOUND('',#16023,.T.);
#16023 = EDGE_LOOP('',(#16024,#16034,#16042,#16050));
#16024 = ORIENTED_EDGE('',*,*,#16025,.T.);
#16025 = EDGE_CURVE('',#16026,#16028,#16030,.T.);
#16026 = VERTEX_POINT('',#16027);
#16027 = CARTESIAN_POINT('',(-7.37,-1.27,1.27));
#16028 = VERTEX_POINT('',#16029);
#16029 = CARTESIAN_POINT('',(-7.54,-1.27,0.93));
#16030 = LINE('',#16031,#16032);
#16031 = CARTESIAN_POINT('',(-3.864,-1.27,8.282));
#16032 = VECTOR('',#16033,1.);
#16033 = DIRECTION('',(-0.4472135955,7.635747272537E-17,-0.894427191));
#16034 = ORIENTED_EDGE('',*,*,#16035,.T.);
#16035 = EDGE_CURVE('',#16028,#16036,#16038,.T.);
#16036 = VERTEX_POINT('',#16037);
#16037 = CARTESIAN_POINT('',(-5.16,-1.27,0.93));
#16038 = LINE('',#16039,#16040);
#16039 = CARTESIAN_POINT('',(-15.76465126396,-1.27,0.93));
#16040 = VECTOR('',#16041,1.);
#16041 = DIRECTION('',(1.,0.,0.));
#16042 = ORIENTED_EDGE('',*,*,#16043,.T.);
#16043 = EDGE_CURVE('',#16036,#16044,#16046,.T.);
#16044 = VERTEX_POINT('',#16045);
#16045 = CARTESIAN_POINT('',(-5.33,-1.27,1.27));
#16046 = LINE('',#16047,#16048);
#16047 = CARTESIAN_POINT('',(-0.2,-1.27,-8.99));
#16048 = VECTOR('',#16049,1.);
#16049 = DIRECTION('',(-0.4472135955,-7.635747272537E-17,0.894427191));
#16050 = ORIENTED_EDGE('',*,*,#16051,.T.);
#16051 = EDGE_CURVE('',#16044,#16026,#16052,.T.);
#16052 = LINE('',#16053,#16054);
#16053 = CARTESIAN_POINT('',(15.24,-1.27,1.27));
#16054 = VECTOR('',#16055,1.);
#16055 = DIRECTION('',(-1.,0.,0.));
#16056 = PLANE('',#16057);
#16057 = AXIS2_PLACEMENT_3D('',#16058,#16059,#16060);
#16058 = CARTESIAN_POINT('',(15.24,-1.27,-1.27));
#16059 = DIRECTION('',(0.,-1.,-8.537024980201E-17));
#16060 = DIRECTION('',(0.,8.537024980201E-17,-1.));
#16061 = ADVANCED_FACE('',(#16062),#16096,.T.);
#16062 = FACE_BOUND('',#16063,.T.);
#16063 = EDGE_LOOP('',(#16064,#16074,#16082,#16090));
#16064 = ORIENTED_EDGE('',*,*,#16065,.T.);
#16065 = EDGE_CURVE('',#16066,#16068,#16070,.T.);
#16066 = VERTEX_POINT('',#16067);
#16067 = CARTESIAN_POINT('',(-4.83,-1.27,1.27));
#16068 = VERTEX_POINT('',#16069);
#16069 = CARTESIAN_POINT('',(-5.,-1.27,0.93));
#16070 = LINE('',#16071,#16072);
#16071 = CARTESIAN_POINT('',(-1.832,-1.27,7.266));
#16072 = VECTOR('',#16073,1.);
#16073 = DIRECTION('',(-0.4472135955,7.635747272537E-17,-0.894427191));
#16074 = ORIENTED_EDGE('',*,*,#16075,.T.);
#16075 = EDGE_CURVE('',#16068,#16076,#16078,.T.);
#16076 = VERTEX_POINT('',#16077);
#16077 = CARTESIAN_POINT('',(-2.62,-1.27,0.93));
#16078 = LINE('',#16079,#16080);
#16079 = CARTESIAN_POINT('',(-15.76465126396,-1.27,0.93));
#16080 = VECTOR('',#16081,1.);
#16081 = DIRECTION('',(1.,0.,0.));
#16082 = ORIENTED_EDGE('',*,*,#16083,.T.);
#16083 = EDGE_CURVE('',#16076,#16084,#16086,.T.);
#16084 = VERTEX_POINT('',#16085);
#16085 = CARTESIAN_POINT('',(-2.79,-1.27,1.27));
#16086 = LINE('',#16087,#16088);
#16087 = CARTESIAN_POINT('',(1.832,-1.27,-7.974));
#16088 = VECTOR('',#16089,1.);
#16089 = DIRECTION('',(-0.4472135955,-7.635747272537E-17,0.894427191));
#16090 = ORIENTED_EDGE('',*,*,#16091,.T.);
#16091 = EDGE_CURVE('',#16084,#16066,#16092,.T.);
#16092 = LINE('',#16093,#16094);
#16093 = CARTESIAN_POINT('',(15.24,-1.27,1.27));
#16094 = VECTOR('',#16095,1.);
#16095 = DIRECTION('',(-1.,0.,0.));
#16096 = PLANE('',#16097);
#16097 = AXIS2_PLACEMENT_3D('',#16098,#16099,#16100);
#16098 = CARTESIAN_POINT('',(15.24,-1.27,-1.27));
#16099 = DIRECTION('',(0.,-1.,-8.537024980201E-17));
#16100 = DIRECTION('',(0.,8.537024980201E-17,-1.));
#16101 = ADVANCED_FACE('',(#16102),#16136,.T.);
#16102 = FACE_BOUND('',#16103,.T.);
#16103 = EDGE_LOOP('',(#16104,#16114,#16122,#16130));
#16104 = ORIENTED_EDGE('',*,*,#16105,.T.);
#16105 = EDGE_CURVE('',#16106,#16108,#16110,.T.);
#16106 = VERTEX_POINT('',#16107);
#16107 = CARTESIAN_POINT('',(-2.29,-1.27,1.27));
#16108 = VERTEX_POINT('',#16109);
#16109 = CARTESIAN_POINT('',(-2.46,-1.27,0.93));
#16110 = LINE('',#16111,#16112);
#16111 = CARTESIAN_POINT('',(0.2,-1.27,6.25));
#16112 = VECTOR('',#16113,1.);
#16113 = DIRECTION('',(-0.4472135955,7.635747272537E-17,-0.894427191));
#16114 = ORIENTED_EDGE('',*,*,#16115,.T.);
#16115 = EDGE_CURVE('',#16108,#16116,#16118,.T.);
#16116 = VERTEX_POINT('',#16117);
#16117 = CARTESIAN_POINT('',(-8.E-02,-1.27,0.93));
#16118 = LINE('',#16119,#16120);
#16119 = CARTESIAN_POINT('',(-15.76465126396,-1.27,0.93));
#16120 = VECTOR('',#16121,1.);
#16121 = DIRECTION('',(1.,0.,0.));
#16122 = ORIENTED_EDGE('',*,*,#16123,.T.);
#16123 = EDGE_CURVE('',#16116,#16124,#16126,.T.);
#16124 = VERTEX_POINT('',#16125);
#16125 = CARTESIAN_POINT('',(-0.25,-1.27,1.27));
#16126 = LINE('',#16127,#16128);
#16127 = CARTESIAN_POINT('',(3.864,-1.27,-6.958));
#16128 = VECTOR('',#16129,1.);
#16129 = DIRECTION('',(-0.4472135955,-7.635747272537E-17,0.894427191));
#16130 = ORIENTED_EDGE('',*,*,#16131,.T.);
#16131 = EDGE_CURVE('',#16124,#16106,#16132,.T.);
#16132 = LINE('',#16133,#16134);
#16133 = CARTESIAN_POINT('',(15.24,-1.27,1.27));
#16134 = VECTOR('',#16135,1.);
#16135 = DIRECTION('',(-1.,0.,0.));
#16136 = PLANE('',#16137);
#16137 = AXIS2_PLACEMENT_3D('',#16138,#16139,#16140);
#16138 = CARTESIAN_POINT('',(15.24,-1.27,-1.27));
#16139 = DIRECTION('',(0.,-1.,-8.537024980201E-17));
#16140 = DIRECTION('',(0.,8.537024980201E-17,-1.));
#16141 = ADVANCED_FACE('',(#16142),#16176,.T.);
#16142 = FACE_BOUND('',#16143,.T.);
#16143 = EDGE_LOOP('',(#16144,#16154,#16162,#16170));
#16144 = ORIENTED_EDGE('',*,*,#16145,.T.);
#16145 = EDGE_CURVE('',#16146,#16148,#16150,.T.);
#16146 = VERTEX_POINT('',#16147);
#16147 = CARTESIAN_POINT('',(0.25,-1.27,1.27));
#16148 = VERTEX_POINT('',#16149);
#16149 = CARTESIAN_POINT('',(8.E-02,-1.27,0.93));
#16150 = LINE('',#16151,#16152);
#16151 = CARTESIAN_POINT('',(2.232,-1.27,5.234));
#16152 = VECTOR('',#16153,1.);
#16153 = DIRECTION('',(-0.4472135955,7.635747272537E-17,-0.894427191));
#16154 = ORIENTED_EDGE('',*,*,#16155,.T.);
#16155 = EDGE_CURVE('',#16148,#16156,#16158,.T.);
#16156 = VERTEX_POINT('',#16157);
#16157 = CARTESIAN_POINT('',(2.46,-1.27,0.93));
#16158 = LINE('',#16159,#16160);
#16159 = CARTESIAN_POINT('',(-15.76465126396,-1.27,0.93));
#16160 = VECTOR('',#16161,1.);
#16161 = DIRECTION('',(1.,0.,0.));
#16162 = ORIENTED_EDGE('',*,*,#16163,.T.);
#16163 = EDGE_CURVE('',#16156,#16164,#16166,.T.);
#16164 = VERTEX_POINT('',#16165);
#16165 = CARTESIAN_POINT('',(2.29,-1.27,1.27));
#16166 = LINE('',#16167,#16168);
#16167 = CARTESIAN_POINT('',(5.896,-1.27,-5.942));
#16168 = VECTOR('',#16169,1.);
#16169 = DIRECTION('',(-0.4472135955,-7.635747272537E-17,0.894427191));
#16170 = ORIENTED_EDGE('',*,*,#16171,.T.);
#16171 = EDGE_CURVE('',#16164,#16146,#16172,.T.);
#16172 = LINE('',#16173,#16174);
#16173 = CARTESIAN_POINT('',(15.24,-1.27,1.27));
#16174 = VECTOR('',#16175,1.);
#16175 = DIRECTION('',(-1.,0.,0.));
#16176 = PLANE('',#16177);
#16177 = AXIS2_PLACEMENT_3D('',#16178,#16179,#16180);
#16178 = CARTESIAN_POINT('',(15.24,-1.27,-1.27));
#16179 = DIRECTION('',(0.,-1.,-8.537024980201E-17));
#16180 = DIRECTION('',(0.,8.537024980201E-17,-1.));
#16181 = ADVANCED_FACE('',(#16182),#16216,.T.);
#16182 = FACE_BOUND('',#16183,.T.);
#16183 = EDGE_LOOP('',(#16184,#16194,#16202,#16210));
#16184 = ORIENTED_EDGE('',*,*,#16185,.T.);
#16185 = EDGE_CURVE('',#16186,#16188,#16190,.T.);
#16186 = VERTEX_POINT('',#16187);
#16187 = CARTESIAN_POINT('',(2.79,-1.27,1.27));
#16188 = VERTEX_POINT('',#16189);
#16189 = CARTESIAN_POINT('',(2.62,-1.27,0.93));
#16190 = LINE('',#16191,#16192);
#16191 = CARTESIAN_POINT('',(4.264,-1.27,4.218));
#16192 = VECTOR('',#16193,1.);
#16193 = DIRECTION('',(-0.4472135955,7.635747272537E-17,-0.894427191));
#16194 = ORIENTED_EDGE('',*,*,#16195,.T.);
#16195 = EDGE_CURVE('',#16188,#16196,#16198,.T.);
#16196 = VERTEX_POINT('',#16197);
#16197 = CARTESIAN_POINT('',(5.,-1.27,0.93));
#16198 = LINE('',#16199,#16200);
#16199 = CARTESIAN_POINT('',(-15.76465126396,-1.27,0.93));
#16200 = VECTOR('',#16201,1.);
#16201 = DIRECTION('',(1.,0.,0.));
#16202 = ORIENTED_EDGE('',*,*,#16203,.T.);
#16203 = EDGE_CURVE('',#16196,#16204,#16206,.T.);
#16204 = VERTEX_POINT('',#16205);
#16205 = CARTESIAN_POINT('',(4.83,-1.27,1.27));
#16206 = LINE('',#16207,#16208);
#16207 = CARTESIAN_POINT('',(7.928,-1.27,-4.926));
#16208 = VECTOR('',#16209,1.);
#16209 = DIRECTION('',(-0.4472135955,-7.635747272537E-17,0.894427191));
#16210 = ORIENTED_EDGE('',*,*,#16211,.T.);
#16211 = EDGE_CURVE('',#16204,#16186,#16212,.T.);
#16212 = LINE('',#16213,#16214);
#16213 = CARTESIAN_POINT('',(15.24,-1.27,1.27));
#16214 = VECTOR('',#16215,1.);
#16215 = DIRECTION('',(-1.,0.,0.));
#16216 = PLANE('',#16217);
#16217 = AXIS2_PLACEMENT_3D('',#16218,#16219,#16220);
#16218 = CARTESIAN_POINT('',(15.24,-1.27,-1.27));
#16219 = DIRECTION('',(0.,-1.,-8.537024980201E-17));
#16220 = DIRECTION('',(0.,8.537024980201E-17,-1.));
#16221 = ADVANCED_FACE('',(#16222),#16256,.T.);
#16222 = FACE_BOUND('',#16223,.T.);
#16223 = EDGE_LOOP('',(#16224,#16234,#16242,#16250));
#16224 = ORIENTED_EDGE('',*,*,#16225,.T.);
#16225 = EDGE_CURVE('',#16226,#16228,#16230,.T.);
#16226 = VERTEX_POINT('',#16227);
#16227 = CARTESIAN_POINT('',(5.33,-1.27,1.27));
#16228 = VERTEX_POINT('',#16229);
#16229 = CARTESIAN_POINT('',(5.16,-1.27,0.93));
#16230 = LINE('',#16231,#16232);
#16231 = CARTESIAN_POINT('',(6.296,-1.27,3.202));
#16232 = VECTOR('',#16233,1.);
#16233 = DIRECTION('',(-0.4472135955,7.635747272537E-17,-0.894427191));
#16234 = ORIENTED_EDGE('',*,*,#16235,.T.);
#16235 = EDGE_CURVE('',#16228,#16236,#16238,.T.);
#16236 = VERTEX_POINT('',#16237);
#16237 = CARTESIAN_POINT('',(7.54,-1.27,0.93));
#16238 = LINE('',#16239,#16240);
#16239 = CARTESIAN_POINT('',(-15.76465126396,-1.27,0.93));
#16240 = VECTOR('',#16241,1.);
#16241 = DIRECTION('',(1.,0.,0.));
#16242 = ORIENTED_EDGE('',*,*,#16243,.T.);
#16243 = EDGE_CURVE('',#16236,#16244,#16246,.T.);
#16244 = VERTEX_POINT('',#16245);
#16245 = CARTESIAN_POINT('',(7.37,-1.27,1.27));
#16246 = LINE('',#16247,#16248);
#16247 = CARTESIAN_POINT('',(9.96,-1.27,-3.91));
#16248 = VECTOR('',#16249,1.);
#16249 = DIRECTION('',(-0.4472135955,-7.635747272537E-17,0.894427191));
#16250 = ORIENTED_EDGE('',*,*,#16251,.T.);
#16251 = EDGE_CURVE('',#16244,#16226,#16252,.T.);
#16252 = LINE('',#16253,#16254);
#16253 = CARTESIAN_POINT('',(15.24,-1.27,1.27));
#16254 = VECTOR('',#16255,1.);
#16255 = DIRECTION('',(-1.,0.,0.));
#16256 = PLANE('',#16257);
#16257 = AXIS2_PLACEMENT_3D('',#16258,#16259,#16260);
#16258 = CARTESIAN_POINT('',(15.24,-1.27,-1.27));
#16259 = DIRECTION('',(0.,-1.,-8.537024980201E-17));
#16260 = DIRECTION('',(0.,8.537024980201E-17,-1.));
#16261 = ADVANCED_FACE('',(#16262),#16296,.T.);
#16262 = FACE_BOUND('',#16263,.T.);
#16263 = EDGE_LOOP('',(#16264,#16274,#16282,#16290));
#16264 = ORIENTED_EDGE('',*,*,#16265,.T.);
#16265 = EDGE_CURVE('',#16266,#16268,#16270,.T.);
#16266 = VERTEX_POINT('',#16267);
#16267 = CARTESIAN_POINT('',(7.87,-1.27,1.27));
#16268 = VERTEX_POINT('',#16269);
#16269 = CARTESIAN_POINT('',(7.7,-1.27,0.93));
#16270 = LINE('',#16271,#16272);
#16271 = CARTESIAN_POINT('',(8.328,-1.27,2.186));
#16272 = VECTOR('',#16273,1.);
#16273 = DIRECTION('',(-0.4472135955,7.635747272537E-17,-0.894427191));
#16274 = ORIENTED_EDGE('',*,*,#16275,.T.);
#16275 = EDGE_CURVE('',#16268,#16276,#16278,.T.);
#16276 = VERTEX_POINT('',#16277);
#16277 = CARTESIAN_POINT('',(10.08,-1.27,0.93));
#16278 = LINE('',#16279,#16280);
#16279 = CARTESIAN_POINT('',(-15.76465126396,-1.27,0.93));
#16280 = VECTOR('',#16281,1.);
#16281 = DIRECTION('',(1.,0.,0.));
#16282 = ORIENTED_EDGE('',*,*,#16283,.T.);
#16283 = EDGE_CURVE('',#16276,#16284,#16286,.T.);
#16284 = VERTEX_POINT('',#16285);
#16285 = CARTESIAN_POINT('',(9.91,-1.27,1.27));
#16286 = LINE('',#16287,#16288);
#16287 = CARTESIAN_POINT('',(11.992,-1.27,-2.894));
#16288 = VECTOR('',#16289,1.);
#16289 = DIRECTION('',(-0.4472135955,-7.635747272537E-17,0.894427191));
#16290 = ORIENTED_EDGE('',*,*,#16291,.T.);
#16291 = EDGE_CURVE('',#16284,#16266,#16292,.T.);
#16292 = LINE('',#16293,#16294);
#16293 = CARTESIAN_POINT('',(15.24,-1.27,1.27));
#16294 = VECTOR('',#16295,1.);
#16295 = DIRECTION('',(-1.,0.,0.));
#16296 = PLANE('',#16297);
#16297 = AXIS2_PLACEMENT_3D('',#16298,#16299,#16300);
#16298 = CARTESIAN_POINT('',(15.24,-1.27,-1.27));
#16299 = DIRECTION('',(0.,-1.,-8.537024980201E-17));
#16300 = DIRECTION('',(0.,8.537024980201E-17,-1.));
#16301 = ADVANCED_FACE('',(#16302),#16336,.T.);
#16302 = FACE_BOUND('',#16303,.T.);
#16303 = EDGE_LOOP('',(#16304,#16314,#16322,#16330));
#16304 = ORIENTED_EDGE('',*,*,#16305,.T.);
#16305 = EDGE_CURVE('',#16306,#16308,#16310,.T.);
#16306 = VERTEX_POINT('',#16307);
#16307 = CARTESIAN_POINT('',(10.41,-1.27,1.27));
#16308 = VERTEX_POINT('',#16309);
#16309 = CARTESIAN_POINT('',(10.24,-1.27,0.93));
#16310 = LINE('',#16311,#16312);
#16311 = CARTESIAN_POINT('',(10.36,-1.27,1.17));
#16312 = VECTOR('',#16313,1.);
#16313 = DIRECTION('',(-0.4472135955,7.635747272537E-17,-0.894427191));
#16314 = ORIENTED_EDGE('',*,*,#16315,.T.);
#16315 = EDGE_CURVE('',#16308,#16316,#16318,.T.);
#16316 = VERTEX_POINT('',#16317);
#16317 = CARTESIAN_POINT('',(12.62,-1.27,0.93));
#16318 = LINE('',#16319,#16320);
#16319 = CARTESIAN_POINT('',(-15.76465126396,-1.27,0.93));
#16320 = VECTOR('',#16321,1.);
#16321 = DIRECTION('',(1.,0.,0.));
#16322 = ORIENTED_EDGE('',*,*,#16323,.T.);
#16323 = EDGE_CURVE('',#16316,#16324,#16326,.T.);
#16324 = VERTEX_POINT('',#16325);
#16325 = CARTESIAN_POINT('',(12.45,-1.27,1.27));
#16326 = LINE('',#16327,#16328);
#16327 = CARTESIAN_POINT('',(14.024,-1.27,-1.878));
#16328 = VECTOR('',#16329,1.);
#16329 = DIRECTION('',(-0.4472135955,-7.635747272537E-17,0.894427191));
#16330 = ORIENTED_EDGE('',*,*,#16331,.T.);
#16331 = EDGE_CURVE('',#16324,#16306,#16332,.T.);
#16332 = LINE('',#16333,#16334);
#16333 = CARTESIAN_POINT('',(15.24,-1.27,1.27));
#16334 = VECTOR('',#16335,1.);
#16335 = DIRECTION('',(-1.,0.,0.));
#16336 = PLANE('',#16337);
#16337 = AXIS2_PLACEMENT_3D('',#16338,#16339,#16340);
#16338 = CARTESIAN_POINT('',(15.24,-1.27,-1.27));
#16339 = DIRECTION('',(0.,-1.,-8.537024980201E-17));
#16340 = DIRECTION('',(0.,8.537024980201E-17,-1.));
#16341 = ADVANCED_FACE('',(#16342),#16376,.T.);
#16342 = FACE_BOUND('',#16343,.T.);
#16343 = EDGE_LOOP('',(#16344,#16354,#16362,#16370));
#16344 = ORIENTED_EDGE('',*,*,#16345,.T.);
#16345 = EDGE_CURVE('',#16346,#16348,#16350,.T.);
#16346 = VERTEX_POINT('',#16347);
#16347 = CARTESIAN_POINT('',(12.95,-1.27,1.27));
#16348 = VERTEX_POINT('',#16349);
#16349 = CARTESIAN_POINT('',(12.78,-1.27,0.93));
#16350 = LINE('',#16351,#16352);
#16351 = CARTESIAN_POINT('',(12.392,-1.27,0.154));
#16352 = VECTOR('',#16353,1.);
#16353 = DIRECTION('',(-0.4472135955,7.635747272537E-17,-0.894427191));
#16354 = ORIENTED_EDGE('',*,*,#16355,.T.);
#16355 = EDGE_CURVE('',#16348,#16356,#16358,.T.);
#16356 = VERTEX_POINT('',#16357);
#16357 = CARTESIAN_POINT('',(15.16,-1.27,0.93));
#16358 = LINE('',#16359,#16360);
#16359 = CARTESIAN_POINT('',(-15.76465126396,-1.27,0.93));
#16360 = VECTOR('',#16361,1.);
#16361 = DIRECTION('',(1.,0.,0.));
#16362 = ORIENTED_EDGE('',*,*,#16363,.T.);
#16363 = EDGE_CURVE('',#16356,#16364,#16366,.T.);
#16364 = VERTEX_POINT('',#16365);
#16365 = CARTESIAN_POINT('',(14.99,-1.27,1.27));
#16366 = LINE('',#16367,#16368);
#16367 = CARTESIAN_POINT('',(16.056,-1.27,-0.862));
#16368 = VECTOR('',#16369,1.);
#16369 = DIRECTION('',(-0.4472135955,-7.635747272537E-17,0.894427191));
#16370 = ORIENTED_EDGE('',*,*,#16371,.T.);
#16371 = EDGE_CURVE('',#16364,#16346,#16372,.T.);
#16372 = LINE('',#16373,#16374);
#16373 = CARTESIAN_POINT('',(15.24,-1.27,1.27));
#16374 = VECTOR('',#16375,1.);
#16375 = DIRECTION('',(-1.,0.,0.));
#16376 = PLANE('',#16377);
#16377 = AXIS2_PLACEMENT_3D('',#16378,#16379,#16380);
#16378 = CARTESIAN_POINT('',(15.24,-1.27,-1.27));
#16379 = DIRECTION('',(0.,-1.,-8.537024980201E-17));
#16380 = DIRECTION('',(0.,8.537024980201E-17,-1.));
#16381 = ADVANCED_FACE('',(#16382),#16416,.T.);
#16382 = FACE_BOUND('',#16383,.T.);
#16383 = EDGE_LOOP('',(#16384,#16394,#16402,#16410));
#16384 = ORIENTED_EDGE('',*,*,#16385,.F.);
#16385 = EDGE_CURVE('',#16386,#16388,#16390,.T.);
#16386 = VERTEX_POINT('',#16387);
#16387 = CARTESIAN_POINT('',(15.16,-1.27,-3.47));
#16388 = VERTEX_POINT('',#16389);
#16389 = CARTESIAN_POINT('',(14.99,-1.27,-3.81));
#16390 = LINE('',#16391,#16392);
#16391 = CARTESIAN_POINT('',(16.056,-1.27,-1.678));
#16392 = VECTOR('',#16393,1.);
#16393 = DIRECTION('',(-0.4472135955,-7.635747272537E-17,-0.894427191));
#16394 = ORIENTED_EDGE('',*,*,#16395,.F.);
#16395 = EDGE_CURVE('',#16396,#16386,#16398,.T.);
#16396 = VERTEX_POINT('',#16397);
#16397 = CARTESIAN_POINT('',(12.78,-1.27,-3.47));
#16398 = LINE('',#16399,#16400);
#16399 = CARTESIAN_POINT('',(-15.76465126396,-1.27,-3.47));
#16400 = VECTOR('',#16401,1.);
#16401 = DIRECTION('',(1.,0.,0.));
#16402 = ORIENTED_EDGE('',*,*,#16403,.F.);
#16403 = EDGE_CURVE('',#16404,#16396,#16406,.T.);
#16404 = VERTEX_POINT('',#16405);
#16405 = CARTESIAN_POINT('',(12.95,-1.27,-3.81));
#16406 = LINE('',#16407,#16408);
#16407 = CARTESIAN_POINT('',(12.392,-1.27,-2.694));
#16408 = VECTOR('',#16409,1.);
#16409 = DIRECTION('',(-0.4472135955,7.635747272537E-17,0.894427191));
#16410 = ORIENTED_EDGE('',*,*,#16411,.F.);
#16411 = EDGE_CURVE('',#16388,#16404,#16412,.T.);
#16412 = LINE('',#16413,#16414);
#16413 = CARTESIAN_POINT('',(15.24,-1.27,-3.81));
#16414 = VECTOR('',#16415,1.);
#16415 = DIRECTION('',(-1.,0.,0.));
#16416 = PLANE('',#16417);
#16417 = AXIS2_PLACEMENT_3D('',#16418,#16419,#16420);
#16418 = CARTESIAN_POINT('',(15.24,-1.27,-1.27));
#16419 = DIRECTION('',(0.,-1.,-8.537024980201E-17));
#16420 = DIRECTION('',(0.,8.537024980201E-17,-1.));
#16421 = ADVANCED_FACE('',(#16422),#16456,.T.);
#16422 = FACE_BOUND('',#16423,.T.);
#16423 = EDGE_LOOP('',(#16424,#16434,#16442,#16450));
#16424 = ORIENTED_EDGE('',*,*,#16425,.F.);
#16425 = EDGE_CURVE('',#16426,#16428,#16430,.T.);
#16426 = VERTEX_POINT('',#16427);
#16427 = CARTESIAN_POINT('',(12.62,-1.27,-3.47));
#16428 = VERTEX_POINT('',#16429);
#16429 = CARTESIAN_POINT('',(12.45,-1.27,-3.81));
#16430 = LINE('',#16431,#16432);
#16431 = CARTESIAN_POINT('',(14.024,-1.27,-0.662));
#16432 = VECTOR('',#16433,1.);
#16433 = DIRECTION('',(-0.4472135955,-7.635747272537E-17,-0.894427191));
#16434 = ORIENTED_EDGE('',*,*,#16435,.F.);
#16435 = EDGE_CURVE('',#16436,#16426,#16438,.T.);
#16436 = VERTEX_POINT('',#16437);
#16437 = CARTESIAN_POINT('',(10.24,-1.27,-3.47));
#16438 = LINE('',#16439,#16440);
#16439 = CARTESIAN_POINT('',(-15.76465126396,-1.27,-3.47));
#16440 = VECTOR('',#16441,1.);
#16441 = DIRECTION('',(1.,0.,0.));
#16442 = ORIENTED_EDGE('',*,*,#16443,.F.);
#16443 = EDGE_CURVE('',#16444,#16436,#16446,.T.);
#16444 = VERTEX_POINT('',#16445);
#16445 = CARTESIAN_POINT('',(10.41,-1.27,-3.81));
#16446 = LINE('',#16447,#16448);
#16447 = CARTESIAN_POINT('',(10.36,-1.27,-3.71));
#16448 = VECTOR('',#16449,1.);
#16449 = DIRECTION('',(-0.4472135955,7.635747272537E-17,0.894427191));
#16450 = ORIENTED_EDGE('',*,*,#16451,.F.);
#16451 = EDGE_CURVE('',#16428,#16444,#16452,.T.);
#16452 = LINE('',#16453,#16454);
#16453 = CARTESIAN_POINT('',(15.24,-1.27,-3.81));
#16454 = VECTOR('',#16455,1.);
#16455 = DIRECTION('',(-1.,0.,0.));
#16456 = PLANE('',#16457);
#16457 = AXIS2_PLACEMENT_3D('',#16458,#16459,#16460);
#16458 = CARTESIAN_POINT('',(15.24,-1.27,-1.27));
#16459 = DIRECTION('',(0.,-1.,-8.537024980201E-17));
#16460 = DIRECTION('',(0.,8.537024980201E-17,-1.));
#16461 = ADVANCED_FACE('',(#16462),#16496,.T.);
#16462 = FACE_BOUND('',#16463,.T.);
#16463 = EDGE_LOOP('',(#16464,#16474,#16482,#16490));
#16464 = ORIENTED_EDGE('',*,*,#16465,.F.);
#16465 = EDGE_CURVE('',#16466,#16468,#16470,.T.);
#16466 = VERTEX_POINT('',#16467);
#16467 = CARTESIAN_POINT('',(10.08,-1.27,-3.47));
#16468 = VERTEX_POINT('',#16469);
#16469 = CARTESIAN_POINT('',(9.91,-1.27,-3.81));
#16470 = LINE('',#16471,#16472);
#16471 = CARTESIAN_POINT('',(11.992,-1.27,0.354));
#16472 = VECTOR('',#16473,1.);
#16473 = DIRECTION('',(-0.4472135955,-7.635747272537E-17,-0.894427191));
#16474 = ORIENTED_EDGE('',*,*,#16475,.F.);
#16475 = EDGE_CURVE('',#16476,#16466,#16478,.T.);
#16476 = VERTEX_POINT('',#16477);
#16477 = CARTESIAN_POINT('',(7.7,-1.27,-3.47));
#16478 = LINE('',#16479,#16480);
#16479 = CARTESIAN_POINT('',(-15.76465126396,-1.27,-3.47));
#16480 = VECTOR('',#16481,1.);
#16481 = DIRECTION('',(1.,0.,0.));
#16482 = ORIENTED_EDGE('',*,*,#16483,.F.);
#16483 = EDGE_CURVE('',#16484,#16476,#16486,.T.);
#16484 = VERTEX_POINT('',#16485);
#16485 = CARTESIAN_POINT('',(7.87,-1.27,-3.81));
#16486 = LINE('',#16487,#16488);
#16487 = CARTESIAN_POINT('',(8.328,-1.27,-4.726));
#16488 = VECTOR('',#16489,1.);
#16489 = DIRECTION('',(-0.4472135955,7.635747272537E-17,0.894427191));
#16490 = ORIENTED_EDGE('',*,*,#16491,.F.);
#16491 = EDGE_CURVE('',#16468,#16484,#16492,.T.);
#16492 = LINE('',#16493,#16494);
#16493 = CARTESIAN_POINT('',(15.24,-1.27,-3.81));
#16494 = VECTOR('',#16495,1.);
#16495 = DIRECTION('',(-1.,0.,0.));
#16496 = PLANE('',#16497);
#16497 = AXIS2_PLACEMENT_3D('',#16498,#16499,#16500);
#16498 = CARTESIAN_POINT('',(15.24,-1.27,-1.27));
#16499 = DIRECTION('',(0.,-1.,-8.537024980201E-17));
#16500 = DIRECTION('',(0.,8.537024980201E-17,-1.));
#16501 = ADVANCED_FACE('',(#16502),#16536,.T.);
#16502 = FACE_BOUND('',#16503,.T.);
#16503 = EDGE_LOOP('',(#16504,#16514,#16522,#16530));
#16504 = ORIENTED_EDGE('',*,*,#16505,.F.);
#16505 = EDGE_CURVE('',#16506,#16508,#16510,.T.);
#16506 = VERTEX_POINT('',#16507);
#16507 = CARTESIAN_POINT('',(7.54,-1.27,-3.47));
#16508 = VERTEX_POINT('',#16509);
#16509 = CARTESIAN_POINT('',(7.37,-1.27,-3.81));
#16510 = LINE('',#16511,#16512);
#16511 = CARTESIAN_POINT('',(9.96,-1.27,1.37));
#16512 = VECTOR('',#16513,1.);
#16513 = DIRECTION('',(-0.4472135955,-7.635747272537E-17,-0.894427191));
#16514 = ORIENTED_EDGE('',*,*,#16515,.F.);
#16515 = EDGE_CURVE('',#16516,#16506,#16518,.T.);
#16516 = VERTEX_POINT('',#16517);
#16517 = CARTESIAN_POINT('',(5.16,-1.27,-3.47));
#16518 = LINE('',#16519,#16520);
#16519 = CARTESIAN_POINT('',(-15.76465126396,-1.27,-3.47));
#16520 = VECTOR('',#16521,1.);
#16521 = DIRECTION('',(1.,0.,0.));
#16522 = ORIENTED_EDGE('',*,*,#16523,.F.);
#16523 = EDGE_CURVE('',#16524,#16516,#16526,.T.);
#16524 = VERTEX_POINT('',#16525);
#16525 = CARTESIAN_POINT('',(5.33,-1.27,-3.81));
#16526 = LINE('',#16527,#16528);
#16527 = CARTESIAN_POINT('',(6.296,-1.27,-5.742));
#16528 = VECTOR('',#16529,1.);
#16529 = DIRECTION('',(-0.4472135955,7.635747272537E-17,0.894427191));
#16530 = ORIENTED_EDGE('',*,*,#16531,.F.);
#16531 = EDGE_CURVE('',#16508,#16524,#16532,.T.);
#16532 = LINE('',#16533,#16534);
#16533 = CARTESIAN_POINT('',(15.24,-1.27,-3.81));
#16534 = VECTOR('',#16535,1.);
#16535 = DIRECTION('',(-1.,0.,0.));
#16536 = PLANE('',#16537);
#16537 = AXIS2_PLACEMENT_3D('',#16538,#16539,#16540);
#16538 = CARTESIAN_POINT('',(15.24,-1.27,-1.27));
#16539 = DIRECTION('',(0.,-1.,-8.537024980201E-17));
#16540 = DIRECTION('',(0.,8.537024980201E-17,-1.));
#16541 = ADVANCED_FACE('',(#16542),#16576,.T.);
#16542 = FACE_BOUND('',#16543,.T.);
#16543 = EDGE_LOOP('',(#16544,#16554,#16562,#16570));
#16544 = ORIENTED_EDGE('',*,*,#16545,.F.);
#16545 = EDGE_CURVE('',#16546,#16548,#16550,.T.);
#16546 = VERTEX_POINT('',#16547);
#16547 = CARTESIAN_POINT('',(5.,-1.27,-3.47));
#16548 = VERTEX_POINT('',#16549);
#16549 = CARTESIAN_POINT('',(4.83,-1.27,-3.81));
#16550 = LINE('',#16551,#16552);
#16551 = CARTESIAN_POINT('',(7.928,-1.27,2.386));
#16552 = VECTOR('',#16553,1.);
#16553 = DIRECTION('',(-0.4472135955,-7.635747272537E-17,-0.894427191));
#16554 = ORIENTED_EDGE('',*,*,#16555,.F.);
#16555 = EDGE_CURVE('',#16556,#16546,#16558,.T.);
#16556 = VERTEX_POINT('',#16557);
#16557 = CARTESIAN_POINT('',(2.62,-1.27,-3.47));
#16558 = LINE('',#16559,#16560);
#16559 = CARTESIAN_POINT('',(-15.76465126396,-1.27,-3.47));
#16560 = VECTOR('',#16561,1.);
#16561 = DIRECTION('',(1.,0.,0.));
#16562 = ORIENTED_EDGE('',*,*,#16563,.F.);
#16563 = EDGE_CURVE('',#16564,#16556,#16566,.T.);
#16564 = VERTEX_POINT('',#16565);
#16565 = CARTESIAN_POINT('',(2.79,-1.27,-3.81));
#16566 = LINE('',#16567,#16568);
#16567 = CARTESIAN_POINT('',(4.264,-1.27,-6.758));
#16568 = VECTOR('',#16569,1.);
#16569 = DIRECTION('',(-0.4472135955,7.635747272537E-17,0.894427191));
#16570 = ORIENTED_EDGE('',*,*,#16571,.F.);
#16571 = EDGE_CURVE('',#16548,#16564,#16572,.T.);
#16572 = LINE('',#16573,#16574);
#16573 = CARTESIAN_POINT('',(15.24,-1.27,-3.81));
#16574 = VECTOR('',#16575,1.);
#16575 = DIRECTION('',(-1.,0.,0.));
#16576 = PLANE('',#16577);
#16577 = AXIS2_PLACEMENT_3D('',#16578,#16579,#16580);
#16578 = CARTESIAN_POINT('',(15.24,-1.27,-1.27));
#16579 = DIRECTION('',(0.,-1.,-8.537024980201E-17));
#16580 = DIRECTION('',(0.,8.537024980201E-17,-1.));
#16581 = ADVANCED_FACE('',(#16582),#16616,.T.);
#16582 = FACE_BOUND('',#16583,.T.);
#16583 = EDGE_LOOP('',(#16584,#16594,#16602,#16610));
#16584 = ORIENTED_EDGE('',*,*,#16585,.F.);
#16585 = EDGE_CURVE('',#16586,#16588,#16590,.T.);
#16586 = VERTEX_POINT('',#16587);
#16587 = CARTESIAN_POINT('',(2.46,-1.27,-3.47));
#16588 = VERTEX_POINT('',#16589);
#16589 = CARTESIAN_POINT('',(2.29,-1.27,-3.81));
#16590 = LINE('',#16591,#16592);
#16591 = CARTESIAN_POINT('',(5.896,-1.27,3.402));
#16592 = VECTOR('',#16593,1.);
#16593 = DIRECTION('',(-0.4472135955,-7.635747272537E-17,-0.894427191));
#16594 = ORIENTED_EDGE('',*,*,#16595,.F.);
#16595 = EDGE_CURVE('',#16596,#16586,#16598,.T.);
#16596 = VERTEX_POINT('',#16597);
#16597 = CARTESIAN_POINT('',(8.E-02,-1.27,-3.47));
#16598 = LINE('',#16599,#16600);
#16599 = CARTESIAN_POINT('',(-15.76465126396,-1.27,-3.47));
#16600 = VECTOR('',#16601,1.);
#16601 = DIRECTION('',(1.,0.,0.));
#16602 = ORIENTED_EDGE('',*,*,#16603,.F.);
#16603 = EDGE_CURVE('',#16604,#16596,#16606,.T.);
#16604 = VERTEX_POINT('',#16605);
#16605 = CARTESIAN_POINT('',(0.25,-1.27,-3.81));
#16606 = LINE('',#16607,#16608);
#16607 = CARTESIAN_POINT('',(2.232,-1.27,-7.774));
#16608 = VECTOR('',#16609,1.);
#16609 = DIRECTION('',(-0.4472135955,7.635747272537E-17,0.894427191));
#16610 = ORIENTED_EDGE('',*,*,#16611,.F.);
#16611 = EDGE_CURVE('',#16588,#16604,#16612,.T.);
#16612 = LINE('',#16613,#16614);
#16613 = CARTESIAN_POINT('',(15.24,-1.27,-3.81));
#16614 = VECTOR('',#16615,1.);
#16615 = DIRECTION('',(-1.,0.,0.));
#16616 = PLANE('',#16617);
#16617 = AXIS2_PLACEMENT_3D('',#16618,#16619,#16620);
#16618 = CARTESIAN_POINT('',(15.24,-1.27,-1.27));
#16619 = DIRECTION('',(0.,-1.,-8.537024980201E-17));
#16620 = DIRECTION('',(0.,8.537024980201E-17,-1.));
#16621 = ADVANCED_FACE('',(#16622),#16656,.T.);
#16622 = FACE_BOUND('',#16623,.T.);
#16623 = EDGE_LOOP('',(#16624,#16634,#16642,#16650));
#16624 = ORIENTED_EDGE('',*,*,#16625,.F.);
#16625 = EDGE_CURVE('',#16626,#16628,#16630,.T.);
#16626 = VERTEX_POINT('',#16627);
#16627 = CARTESIAN_POINT('',(-8.E-02,-1.27,-3.47));
#16628 = VERTEX_POINT('',#16629);
#16629 = CARTESIAN_POINT('',(-0.25,-1.27,-3.81));
#16630 = LINE('',#16631,#16632);
#16631 = CARTESIAN_POINT('',(3.864,-1.27,4.418));
#16632 = VECTOR('',#16633,1.);
#16633 = DIRECTION('',(-0.4472135955,-7.635747272537E-17,-0.894427191));
#16634 = ORIENTED_EDGE('',*,*,#16635,.F.);
#16635 = EDGE_CURVE('',#16636,#16626,#16638,.T.);
#16636 = VERTEX_POINT('',#16637);
#16637 = CARTESIAN_POINT('',(-2.46,-1.27,-3.47));
#16638 = LINE('',#16639,#16640);
#16639 = CARTESIAN_POINT('',(-15.76465126396,-1.27,-3.47));
#16640 = VECTOR('',#16641,1.);
#16641 = DIRECTION('',(1.,0.,0.));
#16642 = ORIENTED_EDGE('',*,*,#16643,.F.);
#16643 = EDGE_CURVE('',#16644,#16636,#16646,.T.);
#16644 = VERTEX_POINT('',#16645);
#16645 = CARTESIAN_POINT('',(-2.29,-1.27,-3.81));
#16646 = LINE('',#16647,#16648);
#16647 = CARTESIAN_POINT('',(0.2,-1.27,-8.79));
#16648 = VECTOR('',#16649,1.);
#16649 = DIRECTION('',(-0.4472135955,7.635747272537E-17,0.894427191));
#16650 = ORIENTED_EDGE('',*,*,#16651,.F.);
#16651 = EDGE_CURVE('',#16628,#16644,#16652,.T.);
#16652 = LINE('',#16653,#16654);
#16653 = CARTESIAN_POINT('',(15.24,-1.27,-3.81));
#16654 = VECTOR('',#16655,1.);
#16655 = DIRECTION('',(-1.,0.,0.));
#16656 = PLANE('',#16657);
#16657 = AXIS2_PLACEMENT_3D('',#16658,#16659,#16660);
#16658 = CARTESIAN_POINT('',(15.24,-1.27,-1.27));
#16659 = DIRECTION('',(0.,-1.,-8.537024980201E-17));
#16660 = DIRECTION('',(0.,8.537024980201E-17,-1.));
#16661 = ADVANCED_FACE('',(#16662),#16696,.T.);
#16662 = FACE_BOUND('',#16663,.T.);
#16663 = EDGE_LOOP('',(#16664,#16674,#16682,#16690));
#16664 = ORIENTED_EDGE('',*,*,#16665,.F.);
#16665 = EDGE_CURVE('',#16666,#16668,#16670,.T.);
#16666 = VERTEX_POINT('',#16667);
#16667 = CARTESIAN_POINT('',(-2.62,-1.27,-3.47));
#16668 = VERTEX_POINT('',#16669);
#16669 = CARTESIAN_POINT('',(-2.79,-1.27,-3.81));
#16670 = LINE('',#16671,#16672);
#16671 = CARTESIAN_POINT('',(1.832,-1.27,5.434));
#16672 = VECTOR('',#16673,1.);
#16673 = DIRECTION('',(-0.4472135955,-7.635747272537E-17,-0.894427191));
#16674 = ORIENTED_EDGE('',*,*,#16675,.F.);
#16675 = EDGE_CURVE('',#16676,#16666,#16678,.T.);
#16676 = VERTEX_POINT('',#16677);
#16677 = CARTESIAN_POINT('',(-5.,-1.27,-3.47));
#16678 = LINE('',#16679,#16680);
#16679 = CARTESIAN_POINT('',(-15.76465126396,-1.27,-3.47));
#16680 = VECTOR('',#16681,1.);
#16681 = DIRECTION('',(1.,0.,0.));
#16682 = ORIENTED_EDGE('',*,*,#16683,.F.);
#16683 = EDGE_CURVE('',#16684,#16676,#16686,.T.);
#16684 = VERTEX_POINT('',#16685);
#16685 = CARTESIAN_POINT('',(-4.83,-1.27,-3.81));
#16686 = LINE('',#16687,#16688);
#16687 = CARTESIAN_POINT('',(-1.832,-1.27,-9.806));
#16688 = VECTOR('',#16689,1.);
#16689 = DIRECTION('',(-0.4472135955,7.635747272537E-17,0.894427191));
#16690 = ORIENTED_EDGE('',*,*,#16691,.F.);
#16691 = EDGE_CURVE('',#16668,#16684,#16692,.T.);
#16692 = LINE('',#16693,#16694);
#16693 = CARTESIAN_POINT('',(15.24,-1.27,-3.81));
#16694 = VECTOR('',#16695,1.);
#16695 = DIRECTION('',(-1.,0.,0.));
#16696 = PLANE('',#16697);
#16697 = AXIS2_PLACEMENT_3D('',#16698,#16699,#16700);
#16698 = CARTESIAN_POINT('',(15.24,-1.27,-1.27));
#16699 = DIRECTION('',(0.,-1.,-8.537024980201E-17));
#16700 = DIRECTION('',(0.,8.537024980201E-17,-1.));
#16701 = ADVANCED_FACE('',(#16702),#16736,.T.);
#16702 = FACE_BOUND('',#16703,.T.);
#16703 = EDGE_LOOP('',(#16704,#16714,#16722,#16730));
#16704 = ORIENTED_EDGE('',*,*,#16705,.F.);
#16705 = EDGE_CURVE('',#16706,#16708,#16710,.T.);
#16706 = VERTEX_POINT('',#16707);
#16707 = CARTESIAN_POINT('',(-5.16,-1.27,-3.47));
#16708 = VERTEX_POINT('',#16709);
#16709 = CARTESIAN_POINT('',(-5.33,-1.27,-3.81));
#16710 = LINE('',#16711,#16712);
#16711 = CARTESIAN_POINT('',(-0.2,-1.27,6.45));
#16712 = VECTOR('',#16713,1.);
#16713 = DIRECTION('',(-0.4472135955,-7.635747272537E-17,-0.894427191));
#16714 = ORIENTED_EDGE('',*,*,#16715,.F.);
#16715 = EDGE_CURVE('',#16716,#16706,#16718,.T.);
#16716 = VERTEX_POINT('',#16717);
#16717 = CARTESIAN_POINT('',(-7.54,-1.27,-3.47));
#16718 = LINE('',#16719,#16720);
#16719 = CARTESIAN_POINT('',(-15.76465126396,-1.27,-3.47));
#16720 = VECTOR('',#16721,1.);
#16721 = DIRECTION('',(1.,0.,0.));
#16722 = ORIENTED_EDGE('',*,*,#16723,.F.);
#16723 = EDGE_CURVE('',#16724,#16716,#16726,.T.);
#16724 = VERTEX_POINT('',#16725);
#16725 = CARTESIAN_POINT('',(-7.37,-1.27,-3.81));
#16726 = LINE('',#16727,#16728);
#16727 = CARTESIAN_POINT('',(-3.864,-1.27,-10.822));
#16728 = VECTOR('',#16729,1.);
#16729 = DIRECTION('',(-0.4472135955,7.635747272537E-17,0.894427191));
#16730 = ORIENTED_EDGE('',*,*,#16731,.F.);
#16731 = EDGE_CURVE('',#16708,#16724,#16732,.T.);
#16732 = LINE('',#16733,#16734);
#16733 = CARTESIAN_POINT('',(15.24,-1.27,-3.81));
#16734 = VECTOR('',#16735,1.);
#16735 = DIRECTION('',(-1.,0.,0.));
#16736 = PLANE('',#16737);
#16737 = AXIS2_PLACEMENT_3D('',#16738,#16739,#16740);
#16738 = CARTESIAN_POINT('',(15.24,-1.27,-1.27));
#16739 = DIRECTION('',(0.,-1.,-8.537024980201E-17));
#16740 = DIRECTION('',(0.,8.537024980201E-17,-1.));
#16741 = ADVANCED_FACE('',(#16742),#16776,.T.);
#16742 = FACE_BOUND('',#16743,.T.);
#16743 = EDGE_LOOP('',(#16744,#16754,#16762,#16770));
#16744 = ORIENTED_EDGE('',*,*,#16745,.F.);
#16745 = EDGE_CURVE('',#16746,#16748,#16750,.T.);
#16746 = VERTEX_POINT('',#16747);
#16747 = CARTESIAN_POINT('',(-7.7,-1.27,-3.47));
#16748 = VERTEX_POINT('',#16749);
#16749 = CARTESIAN_POINT('',(-7.87,-1.27,-3.81));
#16750 = LINE('',#16751,#16752);
#16751 = CARTESIAN_POINT('',(-2.232,-1.27,7.466));
#16752 = VECTOR('',#16753,1.);
#16753 = DIRECTION('',(-0.4472135955,-7.635747272537E-17,-0.894427191));
#16754 = ORIENTED_EDGE('',*,*,#16755,.F.);
#16755 = EDGE_CURVE('',#16756,#16746,#16758,.T.);
#16756 = VERTEX_POINT('',#16757);
#16757 = CARTESIAN_POINT('',(-10.08,-1.27,-3.47));
#16758 = LINE('',#16759,#16760);
#16759 = CARTESIAN_POINT('',(-15.76465126396,-1.27,-3.47));
#16760 = VECTOR('',#16761,1.);
#16761 = DIRECTION('',(1.,0.,0.));
#16762 = ORIENTED_EDGE('',*,*,#16763,.F.);
#16763 = EDGE_CURVE('',#16764,#16756,#16766,.T.);
#16764 = VERTEX_POINT('',#16765);
#16765 = CARTESIAN_POINT('',(-9.91,-1.27,-3.81));
#16766 = LINE('',#16767,#16768);
#16767 = CARTESIAN_POINT('',(-5.896,-1.27,-11.838));
#16768 = VECTOR('',#16769,1.);
#16769 = DIRECTION('',(-0.4472135955,7.635747272537E-17,0.894427191));
#16770 = ORIENTED_EDGE('',*,*,#16771,.F.);
#16771 = EDGE_CURVE('',#16748,#16764,#16772,.T.);
#16772 = LINE('',#16773,#16774);
#16773 = CARTESIAN_POINT('',(15.24,-1.27,-3.81));
#16774 = VECTOR('',#16775,1.);
#16775 = DIRECTION('',(-1.,0.,0.));
#16776 = PLANE('',#16777);
#16777 = AXIS2_PLACEMENT_3D('',#16778,#16779,#16780);
#16778 = CARTESIAN_POINT('',(15.24,-1.27,-1.27));
#16779 = DIRECTION('',(0.,-1.,-8.537024980201E-17));
#16780 = DIRECTION('',(0.,8.537024980201E-17,-1.));
#16781 = ADVANCED_FACE('',(#16782),#16816,.T.);
#16782 = FACE_BOUND('',#16783,.T.);
#16783 = EDGE_LOOP('',(#16784,#16794,#16802,#16810));
#16784 = ORIENTED_EDGE('',*,*,#16785,.F.);
#16785 = EDGE_CURVE('',#16786,#16788,#16790,.T.);
#16786 = VERTEX_POINT('',#16787);
#16787 = CARTESIAN_POINT('',(-10.24,-1.27,-3.47));
#16788 = VERTEX_POINT('',#16789);
#16789 = CARTESIAN_POINT('',(-10.41,-1.27,-3.81));
#16790 = LINE('',#16791,#16792);
#16791 = CARTESIAN_POINT('',(-4.264,-1.27,8.482));
#16792 = VECTOR('',#16793,1.);
#16793 = DIRECTION('',(-0.4472135955,-7.635747272537E-17,-0.894427191));
#16794 = ORIENTED_EDGE('',*,*,#16795,.F.);
#16795 = EDGE_CURVE('',#16796,#16786,#16798,.T.);
#16796 = VERTEX_POINT('',#16797);
#16797 = CARTESIAN_POINT('',(-12.62,-1.27,-3.47));
#16798 = LINE('',#16799,#16800);
#16799 = CARTESIAN_POINT('',(-15.76465126396,-1.27,-3.47));
#16800 = VECTOR('',#16801,1.);
#16801 = DIRECTION('',(1.,0.,0.));
#16802 = ORIENTED_EDGE('',*,*,#16803,.F.);
#16803 = EDGE_CURVE('',#16804,#16796,#16806,.T.);
#16804 = VERTEX_POINT('',#16805);
#16805 = CARTESIAN_POINT('',(-12.45,-1.27,-3.81));
#16806 = LINE('',#16807,#16808);
#16807 = CARTESIAN_POINT('',(-7.928,-1.27,-12.854));
#16808 = VECTOR('',#16809,1.);
#16809 = DIRECTION('',(-0.4472135955,7.635747272537E-17,0.894427191));
#16810 = ORIENTED_EDGE('',*,*,#16811,.F.);
#16811 = EDGE_CURVE('',#16788,#16804,#16812,.T.);
#16812 = LINE('',#16813,#16814);
#16813 = CARTESIAN_POINT('',(15.24,-1.27,-3.81));
#16814 = VECTOR('',#16815,1.);
#16815 = DIRECTION('',(-1.,0.,0.));
#16816 = PLANE('',#16817);
#16817 = AXIS2_PLACEMENT_3D('',#16818,#16819,#16820);
#16818 = CARTESIAN_POINT('',(15.24,-1.27,-1.27));
#16819 = DIRECTION('',(0.,-1.,-8.537024980201E-17));
#16820 = DIRECTION('',(0.,8.537024980201E-17,-1.));
#16821 = ADVANCED_FACE('',(#16822),#16856,.T.);
#16822 = FACE_BOUND('',#16823,.T.);
#16823 = EDGE_LOOP('',(#16824,#16834,#16842,#16850));
#16824 = ORIENTED_EDGE('',*,*,#16825,.F.);
#16825 = EDGE_CURVE('',#16826,#16828,#16830,.T.);
#16826 = VERTEX_POINT('',#16827);
#16827 = CARTESIAN_POINT('',(-12.78,-1.27,-3.47));
#16828 = VERTEX_POINT('',#16829);
#16829 = CARTESIAN_POINT('',(-12.95,-1.27,-3.81));
#16830 = LINE('',#16831,#16832);
#16831 = CARTESIAN_POINT('',(-6.296,-1.27,9.498));
#16832 = VECTOR('',#16833,1.);
#16833 = DIRECTION('',(-0.4472135955,-7.635747272537E-17,-0.894427191));
#16834 = ORIENTED_EDGE('',*,*,#16835,.F.);
#16835 = EDGE_CURVE('',#16836,#16826,#16838,.T.);
#16836 = VERTEX_POINT('',#16837);
#16837 = CARTESIAN_POINT('',(-15.16,-1.27,-3.47));
#16838 = LINE('',#16839,#16840);
#16839 = CARTESIAN_POINT('',(-15.76465126396,-1.27,-3.47));
#16840 = VECTOR('',#16841,1.);
#16841 = DIRECTION('',(1.,0.,0.));
#16842 = ORIENTED_EDGE('',*,*,#16843,.F.);
#16843 = EDGE_CURVE('',#16844,#16836,#16846,.T.);
#16844 = VERTEX_POINT('',#16845);
#16845 = CARTESIAN_POINT('',(-14.99,-1.27,-3.81));
#16846 = LINE('',#16847,#16848);
#16847 = CARTESIAN_POINT('',(-9.96,-1.27,-13.87));
#16848 = VECTOR('',#16849,1.);
#16849 = DIRECTION('',(-0.4472135955,7.635747272537E-17,0.894427191));
#16850 = ORIENTED_EDGE('',*,*,#16851,.F.);
#16851 = EDGE_CURVE('',#16828,#16844,#16852,.T.);
#16852 = LINE('',#16853,#16854);
#16853 = CARTESIAN_POINT('',(15.24,-1.27,-3.81));
#16854 = VECTOR('',#16855,1.);
#16855 = DIRECTION('',(-1.,0.,0.));
#16856 = PLANE('',#16857);
#16857 = AXIS2_PLACEMENT_3D('',#16858,#16859,#16860);
#16858 = CARTESIAN_POINT('',(15.24,-1.27,-1.27));
#16859 = DIRECTION('',(0.,-1.,-8.537024980201E-17));
#16860 = DIRECTION('',(0.,8.537024980201E-17,-1.));
#16861 = ADVANCED_FACE('',(#16862),#16878,.F.);
#16862 = FACE_BOUND('',#16863,.T.);
#16863 = EDGE_LOOP('',(#16864,#16865,#16871,#16872));
#16864 = ORIENTED_EDGE('',*,*,#15211,.T.);
#16865 = ORIENTED_EDGE('',*,*,#16866,.T.);
#16866 = EDGE_CURVE('',#15204,#13500,#16867,.T.);
#16867 = LINE('',#16868,#16869);
#16868 = CARTESIAN_POINT('',(15.24,-6.573509234755E-17,-3.31));
#16869 = VECTOR('',#16870,1.);
#16870 = DIRECTION('',(0.,1.,-8.537024980201E-17));
#16871 = ORIENTED_EDGE('',*,*,#13499,.F.);
#16872 = ORIENTED_EDGE('',*,*,#16873,.F.);
#16873 = EDGE_CURVE('',#15212,#13492,#16874,.T.);
#16874 = LINE('',#16875,#16876);
#16875 = CARTESIAN_POINT('',(15.24,-6.573509234755E-17,0.77));
#16876 = VECTOR('',#16877,1.);
#16877 = DIRECTION('',(0.,1.,8.537024980201E-17));
#16878 = PLANE('',#16879);
#16879 = AXIS2_PLACEMENT_3D('',#16880,#16881,#16882);
#16880 = CARTESIAN_POINT('',(15.24,0.,0.));
#16881 = DIRECTION('',(-1.,0.,0.));
#16882 = DIRECTION('',(0.,0.,1.));
#16883 = ADVANCED_FACE('',(#16884),#16900,.T.);
#16884 = FACE_BOUND('',#16885,.T.);
#16885 = EDGE_LOOP('',(#16886,#16892,#16893,#16899));
#16886 = ORIENTED_EDGE('',*,*,#16887,.F.);
#16887 = EDGE_CURVE('',#14916,#13788,#16888,.T.);
#16888 = LINE('',#16889,#16890);
#16889 = CARTESIAN_POINT('',(-15.24,-6.573509234755E-17,-3.31));
#16890 = VECTOR('',#16891,1.);
#16891 = DIRECTION('',(0.,1.,-8.537024980201E-17));
#16892 = ORIENTED_EDGE('',*,*,#14915,.T.);
#16893 = ORIENTED_EDGE('',*,*,#16894,.T.);
#16894 = EDGE_CURVE('',#14908,#13796,#16895,.T.);
#16895 = LINE('',#16896,#16897);
#16896 = CARTESIAN_POINT('',(-15.24,-6.573509234755E-17,0.77));
#16897 = VECTOR('',#16898,1.);
#16898 = DIRECTION('',(0.,1.,8.537024980201E-17));
#16899 = ORIENTED_EDGE('',*,*,#13795,.T.);
#16900 = PLANE('',#16901);
#16901 = AXIS2_PLACEMENT_3D('',#16902,#16903,#16904);
#16902 = CARTESIAN_POINT('',(-15.24,0.,0.));
#16903 = DIRECTION('',(-1.,0.,0.));
#16904 = DIRECTION('',(0.,0.,1.));
#16905 = ADVANCED_FACE('',(#16906),#16924,.T.);
#16906 = FACE_BOUND('',#16907,.T.);
#16907 = EDGE_LOOP('',(#16908,#16909,#16915,#16916,#16922,#16923));
#16908 = ORIENTED_EDGE('',*,*,#14907,.T.);
#16909 = ORIENTED_EDGE('',*,*,#16910,.T.);
#16910 = EDGE_CURVE('',#14898,#15908,#16911,.T.);
#16911 = LINE('',#16912,#16913);
#16912 = CARTESIAN_POINT('',(-15.16,-29.66923237573,0.93));
#16913 = VECTOR('',#16914,1.);
#16914 = DIRECTION('',(5.378349514229E-16,-1.,9.902996530438E-16));
#16915 = ORIENTED_EDGE('',*,*,#15905,.F.);
#16916 = ORIENTED_EDGE('',*,*,#16917,.T.);
#16917 = EDGE_CURVE('',#15906,#13804,#16918,.T.);
#16918 = LINE('',#16919,#16920);
#16919 = CARTESIAN_POINT('',(-14.99,-29.66923237573,1.27));
#16920 = VECTOR('',#16921,1.);
#16921 = DIRECTION('',(0.,1.,8.537024980201E-17));
#16922 = ORIENTED_EDGE('',*,*,#13803,.F.);
#16923 = ORIENTED_EDGE('',*,*,#16894,.F.);
#16924 = PLANE('',#16925);
#16925 = AXIS2_PLACEMENT_3D('',#16926,#16927,#16928);
#16926 = CARTESIAN_POINT('',(-15.24,-29.66923237573,0.77));
#16927 = DIRECTION('',(-0.894427191,-3.817873636269E-17,0.4472135955));
#16928 = DIRECTION('',(0.4472135955,6.162975822039E-33,0.894427191));
#16929 = ADVANCED_FACE('',(#16930),#16953,.T.);
#16930 = FACE_BOUND('',#16931,.T.);
#16931 = EDGE_LOOP('',(#16932,#16933,#16939,#16940,#16946,#16947));
#16932 = ORIENTED_EDGE('',*,*,#15923,.F.);
#16933 = ORIENTED_EDGE('',*,*,#16934,.T.);
#16934 = EDGE_CURVE('',#15916,#14900,#16935,.T.);
#16935 = LINE('',#16936,#16937);
#16936 = CARTESIAN_POINT('',(-12.78,-29.42093677293,0.93));
#16937 = VECTOR('',#16938,1.);
#16938 = DIRECTION('',(5.378349514229E-16,1.,-9.902996530438E-16));
#16939 = ORIENTED_EDGE('',*,*,#15483,.T.);
#16940 = ORIENTED_EDGE('',*,*,#16941,.T.);
#16941 = EDGE_CURVE('',#15476,#13820,#16942,.T.);
#16942 = LINE('',#16943,#16944);
#16943 = CARTESIAN_POINT('',(-12.7,-29.42093677293,0.77));
#16944 = VECTOR('',#16945,1.);
#16945 = DIRECTION('',(0.,1.,8.537024980201E-17));
#16946 = ORIENTED_EDGE('',*,*,#13819,.F.);
#16947 = ORIENTED_EDGE('',*,*,#16948,.F.);
#16948 = EDGE_CURVE('',#15924,#13812,#16949,.T.);
#16949 = LINE('',#16950,#16951);
#16950 = CARTESIAN_POINT('',(-12.95,-1.27,1.27));
#16951 = VECTOR('',#16952,1.);
#16952 = DIRECTION('',(-1.28055374703E-16,1.,3.41480999208E-16));
#16953 = PLANE('',#16954);
#16954 = AXIS2_PLACEMENT_3D('',#16955,#16956,#16957);
#16955 = CARTESIAN_POINT('',(-12.95,-29.42093677293,1.27));
#16956 = DIRECTION('',(0.894427191,-3.817873636269E-17,0.4472135955));
#16957 = DIRECTION('',(0.4472135955,-6.162975822039E-33,-0.894427191));
#16958 = ADVANCED_FACE('',(#16959),#16977,.T.);
#16959 = FACE_BOUND('',#16960,.T.);
#16960 = EDGE_LOOP('',(#16961,#16962,#16968,#16969,#16975,#16976));
#16961 = ORIENTED_EDGE('',*,*,#15475,.T.);
#16962 = ORIENTED_EDGE('',*,*,#16963,.T.);
#16963 = EDGE_CURVE('',#15468,#15948,#16964,.T.);
#16964 = LINE('',#16965,#16966);
#16965 = CARTESIAN_POINT('',(-12.62,-29.42093677293,0.93));
#16966 = VECTOR('',#16967,1.);
#16967 = DIRECTION('',(5.378349514229E-16,-1.,9.902996530438E-16));
#16968 = ORIENTED_EDGE('',*,*,#15945,.F.);
#16969 = ORIENTED_EDGE('',*,*,#16970,.F.);
#16970 = EDGE_CURVE('',#13828,#15946,#16971,.T.);
#16971 = LINE('',#16972,#16973);
#16972 = CARTESIAN_POINT('',(-12.45,-1.27,1.27));
#16973 = VECTOR('',#16974,1.);
#16974 = DIRECTION('',(-1.28055374703E-16,-1.,-3.41480999208E-16));
#16975 = ORIENTED_EDGE('',*,*,#13827,.F.);
#16976 = ORIENTED_EDGE('',*,*,#16941,.F.);
#16977 = PLANE('',#16978);
#16978 = AXIS2_PLACEMENT_3D('',#16979,#16980,#16981);
#16979 = CARTESIAN_POINT('',(-12.7,-29.42093677293,0.77));
#16980 = DIRECTION('',(-0.894427191,-3.817873636269E-17,0.4472135955));
#16981 = DIRECTION('',(0.4472135955,6.162975822039E-33,0.894427191));
#16982 = ADVANCED_FACE('',(#16983),#17006,.T.);
#16983 = FACE_BOUND('',#16984,.T.);
#16984 = EDGE_LOOP('',(#16985,#16986,#16992,#16993,#16999,#17000));
#16985 = ORIENTED_EDGE('',*,*,#15963,.F.);
#16986 = ORIENTED_EDGE('',*,*,#16987,.T.);
#16987 = EDGE_CURVE('',#15956,#15460,#16988,.T.);
#16988 = LINE('',#16989,#16990);
#16989 = CARTESIAN_POINT('',(-10.24,-29.42093677293,0.93));
#16990 = VECTOR('',#16991,1.);
#16991 = DIRECTION('',(5.378349514229E-16,1.,-9.902996530438E-16));
#16992 = ORIENTED_EDGE('',*,*,#15459,.T.);
#16993 = ORIENTED_EDGE('',*,*,#16994,.T.);
#16994 = EDGE_CURVE('',#15452,#13844,#16995,.T.);
#16995 = LINE('',#16996,#16997);
#16996 = CARTESIAN_POINT('',(-10.16,-29.42093677293,0.77));
#16997 = VECTOR('',#16998,1.);
#16998 = DIRECTION('',(0.,1.,8.537024980201E-17));
#16999 = ORIENTED_EDGE('',*,*,#13843,.F.);
#17000 = ORIENTED_EDGE('',*,*,#17001,.F.);
#17001 = EDGE_CURVE('',#15964,#13836,#17002,.T.);
#17002 = LINE('',#17003,#17004);
#17003 = CARTESIAN_POINT('',(-10.41,-1.27,1.27));
#17004 = VECTOR('',#17005,1.);
#17005 = DIRECTION('',(-1.28055374703E-16,1.,3.41480999208E-16));
#17006 = PLANE('',#17007);
#17007 = AXIS2_PLACEMENT_3D('',#17008,#17009,#17010);
#17008 = CARTESIAN_POINT('',(-10.41,-29.42093677293,1.27));
#17009 = DIRECTION('',(0.894427191,-3.817873636269E-17,0.4472135955));
#17010 = DIRECTION('',(0.4472135955,-6.162975822039E-33,-0.894427191));
#17011 = ADVANCED_FACE('',(#17012),#17030,.T.);
#17012 = FACE_BOUND('',#17013,.T.);
#17013 = EDGE_LOOP('',(#17014,#17015,#17021,#17022,#17028,#17029));
#17014 = ORIENTED_EDGE('',*,*,#15451,.T.);
#17015 = ORIENTED_EDGE('',*,*,#17016,.T.);
#17016 = EDGE_CURVE('',#15444,#15988,#17017,.T.);
#17017 = LINE('',#17018,#17019);
#17018 = CARTESIAN_POINT('',(-10.08,-29.42093677293,0.93));
#17019 = VECTOR('',#17020,1.);
#17020 = DIRECTION('',(5.378349514229E-16,-1.,9.902996530438E-16));
#17021 = ORIENTED_EDGE('',*,*,#15985,.F.);
#17022 = ORIENTED_EDGE('',*,*,#17023,.F.);
#17023 = EDGE_CURVE('',#13852,#15986,#17024,.T.);
#17024 = LINE('',#17025,#17026);
#17025 = CARTESIAN_POINT('',(-9.91,-1.27,1.27));
#17026 = VECTOR('',#17027,1.);
#17027 = DIRECTION('',(-1.28055374703E-16,-1.,-3.41480999208E-16));
#17028 = ORIENTED_EDGE('',*,*,#13851,.F.);
#17029 = ORIENTED_EDGE('',*,*,#16994,.F.);
#17030 = PLANE('',#17031);
#17031 = AXIS2_PLACEMENT_3D('',#17032,#17033,#17034);
#17032 = CARTESIAN_POINT('',(-10.16,-29.42093677293,0.77));
#17033 = DIRECTION('',(-0.894427191,-3.817873636269E-17,0.4472135955));
#17034 = DIRECTION('',(0.4472135955,6.162975822039E-33,0.894427191));
#17035 = ADVANCED_FACE('',(#17036),#17059,.T.);
#17036 = FACE_BOUND('',#17037,.T.);
#17037 = EDGE_LOOP('',(#17038,#17039,#17045,#17046,#17052,#17053));
#17038 = ORIENTED_EDGE('',*,*,#16003,.F.);
#17039 = ORIENTED_EDGE('',*,*,#17040,.T.);
#17040 = EDGE_CURVE('',#15996,#15436,#17041,.T.);
#17041 = LINE('',#17042,#17043);
#17042 = CARTESIAN_POINT('',(-7.7,-29.42093677293,0.93));
#17043 = VECTOR('',#17044,1.);
#17044 = DIRECTION('',(5.378349514229E-16,1.,-9.902996530438E-16));
#17045 = ORIENTED_EDGE('',*,*,#15435,.T.);
#17046 = ORIENTED_EDGE('',*,*,#17047,.T.);
#17047 = EDGE_CURVE('',#15428,#13868,#17048,.T.);
#17048 = LINE('',#17049,#17050);
#17049 = CARTESIAN_POINT('',(-7.62,-29.42093677293,0.77));
#17050 = VECTOR('',#17051,1.);
#17051 = DIRECTION('',(0.,1.,8.537024980201E-17));
#17052 = ORIENTED_EDGE('',*,*,#13867,.F.);
#17053 = ORIENTED_EDGE('',*,*,#17054,.F.);
#17054 = EDGE_CURVE('',#16004,#13860,#17055,.T.);
#17055 = LINE('',#17056,#17057);
#17056 = CARTESIAN_POINT('',(-7.87,-1.27,1.27));
#17057 = VECTOR('',#17058,1.);
#17058 = DIRECTION('',(-1.28055374703E-16,1.,3.41480999208E-16));
#17059 = PLANE('',#17060);
#17060 = AXIS2_PLACEMENT_3D('',#17061,#17062,#17063);
#17061 = CARTESIAN_POINT('',(-7.87,-29.42093677293,1.27));
#17062 = DIRECTION('',(0.894427191,-3.817873636269E-17,0.4472135955));
#17063 = DIRECTION('',(0.4472135955,-6.162975822039E-33,-0.894427191));
#17064 = ADVANCED_FACE('',(#17065),#17083,.T.);
#17065 = FACE_BOUND('',#17066,.T.);
#17066 = EDGE_LOOP('',(#17067,#17068,#17074,#17075,#17081,#17082));
#17067 = ORIENTED_EDGE('',*,*,#15427,.T.);
#17068 = ORIENTED_EDGE('',*,*,#17069,.T.);
#17069 = EDGE_CURVE('',#15420,#16028,#17070,.T.);
#17070 = LINE('',#17071,#17072);
#17071 = CARTESIAN_POINT('',(-7.54,-29.42093677293,0.93));
#17072 = VECTOR('',#17073,1.);
#17073 = DIRECTION('',(5.378349514229E-16,-1.,9.902996530438E-16));
#17074 = ORIENTED_EDGE('',*,*,#16025,.F.);
#17075 = ORIENTED_EDGE('',*,*,#17076,.F.);
#17076 = EDGE_CURVE('',#13876,#16026,#17077,.T.);
#17077 = LINE('',#17078,#17079);
#17078 = CARTESIAN_POINT('',(-7.37,-1.27,1.27));
#17079 = VECTOR('',#17080,1.);
#17080 = DIRECTION('',(-1.28055374703E-16,-1.,-3.41480999208E-16));
#17081 = ORIENTED_EDGE('',*,*,#13875,.F.);
#17082 = ORIENTED_EDGE('',*,*,#17047,.F.);
#17083 = PLANE('',#17084);
#17084 = AXIS2_PLACEMENT_3D('',#17085,#17086,#17087);
#17085 = CARTESIAN_POINT('',(-7.62,-29.42093677293,0.77));
#17086 = DIRECTION('',(-0.894427191,-3.817873636269E-17,0.4472135955));
#17087 = DIRECTION('',(0.4472135955,6.162975822039E-33,0.894427191));
#17088 = ADVANCED_FACE('',(#17089),#17112,.T.);
#17089 = FACE_BOUND('',#17090,.T.);
#17090 = EDGE_LOOP('',(#17091,#17092,#17098,#17099,#17105,#17106));
#17091 = ORIENTED_EDGE('',*,*,#16043,.F.);
#17092 = ORIENTED_EDGE('',*,*,#17093,.T.);
#17093 = EDGE_CURVE('',#16036,#15412,#17094,.T.);
#17094 = LINE('',#17095,#17096);
#17095 = CARTESIAN_POINT('',(-5.16,-29.42093677293,0.93));
#17096 = VECTOR('',#17097,1.);
#17097 = DIRECTION('',(5.378349514229E-16,1.,-9.902996530438E-16));
#17098 = ORIENTED_EDGE('',*,*,#15411,.T.);
#17099 = ORIENTED_EDGE('',*,*,#17100,.T.);
#17100 = EDGE_CURVE('',#15404,#13892,#17101,.T.);
#17101 = LINE('',#17102,#17103);
#17102 = CARTESIAN_POINT('',(-5.08,-29.42093677293,0.77));
#17103 = VECTOR('',#17104,1.);
#17104 = DIRECTION('',(0.,1.,8.537024980201E-17));
#17105 = ORIENTED_EDGE('',*,*,#13891,.F.);
#17106 = ORIENTED_EDGE('',*,*,#17107,.F.);
#17107 = EDGE_CURVE('',#16044,#13884,#17108,.T.);
#17108 = LINE('',#17109,#17110);
#17109 = CARTESIAN_POINT('',(-5.33,-1.27,1.27));
#17110 = VECTOR('',#17111,1.);
#17111 = DIRECTION('',(-1.28055374703E-16,1.,3.41480999208E-16));
#17112 = PLANE('',#17113);
#17113 = AXIS2_PLACEMENT_3D('',#17114,#17115,#17116);
#17114 = CARTESIAN_POINT('',(-5.33,-29.42093677293,1.27));
#17115 = DIRECTION('',(0.894427191,-3.817873636269E-17,0.4472135955));
#17116 = DIRECTION('',(0.4472135955,-6.162975822039E-33,-0.894427191));
#17117 = ADVANCED_FACE('',(#17118),#17136,.T.);
#17118 = FACE_BOUND('',#17119,.T.);
#17119 = EDGE_LOOP('',(#17120,#17121,#17127,#17128,#17134,#17135));
#17120 = ORIENTED_EDGE('',*,*,#15403,.T.);
#17121 = ORIENTED_EDGE('',*,*,#17122,.T.);
#17122 = EDGE_CURVE('',#15396,#16068,#17123,.T.);
#17123 = LINE('',#17124,#17125);
#17124 = CARTESIAN_POINT('',(-5.,-29.42093677293,0.93));
#17125 = VECTOR('',#17126,1.);
#17126 = DIRECTION('',(5.378349514229E-16,-1.,9.902996530438E-16));
#17127 = ORIENTED_EDGE('',*,*,#16065,.F.);
#17128 = ORIENTED_EDGE('',*,*,#17129,.F.);
#17129 = EDGE_CURVE('',#13900,#16066,#17130,.T.);
#17130 = LINE('',#17131,#17132);
#17131 = CARTESIAN_POINT('',(-4.83,-1.27,1.27));
#17132 = VECTOR('',#17133,1.);
#17133 = DIRECTION('',(-1.28055374703E-16,-1.,-3.41480999208E-16));
#17134 = ORIENTED_EDGE('',*,*,#13899,.F.);
#17135 = ORIENTED_EDGE('',*,*,#17100,.F.);
#17136 = PLANE('',#17137);
#17137 = AXIS2_PLACEMENT_3D('',#17138,#17139,#17140);
#17138 = CARTESIAN_POINT('',(-5.08,-29.42093677293,0.77));
#17139 = DIRECTION('',(-0.894427191,-3.817873636269E-17,0.4472135955));
#17140 = DIRECTION('',(0.4472135955,6.162975822039E-33,0.894427191));
#17141 = ADVANCED_FACE('',(#17142),#17165,.T.);
#17142 = FACE_BOUND('',#17143,.T.);
#17143 = EDGE_LOOP('',(#17144,#17145,#17151,#17152,#17158,#17159));
#17144 = ORIENTED_EDGE('',*,*,#16083,.F.);
#17145 = ORIENTED_EDGE('',*,*,#17146,.T.);
#17146 = EDGE_CURVE('',#16076,#15388,#17147,.T.);
#17147 = LINE('',#17148,#17149);
#17148 = CARTESIAN_POINT('',(-2.62,-29.42093677293,0.93));
#17149 = VECTOR('',#17150,1.);
#17150 = DIRECTION('',(5.378349514229E-16,1.,-9.902996530438E-16));
#17151 = ORIENTED_EDGE('',*,*,#15387,.T.);
#17152 = ORIENTED_EDGE('',*,*,#17153,.T.);
#17153 = EDGE_CURVE('',#15380,#13916,#17154,.T.);
#17154 = LINE('',#17155,#17156);
#17155 = CARTESIAN_POINT('',(-2.54,-29.42093677293,0.77));
#17156 = VECTOR('',#17157,1.);
#17157 = DIRECTION('',(0.,1.,8.537024980201E-17));
#17158 = ORIENTED_EDGE('',*,*,#13915,.F.);
#17159 = ORIENTED_EDGE('',*,*,#17160,.F.);
#17160 = EDGE_CURVE('',#16084,#13908,#17161,.T.);
#17161 = LINE('',#17162,#17163);
#17162 = CARTESIAN_POINT('',(-2.79,-1.27,1.27));
#17163 = VECTOR('',#17164,1.);
#17164 = DIRECTION('',(-1.28055374703E-16,1.,3.41480999208E-16));
#17165 = PLANE('',#17166);
#17166 = AXIS2_PLACEMENT_3D('',#17167,#17168,#17169);
#17167 = CARTESIAN_POINT('',(-2.79,-29.42093677293,1.27));
#17168 = DIRECTION('',(0.894427191,-3.817873636269E-17,0.4472135955));
#17169 = DIRECTION('',(0.4472135955,-6.162975822039E-33,-0.894427191));
#17170 = ADVANCED_FACE('',(#17171),#17189,.T.);
#17171 = FACE_BOUND('',#17172,.T.);
#17172 = EDGE_LOOP('',(#17173,#17174,#17180,#17181,#17187,#17188));
#17173 = ORIENTED_EDGE('',*,*,#15379,.T.);
#17174 = ORIENTED_EDGE('',*,*,#17175,.T.);
#17175 = EDGE_CURVE('',#15372,#16108,#17176,.T.);
#17176 = LINE('',#17177,#17178);
#17177 = CARTESIAN_POINT('',(-2.46,-29.42093677293,0.93));
#17178 = VECTOR('',#17179,1.);
#17179 = DIRECTION('',(5.378349514229E-16,-1.,9.902996530438E-16));
#17180 = ORIENTED_EDGE('',*,*,#16105,.F.);
#17181 = ORIENTED_EDGE('',*,*,#17182,.F.);
#17182 = EDGE_CURVE('',#13924,#16106,#17183,.T.);
#17183 = LINE('',#17184,#17185);
#17184 = CARTESIAN_POINT('',(-2.29,-1.27,1.27));
#17185 = VECTOR('',#17186,1.);
#17186 = DIRECTION('',(-1.28055374703E-16,-1.,-3.41480999208E-16));
#17187 = ORIENTED_EDGE('',*,*,#13923,.F.);
#17188 = ORIENTED_EDGE('',*,*,#17153,.F.);
#17189 = PLANE('',#17190);
#17190 = AXIS2_PLACEMENT_3D('',#17191,#17192,#17193);
#17191 = CARTESIAN_POINT('',(-2.54,-29.42093677293,0.77));
#17192 = DIRECTION('',(-0.894427191,-3.817873636269E-17,0.4472135955));
#17193 = DIRECTION('',(0.4472135955,6.162975822039E-33,0.894427191));
#17194 = ADVANCED_FACE('',(#17195),#17218,.T.);
#17195 = FACE_BOUND('',#17196,.T.);
#17196 = EDGE_LOOP('',(#17197,#17198,#17204,#17205,#17211,#17212));
#17197 = ORIENTED_EDGE('',*,*,#16123,.F.);
#17198 = ORIENTED_EDGE('',*,*,#17199,.T.);
#17199 = EDGE_CURVE('',#16116,#15364,#17200,.T.);
#17200 = LINE('',#17201,#17202);
#17201 = CARTESIAN_POINT('',(-8.000000000001E-02,-29.42093677293,0.93));
#17202 = VECTOR('',#17203,1.);
#17203 = DIRECTION('',(5.378349514229E-16,1.,-9.902996530438E-16));
#17204 = ORIENTED_EDGE('',*,*,#15363,.T.);
#17205 = ORIENTED_EDGE('',*,*,#17206,.T.);
#17206 = EDGE_CURVE('',#15356,#13940,#17207,.T.);
#17207 = LINE('',#17208,#17209);
#17208 = CARTESIAN_POINT('',(0.,-29.42093677293,0.77));
#17209 = VECTOR('',#17210,1.);
#17210 = DIRECTION('',(0.,1.,8.537024980201E-17));
#17211 = ORIENTED_EDGE('',*,*,#13939,.F.);
#17212 = ORIENTED_EDGE('',*,*,#17213,.F.);
#17213 = EDGE_CURVE('',#16124,#13932,#17214,.T.);
#17214 = LINE('',#17215,#17216);
#17215 = CARTESIAN_POINT('',(-0.25,-1.27,1.27));
#17216 = VECTOR('',#17217,1.);
#17217 = DIRECTION('',(-1.28055374703E-16,1.,3.41480999208E-16));
#17218 = PLANE('',#17219);
#17219 = AXIS2_PLACEMENT_3D('',#17220,#17221,#17222);
#17220 = CARTESIAN_POINT('',(-0.25,-29.42093677293,1.27));
#17221 = DIRECTION('',(0.894427191,-3.817873636269E-17,0.4472135955));
#17222 = DIRECTION('',(0.4472135955,-6.162975822039E-33,-0.894427191));
#17223 = ADVANCED_FACE('',(#17224),#17242,.T.);
#17224 = FACE_BOUND('',#17225,.T.);
#17225 = EDGE_LOOP('',(#17226,#17227,#17233,#17234,#17240,#17241));
#17226 = ORIENTED_EDGE('',*,*,#15355,.T.);
#17227 = ORIENTED_EDGE('',*,*,#17228,.T.);
#17228 = EDGE_CURVE('',#15348,#16148,#17229,.T.);
#17229 = LINE('',#17230,#17231);
#17230 = CARTESIAN_POINT('',(8.000000000001E-02,-29.42093677293,0.93));
#17231 = VECTOR('',#17232,1.);
#17232 = DIRECTION('',(5.378349514229E-16,-1.,9.902996530438E-16));
#17233 = ORIENTED_EDGE('',*,*,#16145,.F.);
#17234 = ORIENTED_EDGE('',*,*,#17235,.F.);
#17235 = EDGE_CURVE('',#13948,#16146,#17236,.T.);
#17236 = LINE('',#17237,#17238);
#17237 = CARTESIAN_POINT('',(0.25,-1.27,1.27));
#17238 = VECTOR('',#17239,1.);
#17239 = DIRECTION('',(-1.28055374703E-16,-1.,-3.41480999208E-16));
#17240 = ORIENTED_EDGE('',*,*,#13947,.F.);
#17241 = ORIENTED_EDGE('',*,*,#17206,.F.);
#17242 = PLANE('',#17243);
#17243 = AXIS2_PLACEMENT_3D('',#17244,#17245,#17246);
#17244 = CARTESIAN_POINT('',(0.,-29.42093677293,0.77));
#17245 = DIRECTION('',(-0.894427191,-3.817873636269E-17,0.4472135955));
#17246 = DIRECTION('',(0.4472135955,6.162975822039E-33,0.894427191));
#17247 = ADVANCED_FACE('',(#17248),#17271,.T.);
#17248 = FACE_BOUND('',#17249,.T.);
#17249 = EDGE_LOOP('',(#17250,#17251,#17257,#17258,#17264,#17265));
#17250 = ORIENTED_EDGE('',*,*,#16163,.F.);
#17251 = ORIENTED_EDGE('',*,*,#17252,.T.);
#17252 = EDGE_CURVE('',#16156,#15340,#17253,.T.);
#17253 = LINE('',#17254,#17255);
#17254 = CARTESIAN_POINT('',(2.46,-29.42093677293,0.93));
#17255 = VECTOR('',#17256,1.);
#17256 = DIRECTION('',(5.378349514229E-16,1.,-9.902996530438E-16));
#17257 = ORIENTED_EDGE('',*,*,#15339,.T.);
#17258 = ORIENTED_EDGE('',*,*,#17259,.T.);
#17259 = EDGE_CURVE('',#15332,#13964,#17260,.T.);
#17260 = LINE('',#17261,#17262);
#17261 = CARTESIAN_POINT('',(2.54,-29.42093677293,0.77));
#17262 = VECTOR('',#17263,1.);
#17263 = DIRECTION('',(0.,1.,8.537024980201E-17));
#17264 = ORIENTED_EDGE('',*,*,#13963,.F.);
#17265 = ORIENTED_EDGE('',*,*,#17266,.F.);
#17266 = EDGE_CURVE('',#16164,#13956,#17267,.T.);
#17267 = LINE('',#17268,#17269);
#17268 = CARTESIAN_POINT('',(2.29,-1.27,1.27));
#17269 = VECTOR('',#17270,1.);
#17270 = DIRECTION('',(-1.28055374703E-16,1.,3.41480999208E-16));
#17271 = PLANE('',#17272);
#17272 = AXIS2_PLACEMENT_3D('',#17273,#17274,#17275);
#17273 = CARTESIAN_POINT('',(2.29,-29.42093677293,1.27));
#17274 = DIRECTION('',(0.894427191,-3.817873636269E-17,0.4472135955));
#17275 = DIRECTION('',(0.4472135955,-6.162975822039E-33,-0.894427191));
#17276 = ADVANCED_FACE('',(#17277),#17295,.T.);
#17277 = FACE_BOUND('',#17278,.T.);
#17278 = EDGE_LOOP('',(#17279,#17280,#17286,#17287,#17293,#17294));
#17279 = ORIENTED_EDGE('',*,*,#15331,.T.);
#17280 = ORIENTED_EDGE('',*,*,#17281,.T.);
#17281 = EDGE_CURVE('',#15324,#16188,#17282,.T.);
#17282 = LINE('',#17283,#17284);
#17283 = CARTESIAN_POINT('',(2.62,-29.42093677293,0.93));
#17284 = VECTOR('',#17285,1.);
#17285 = DIRECTION('',(5.378349514229E-16,-1.,9.902996530438E-16));
#17286 = ORIENTED_EDGE('',*,*,#16185,.F.);
#17287 = ORIENTED_EDGE('',*,*,#17288,.F.);
#17288 = EDGE_CURVE('',#13972,#16186,#17289,.T.);
#17289 = LINE('',#17290,#17291);
#17290 = CARTESIAN_POINT('',(2.79,-1.27,1.27));
#17291 = VECTOR('',#17292,1.);
#17292 = DIRECTION('',(-1.28055374703E-16,-1.,-3.41480999208E-16));
#17293 = ORIENTED_EDGE('',*,*,#13971,.F.);
#17294 = ORIENTED_EDGE('',*,*,#17259,.F.);
#17295 = PLANE('',#17296);
#17296 = AXIS2_PLACEMENT_3D('',#17297,#17298,#17299);
#17297 = CARTESIAN_POINT('',(2.54,-29.42093677293,0.77));
#17298 = DIRECTION('',(-0.894427191,-3.817873636269E-17,0.4472135955));
#17299 = DIRECTION('',(0.4472135955,6.162975822039E-33,0.894427191));
#17300 = ADVANCED_FACE('',(#17301),#17324,.T.);
#17301 = FACE_BOUND('',#17302,.T.);
#17302 = EDGE_LOOP('',(#17303,#17304,#17310,#17311,#17317,#17318));
#17303 = ORIENTED_EDGE('',*,*,#16203,.F.);
#17304 = ORIENTED_EDGE('',*,*,#17305,.T.);
#17305 = EDGE_CURVE('',#16196,#15316,#17306,.T.);
#17306 = LINE('',#17307,#17308);
#17307 = CARTESIAN_POINT('',(5.,-29.42093677293,0.93));
#17308 = VECTOR('',#17309,1.);
#17309 = DIRECTION('',(5.378349514229E-16,1.,-9.902996530438E-16));
#17310 = ORIENTED_EDGE('',*,*,#15315,.T.);
#17311 = ORIENTED_EDGE('',*,*,#17312,.T.);
#17312 = EDGE_CURVE('',#15308,#13988,#17313,.T.);
#17313 = LINE('',#17314,#17315);
#17314 = CARTESIAN_POINT('',(5.08,-29.42093677293,0.77));
#17315 = VECTOR('',#17316,1.);
#17316 = DIRECTION('',(0.,1.,8.537024980201E-17));
#17317 = ORIENTED_EDGE('',*,*,#13987,.F.);
#17318 = ORIENTED_EDGE('',*,*,#17319,.F.);
#17319 = EDGE_CURVE('',#16204,#13980,#17320,.T.);
#17320 = LINE('',#17321,#17322);
#17321 = CARTESIAN_POINT('',(4.83,-1.27,1.27));
#17322 = VECTOR('',#17323,1.);
#17323 = DIRECTION('',(-1.28055374703E-16,1.,3.41480999208E-16));
#17324 = PLANE('',#17325);
#17325 = AXIS2_PLACEMENT_3D('',#17326,#17327,#17328);
#17326 = CARTESIAN_POINT('',(4.83,-29.42093677293,1.27));
#17327 = DIRECTION('',(0.894427191,-3.817873636269E-17,0.4472135955));
#17328 = DIRECTION('',(0.4472135955,-6.162975822039E-33,-0.894427191));
#17329 = ADVANCED_FACE('',(#17330),#17348,.T.);
#17330 = FACE_BOUND('',#17331,.T.);
#17331 = EDGE_LOOP('',(#17332,#17333,#17339,#17340,#17346,#17347));
#17332 = ORIENTED_EDGE('',*,*,#15307,.T.);
#17333 = ORIENTED_EDGE('',*,*,#17334,.T.);
#17334 = EDGE_CURVE('',#15300,#16228,#17335,.T.);
#17335 = LINE('',#17336,#17337);
#17336 = CARTESIAN_POINT('',(5.16,-29.42093677293,0.93));
#17337 = VECTOR('',#17338,1.);
#17338 = DIRECTION('',(5.378349514229E-16,-1.,9.902996530438E-16));
#17339 = ORIENTED_EDGE('',*,*,#16225,.F.);
#17340 = ORIENTED_EDGE('',*,*,#17341,.F.);
#17341 = EDGE_CURVE('',#13996,#16226,#17342,.T.);
#17342 = LINE('',#17343,#17344);
#17343 = CARTESIAN_POINT('',(5.33,-1.27,1.27));
#17344 = VECTOR('',#17345,1.);
#17345 = DIRECTION('',(-1.28055374703E-16,-1.,-3.41480999208E-16));
#17346 = ORIENTED_EDGE('',*,*,#13995,.F.);
#17347 = ORIENTED_EDGE('',*,*,#17312,.F.);
#17348 = PLANE('',#17349);
#17349 = AXIS2_PLACEMENT_3D('',#17350,#17351,#17352);
#17350 = CARTESIAN_POINT('',(5.08,-29.42093677293,0.77));
#17351 = DIRECTION('',(-0.894427191,-3.817873636269E-17,0.4472135955));
#17352 = DIRECTION('',(0.4472135955,6.162975822039E-33,0.894427191));
#17353 = ADVANCED_FACE('',(#17354),#17377,.T.);
#17354 = FACE_BOUND('',#17355,.T.);
#17355 = EDGE_LOOP('',(#17356,#17357,#17363,#17364,#17370,#17371));
#17356 = ORIENTED_EDGE('',*,*,#16243,.F.);
#17357 = ORIENTED_EDGE('',*,*,#17358,.T.);
#17358 = EDGE_CURVE('',#16236,#15292,#17359,.T.);
#17359 = LINE('',#17360,#17361);
#17360 = CARTESIAN_POINT('',(7.54,-29.42093677293,0.93));
#17361 = VECTOR('',#17362,1.);
#17362 = DIRECTION('',(5.378349514229E-16,1.,-9.902996530438E-16));
#17363 = ORIENTED_EDGE('',*,*,#15291,.T.);
#17364 = ORIENTED_EDGE('',*,*,#17365,.T.);
#17365 = EDGE_CURVE('',#15284,#14012,#17366,.T.);
#17366 = LINE('',#17367,#17368);
#17367 = CARTESIAN_POINT('',(7.62,-29.42093677293,0.77));
#17368 = VECTOR('',#17369,1.);
#17369 = DIRECTION('',(0.,1.,8.537024980201E-17));
#17370 = ORIENTED_EDGE('',*,*,#14011,.F.);
#17371 = ORIENTED_EDGE('',*,*,#17372,.F.);
#17372 = EDGE_CURVE('',#16244,#14004,#17373,.T.);
#17373 = LINE('',#17374,#17375);
#17374 = CARTESIAN_POINT('',(7.37,-1.27,1.27));
#17375 = VECTOR('',#17376,1.);
#17376 = DIRECTION('',(-1.28055374703E-16,1.,3.41480999208E-16));
#17377 = PLANE('',#17378);
#17378 = AXIS2_PLACEMENT_3D('',#17379,#17380,#17381);
#17379 = CARTESIAN_POINT('',(7.37,-29.42093677293,1.27));
#17380 = DIRECTION('',(0.894427191,-3.817873636269E-17,0.4472135955));
#17381 = DIRECTION('',(0.4472135955,-6.162975822039E-33,-0.894427191));
#17382 = ADVANCED_FACE('',(#17383),#17401,.T.);
#17383 = FACE_BOUND('',#17384,.T.);
#17384 = EDGE_LOOP('',(#17385,#17386,#17392,#17393,#17399,#17400));
#17385 = ORIENTED_EDGE('',*,*,#15283,.T.);
#17386 = ORIENTED_EDGE('',*,*,#17387,.T.);
#17387 = EDGE_CURVE('',#15276,#16268,#17388,.T.);
#17388 = LINE('',#17389,#17390);
#17389 = CARTESIAN_POINT('',(7.7,-29.42093677293,0.93));
#17390 = VECTOR('',#17391,1.);
#17391 = DIRECTION('',(5.378349514229E-16,-1.,9.902996530438E-16));
#17392 = ORIENTED_EDGE('',*,*,#16265,.F.);
#17393 = ORIENTED_EDGE('',*,*,#17394,.F.);
#17394 = EDGE_CURVE('',#14020,#16266,#17395,.T.);
#17395 = LINE('',#17396,#17397);
#17396 = CARTESIAN_POINT('',(7.87,-1.27,1.27));
#17397 = VECTOR('',#17398,1.);
#17398 = DIRECTION('',(-1.28055374703E-16,-1.,-3.41480999208E-16));
#17399 = ORIENTED_EDGE('',*,*,#14019,.F.);
#17400 = ORIENTED_EDGE('',*,*,#17365,.F.);
#17401 = PLANE('',#17402);
#17402 = AXIS2_PLACEMENT_3D('',#17403,#17404,#17405);
#17403 = CARTESIAN_POINT('',(7.62,-29.42093677293,0.77));
#17404 = DIRECTION('',(-0.894427191,-3.817873636269E-17,0.4472135955));
#17405 = DIRECTION('',(0.4472135955,6.162975822039E-33,0.894427191));
#17406 = ADVANCED_FACE('',(#17407),#17430,.T.);
#17407 = FACE_BOUND('',#17408,.T.);
#17408 = EDGE_LOOP('',(#17409,#17410,#17416,#17417,#17423,#17424));
#17409 = ORIENTED_EDGE('',*,*,#16283,.F.);
#17410 = ORIENTED_EDGE('',*,*,#17411,.T.);
#17411 = EDGE_CURVE('',#16276,#15268,#17412,.T.);
#17412 = LINE('',#17413,#17414);
#17413 = CARTESIAN_POINT('',(10.08,-29.42093677293,0.93));
#17414 = VECTOR('',#17415,1.);
#17415 = DIRECTION('',(5.378349514229E-16,1.,-9.902996530438E-16));
#17416 = ORIENTED_EDGE('',*,*,#15267,.T.);
#17417 = ORIENTED_EDGE('',*,*,#17418,.T.);
#17418 = EDGE_CURVE('',#15260,#14036,#17419,.T.);
#17419 = LINE('',#17420,#17421);
#17420 = CARTESIAN_POINT('',(10.16,-29.42093677293,0.77));
#17421 = VECTOR('',#17422,1.);
#17422 = DIRECTION('',(0.,1.,8.537024980201E-17));
#17423 = ORIENTED_EDGE('',*,*,#14035,.F.);
#17424 = ORIENTED_EDGE('',*,*,#17425,.F.);
#17425 = EDGE_CURVE('',#16284,#14028,#17426,.T.);
#17426 = LINE('',#17427,#17428);
#17427 = CARTESIAN_POINT('',(9.91,-1.27,1.27));
#17428 = VECTOR('',#17429,1.);
#17429 = DIRECTION('',(-1.28055374703E-16,1.,3.41480999208E-16));
#17430 = PLANE('',#17431);
#17431 = AXIS2_PLACEMENT_3D('',#17432,#17433,#17434);
#17432 = CARTESIAN_POINT('',(9.91,-29.42093677293,1.27));
#17433 = DIRECTION('',(0.894427191,-3.817873636269E-17,0.4472135955));
#17434 = DIRECTION('',(0.4472135955,-6.162975822039E-33,-0.894427191));
#17435 = ADVANCED_FACE('',(#17436),#17454,.T.);
#17436 = FACE_BOUND('',#17437,.T.);
#17437 = EDGE_LOOP('',(#17438,#17439,#17445,#17446,#17452,#17453));
#17438 = ORIENTED_EDGE('',*,*,#15259,.T.);
#17439 = ORIENTED_EDGE('',*,*,#17440,.T.);
#17440 = EDGE_CURVE('',#15252,#16308,#17441,.T.);
#17441 = LINE('',#17442,#17443);
#17442 = CARTESIAN_POINT('',(10.24,-29.42093677293,0.93));
#17443 = VECTOR('',#17444,1.);
#17444 = DIRECTION('',(5.378349514229E-16,-1.,9.902996530438E-16));
#17445 = ORIENTED_EDGE('',*,*,#16305,.F.);
#17446 = ORIENTED_EDGE('',*,*,#17447,.F.);
#17447 = EDGE_CURVE('',#14044,#16306,#17448,.T.);
#17448 = LINE('',#17449,#17450);
#17449 = CARTESIAN_POINT('',(10.41,-1.27,1.27));
#17450 = VECTOR('',#17451,1.);
#17451 = DIRECTION('',(-1.28055374703E-16,-1.,-3.41480999208E-16));
#17452 = ORIENTED_EDGE('',*,*,#14043,.F.);
#17453 = ORIENTED_EDGE('',*,*,#17418,.F.);
#17454 = PLANE('',#17455);
#17455 = AXIS2_PLACEMENT_3D('',#17456,#17457,#17458);
#17456 = CARTESIAN_POINT('',(10.16,-29.42093677293,0.77));
#17457 = DIRECTION('',(-0.894427191,-3.817873636269E-17,0.4472135955));
#17458 = DIRECTION('',(0.4472135955,6.162975822039E-33,0.894427191));
#17459 = ADVANCED_FACE('',(#17460),#17483,.T.);
#17460 = FACE_BOUND('',#17461,.T.);
#17461 = EDGE_LOOP('',(#17462,#17463,#17469,#17470,#17476,#17477));
#17462 = ORIENTED_EDGE('',*,*,#16323,.F.);
#17463 = ORIENTED_EDGE('',*,*,#17464,.T.);
#17464 = EDGE_CURVE('',#16316,#15244,#17465,.T.);
#17465 = LINE('',#17466,#17467);
#17466 = CARTESIAN_POINT('',(12.62,-29.42093677293,0.93));
#17467 = VECTOR('',#17468,1.);
#17468 = DIRECTION('',(5.378349514229E-16,1.,-9.902996530438E-16));
#17469 = ORIENTED_EDGE('',*,*,#15243,.T.);
#17470 = ORIENTED_EDGE('',*,*,#17471,.T.);
#17471 = EDGE_CURVE('',#15236,#14060,#17472,.T.);
#17472 = LINE('',#17473,#17474);
#17473 = CARTESIAN_POINT('',(12.7,-29.42093677293,0.77));
#17474 = VECTOR('',#17475,1.);
#17475 = DIRECTION('',(0.,1.,8.537024980201E-17));
#17476 = ORIENTED_EDGE('',*,*,#14059,.F.);
#17477 = ORIENTED_EDGE('',*,*,#17478,.F.);
#17478 = EDGE_CURVE('',#16324,#14052,#17479,.T.);
#17479 = LINE('',#17480,#17481);
#17480 = CARTESIAN_POINT('',(12.45,-1.27,1.27));
#17481 = VECTOR('',#17482,1.);
#17482 = DIRECTION('',(-1.28055374703E-16,1.,3.41480999208E-16));
#17483 = PLANE('',#17484);
#17484 = AXIS2_PLACEMENT_3D('',#17485,#17486,#17487);
#17485 = CARTESIAN_POINT('',(12.45,-29.42093677293,1.27));
#17486 = DIRECTION('',(0.894427191,-3.817873636269E-17,0.4472135955));
#17487 = DIRECTION('',(0.4472135955,-6.162975822039E-33,-0.894427191));
#17488 = ADVANCED_FACE('',(#17489),#17507,.T.);
#17489 = FACE_BOUND('',#17490,.T.);
#17490 = EDGE_LOOP('',(#17491,#17492,#17498,#17499,#17505,#17506));
#17491 = ORIENTED_EDGE('',*,*,#15235,.T.);
#17492 = ORIENTED_EDGE('',*,*,#17493,.T.);
#17493 = EDGE_CURVE('',#15228,#16348,#17494,.T.);
#17494 = LINE('',#17495,#17496);
#17495 = CARTESIAN_POINT('',(12.78,-29.42093677293,0.93));
#17496 = VECTOR('',#17497,1.);
#17497 = DIRECTION('',(5.378349514229E-16,-1.,9.902996530438E-16));
#17498 = ORIENTED_EDGE('',*,*,#16345,.F.);
#17499 = ORIENTED_EDGE('',*,*,#17500,.F.);
#17500 = EDGE_CURVE('',#13484,#16346,#17501,.T.);
#17501 = LINE('',#17502,#17503);
#17502 = CARTESIAN_POINT('',(12.95,-1.27,1.27));
#17503 = VECTOR('',#17504,1.);
#17504 = DIRECTION('',(-1.28055374703E-16,-1.,-3.41480999208E-16));
#17505 = ORIENTED_EDGE('',*,*,#14067,.F.);
#17506 = ORIENTED_EDGE('',*,*,#17471,.F.);
#17507 = PLANE('',#17508);
#17508 = AXIS2_PLACEMENT_3D('',#17509,#17510,#17511);
#17509 = CARTESIAN_POINT('',(12.7,-29.42093677293,0.77));
#17510 = DIRECTION('',(-0.894427191,-3.817873636269E-17,0.4472135955));
#17511 = DIRECTION('',(0.4472135955,6.162975822039E-33,0.894427191));
#17512 = ADVANCED_FACE('',(#17513),#17531,.T.);
#17513 = FACE_BOUND('',#17514,.T.);
#17514 = EDGE_LOOP('',(#17515,#17516,#17522,#17523,#17524,#17525));
#17515 = ORIENTED_EDGE('',*,*,#16363,.F.);
#17516 = ORIENTED_EDGE('',*,*,#17517,.T.);
#17517 = EDGE_CURVE('',#16356,#15220,#17518,.T.);
#17518 = LINE('',#17519,#17520);
#17519 = CARTESIAN_POINT('',(15.16,-29.66923237573,0.93));
#17520 = VECTOR('',#17521,1.);
#17521 = DIRECTION('',(5.378349514229E-16,1.,-9.902996530438E-16));
#17522 = ORIENTED_EDGE('',*,*,#15219,.T.);
#17523 = ORIENTED_EDGE('',*,*,#16873,.T.);
#17524 = ORIENTED_EDGE('',*,*,#13491,.F.);
#17525 = ORIENTED_EDGE('',*,*,#17526,.F.);
#17526 = EDGE_CURVE('',#16364,#13482,#17527,.T.);
#17527 = LINE('',#17528,#17529);
#17528 = CARTESIAN_POINT('',(14.99,-29.66923237573,1.27));
#17529 = VECTOR('',#17530,1.);
#17530 = DIRECTION('',(0.,1.,8.537024980201E-17));
#17531 = PLANE('',#17532);
#17532 = AXIS2_PLACEMENT_3D('',#17533,#17534,#17535);
#17533 = CARTESIAN_POINT('',(14.99,-29.66923237573,1.27));
#17534 = DIRECTION('',(0.894427191,-3.817873636269E-17,0.4472135955));
#17535 = DIRECTION('',(0.4472135955,-6.162975822039E-33,-0.894427191));
#17536 = ADVANCED_FACE('',(#17537),#17555,.T.);
#17537 = FACE_BOUND('',#17538,.T.);
#17538 = EDGE_LOOP('',(#17539,#17545,#17546,#17547,#17548,#17554));
#17539 = ORIENTED_EDGE('',*,*,#17540,.T.);
#17540 = EDGE_CURVE('',#16836,#14924,#17541,.T.);
#17541 = LINE('',#17542,#17543);
#17542 = CARTESIAN_POINT('',(-15.16,-29.66923237573,-3.47));
#17543 = VECTOR('',#17544,1.);
#17544 = DIRECTION('',(-5.378349514229E-16,1.,9.902996530438E-16));
#17545 = ORIENTED_EDGE('',*,*,#14923,.T.);
#17546 = ORIENTED_EDGE('',*,*,#16887,.T.);
#17547 = ORIENTED_EDGE('',*,*,#13787,.T.);
#17548 = ORIENTED_EDGE('',*,*,#17549,.F.);
#17549 = EDGE_CURVE('',#16844,#13780,#17550,.T.);
#17550 = LINE('',#17551,#17552);
#17551 = CARTESIAN_POINT('',(-14.99,-29.66923237573,-3.81));
#17552 = VECTOR('',#17553,1.);
#17553 = DIRECTION('',(0.,1.,-8.537024980201E-17));
#17554 = ORIENTED_EDGE('',*,*,#16843,.T.);
#17555 = PLANE('',#17556);
#17556 = AXIS2_PLACEMENT_3D('',#17557,#17558,#17559);
#17557 = CARTESIAN_POINT('',(-15.24,-29.66923237573,-3.31));
#17558 = DIRECTION('',(-0.894427191,-3.817873636269E-17,-0.4472135955));
#17559 = DIRECTION('',(0.4472135955,6.162975822039E-33,-0.894427191));
#17560 = ADVANCED_FACE('',(#17561),#17584,.T.);
#17561 = FACE_BOUND('',#17562,.T.);
#17562 = EDGE_LOOP('',(#17563,#17569,#17570,#17576,#17577,#17583));
#17563 = ORIENTED_EDGE('',*,*,#17564,.F.);
#17564 = EDGE_CURVE('',#14940,#13764,#17565,.T.);
#17565 = LINE('',#17566,#17567);
#17566 = CARTESIAN_POINT('',(-12.7,-29.42093677293,-3.31));
#17567 = VECTOR('',#17568,1.);
#17568 = DIRECTION('',(0.,1.,-8.537024980201E-17));
#17569 = ORIENTED_EDGE('',*,*,#14939,.T.);
#17570 = ORIENTED_EDGE('',*,*,#17571,.T.);
#17571 = EDGE_CURVE('',#14932,#16826,#17572,.T.);
#17572 = LINE('',#17573,#17574);
#17573 = CARTESIAN_POINT('',(-12.78,-29.42093677293,-3.47));
#17574 = VECTOR('',#17575,1.);
#17575 = DIRECTION('',(-5.378349514229E-16,-1.,-9.902996530438E-16));
#17576 = ORIENTED_EDGE('',*,*,#16825,.T.);
#17577 = ORIENTED_EDGE('',*,*,#17578,.T.);
#17578 = EDGE_CURVE('',#16828,#13772,#17579,.T.);
#17579 = LINE('',#17580,#17581);
#17580 = CARTESIAN_POINT('',(-12.95,-1.27,-3.81));
#17581 = VECTOR('',#17582,1.);
#17582 = DIRECTION('',(-1.28055374703E-16,1.,-3.41480999208E-16));
#17583 = ORIENTED_EDGE('',*,*,#13771,.T.);
#17584 = PLANE('',#17585);
#17585 = AXIS2_PLACEMENT_3D('',#17586,#17587,#17588);
#17586 = CARTESIAN_POINT('',(-12.95,-29.42093677293,-3.81));
#17587 = DIRECTION('',(0.894427191,-3.817873636269E-17,-0.4472135955));
#17588 = DIRECTION('',(0.4472135955,-6.162975822039E-33,0.894427191));
#17589 = ADVANCED_FACE('',(#17590),#17608,.T.);
#17590 = FACE_BOUND('',#17591,.T.);
#17591 = EDGE_LOOP('',(#17592,#17598,#17599,#17600,#17601,#17607));
#17592 = ORIENTED_EDGE('',*,*,#17593,.T.);
#17593 = EDGE_CURVE('',#16796,#14948,#17594,.T.);
#17594 = LINE('',#17595,#17596);
#17595 = CARTESIAN_POINT('',(-12.62,-29.42093677293,-3.47));
#17596 = VECTOR('',#17597,1.);
#17597 = DIRECTION('',(-5.378349514229E-16,1.,9.902996530438E-16));
#17598 = ORIENTED_EDGE('',*,*,#14947,.T.);
#17599 = ORIENTED_EDGE('',*,*,#17564,.T.);
#17600 = ORIENTED_EDGE('',*,*,#13763,.T.);
#17601 = ORIENTED_EDGE('',*,*,#17602,.T.);
#17602 = EDGE_CURVE('',#13756,#16804,#17603,.T.);
#17603 = LINE('',#17604,#17605);
#17604 = CARTESIAN_POINT('',(-12.45,-1.27,-3.81));
#17605 = VECTOR('',#17606,1.);
#17606 = DIRECTION('',(-1.28055374703E-16,-1.,3.41480999208E-16));
#17607 = ORIENTED_EDGE('',*,*,#16803,.T.);
#17608 = PLANE('',#17609);
#17609 = AXIS2_PLACEMENT_3D('',#17610,#17611,#17612);
#17610 = CARTESIAN_POINT('',(-12.7,-29.42093677293,-3.31));
#17611 = DIRECTION('',(-0.894427191,-3.817873636269E-17,-0.4472135955));
#17612 = DIRECTION('',(0.4472135955,6.162975822039E-33,-0.894427191));
#17613 = ADVANCED_FACE('',(#17614),#17637,.T.);
#17614 = FACE_BOUND('',#17615,.T.);
#17615 = EDGE_LOOP('',(#17616,#17622,#17623,#17629,#17630,#17636));
#17616 = ORIENTED_EDGE('',*,*,#17617,.F.);
#17617 = EDGE_CURVE('',#14964,#13740,#17618,.T.);
#17618 = LINE('',#17619,#17620);
#17619 = CARTESIAN_POINT('',(-10.16,-29.42093677293,-3.31));
#17620 = VECTOR('',#17621,1.);
#17621 = DIRECTION('',(0.,1.,-8.537024980201E-17));
#17622 = ORIENTED_EDGE('',*,*,#14963,.T.);
#17623 = ORIENTED_EDGE('',*,*,#17624,.T.);
#17624 = EDGE_CURVE('',#14956,#16786,#17625,.T.);
#17625 = LINE('',#17626,#17627);
#17626 = CARTESIAN_POINT('',(-10.24,-29.42093677293,-3.47));
#17627 = VECTOR('',#17628,1.);
#17628 = DIRECTION('',(-5.378349514229E-16,-1.,-9.902996530438E-16));
#17629 = ORIENTED_EDGE('',*,*,#16785,.T.);
#17630 = ORIENTED_EDGE('',*,*,#17631,.T.);
#17631 = EDGE_CURVE('',#16788,#13748,#17632,.T.);
#17632 = LINE('',#17633,#17634);
#17633 = CARTESIAN_POINT('',(-10.41,-1.27,-3.81));
#17634 = VECTOR('',#17635,1.);
#17635 = DIRECTION('',(-1.28055374703E-16,1.,-3.41480999208E-16));
#17636 = ORIENTED_EDGE('',*,*,#13747,.T.);
#17637 = PLANE('',#17638);
#17638 = AXIS2_PLACEMENT_3D('',#17639,#17640,#17641);
#17639 = CARTESIAN_POINT('',(-10.41,-29.42093677293,-3.81));
#17640 = DIRECTION('',(0.894427191,-3.817873636269E-17,-0.4472135955));
#17641 = DIRECTION('',(0.4472135955,-6.162975822039E-33,0.894427191));
#17642 = ADVANCED_FACE('',(#17643),#17661,.T.);
#17643 = FACE_BOUND('',#17644,.T.);
#17644 = EDGE_LOOP('',(#17645,#17651,#17652,#17653,#17654,#17660));
#17645 = ORIENTED_EDGE('',*,*,#17646,.T.);
#17646 = EDGE_CURVE('',#16756,#14972,#17647,.T.);
#17647 = LINE('',#17648,#17649);
#17648 = CARTESIAN_POINT('',(-10.08,-29.42093677293,-3.47));
#17649 = VECTOR('',#17650,1.);
#17650 = DIRECTION('',(-5.378349514229E-16,1.,9.902996530438E-16));
#17651 = ORIENTED_EDGE('',*,*,#14971,.T.);
#17652 = ORIENTED_EDGE('',*,*,#17617,.T.);
#17653 = ORIENTED_EDGE('',*,*,#13739,.T.);
#17654 = ORIENTED_EDGE('',*,*,#17655,.T.);
#17655 = EDGE_CURVE('',#13732,#16764,#17656,.T.);
#17656 = LINE('',#17657,#17658);
#17657 = CARTESIAN_POINT('',(-9.91,-1.27,-3.81));
#17658 = VECTOR('',#17659,1.);
#17659 = DIRECTION('',(-1.28055374703E-16,-1.,3.41480999208E-16));
#17660 = ORIENTED_EDGE('',*,*,#16763,.T.);
#17661 = PLANE('',#17662);
#17662 = AXIS2_PLACEMENT_3D('',#17663,#17664,#17665);
#17663 = CARTESIAN_POINT('',(-10.16,-29.42093677293,-3.31));
#17664 = DIRECTION('',(-0.894427191,-3.817873636269E-17,-0.4472135955));
#17665 = DIRECTION('',(0.4472135955,6.162975822039E-33,-0.894427191));
#17666 = ADVANCED_FACE('',(#17667),#17690,.T.);
#17667 = FACE_BOUND('',#17668,.T.);
#17668 = EDGE_LOOP('',(#17669,#17675,#17676,#17682,#17683,#17689));
#17669 = ORIENTED_EDGE('',*,*,#17670,.F.);
#17670 = EDGE_CURVE('',#14988,#13716,#17671,.T.);
#17671 = LINE('',#17672,#17673);
#17672 = CARTESIAN_POINT('',(-7.62,-29.42093677293,-3.31));
#17673 = VECTOR('',#17674,1.);
#17674 = DIRECTION('',(0.,1.,-8.537024980201E-17));
#17675 = ORIENTED_EDGE('',*,*,#14987,.T.);
#17676 = ORIENTED_EDGE('',*,*,#17677,.T.);
#17677 = EDGE_CURVE('',#14980,#16746,#17678,.T.);
#17678 = LINE('',#17679,#17680);
#17679 = CARTESIAN_POINT('',(-7.7,-29.42093677293,-3.47));
#17680 = VECTOR('',#17681,1.);
#17681 = DIRECTION('',(-5.378349514229E-16,-1.,-9.902996530438E-16));
#17682 = ORIENTED_EDGE('',*,*,#16745,.T.);
#17683 = ORIENTED_EDGE('',*,*,#17684,.T.);
#17684 = EDGE_CURVE('',#16748,#13724,#17685,.T.);
#17685 = LINE('',#17686,#17687);
#17686 = CARTESIAN_POINT('',(-7.87,-1.27,-3.81));
#17687 = VECTOR('',#17688,1.);
#17688 = DIRECTION('',(-1.28055374703E-16,1.,-3.41480999208E-16));
#17689 = ORIENTED_EDGE('',*,*,#13723,.T.);
#17690 = PLANE('',#17691);
#17691 = AXIS2_PLACEMENT_3D('',#17692,#17693,#17694);
#17692 = CARTESIAN_POINT('',(-7.87,-29.42093677293,-3.81));
#17693 = DIRECTION('',(0.894427191,-3.817873636269E-17,-0.4472135955));
#17694 = DIRECTION('',(0.4472135955,-6.162975822039E-33,0.894427191));
#17695 = ADVANCED_FACE('',(#17696),#17714,.T.);
#17696 = FACE_BOUND('',#17697,.T.);
#17697 = EDGE_LOOP('',(#17698,#17704,#17705,#17706,#17707,#17713));
#17698 = ORIENTED_EDGE('',*,*,#17699,.T.);
#17699 = EDGE_CURVE('',#16716,#14996,#17700,.T.);
#17700 = LINE('',#17701,#17702);
#17701 = CARTESIAN_POINT('',(-7.54,-29.42093677293,-3.47));
#17702 = VECTOR('',#17703,1.);
#17703 = DIRECTION('',(-5.378349514229E-16,1.,9.902996530438E-16));
#17704 = ORIENTED_EDGE('',*,*,#14995,.T.);
#17705 = ORIENTED_EDGE('',*,*,#17670,.T.);
#17706 = ORIENTED_EDGE('',*,*,#13715,.T.);
#17707 = ORIENTED_EDGE('',*,*,#17708,.T.);
#17708 = EDGE_CURVE('',#13708,#16724,#17709,.T.);
#17709 = LINE('',#17710,#17711);
#17710 = CARTESIAN_POINT('',(-7.37,-1.27,-3.81));
#17711 = VECTOR('',#17712,1.);
#17712 = DIRECTION('',(-1.28055374703E-16,-1.,3.41480999208E-16));
#17713 = ORIENTED_EDGE('',*,*,#16723,.T.);
#17714 = PLANE('',#17715);
#17715 = AXIS2_PLACEMENT_3D('',#17716,#17717,#17718);
#17716 = CARTESIAN_POINT('',(-7.62,-29.42093677293,-3.31));
#17717 = DIRECTION('',(-0.894427191,-3.817873636269E-17,-0.4472135955));
#17718 = DIRECTION('',(0.4472135955,6.162975822039E-33,-0.894427191));
#17719 = ADVANCED_FACE('',(#17720),#17743,.T.);
#17720 = FACE_BOUND('',#17721,.T.);
#17721 = EDGE_LOOP('',(#17722,#17728,#17729,#17735,#17736,#17742));
#17722 = ORIENTED_EDGE('',*,*,#17723,.F.);
#17723 = EDGE_CURVE('',#15012,#13692,#17724,.T.);
#17724 = LINE('',#17725,#17726);
#17725 = CARTESIAN_POINT('',(-5.08,-29.42093677293,-3.31));
#17726 = VECTOR('',#17727,1.);
#17727 = DIRECTION('',(0.,1.,-8.537024980201E-17));
#17728 = ORIENTED_EDGE('',*,*,#15011,.T.);
#17729 = ORIENTED_EDGE('',*,*,#17730,.T.);
#17730 = EDGE_CURVE('',#15004,#16706,#17731,.T.);
#17731 = LINE('',#17732,#17733);
#17732 = CARTESIAN_POINT('',(-5.16,-29.42093677293,-3.47));
#17733 = VECTOR('',#17734,1.);
#17734 = DIRECTION('',(-5.378349514229E-16,-1.,-9.902996530438E-16));
#17735 = ORIENTED_EDGE('',*,*,#16705,.T.);
#17736 = ORIENTED_EDGE('',*,*,#17737,.T.);
#17737 = EDGE_CURVE('',#16708,#13700,#17738,.T.);
#17738 = LINE('',#17739,#17740);
#17739 = CARTESIAN_POINT('',(-5.33,-1.27,-3.81));
#17740 = VECTOR('',#17741,1.);
#17741 = DIRECTION('',(-1.28055374703E-16,1.,-3.41480999208E-16));
#17742 = ORIENTED_EDGE('',*,*,#13699,.T.);
#17743 = PLANE('',#17744);
#17744 = AXIS2_PLACEMENT_3D('',#17745,#17746,#17747);
#17745 = CARTESIAN_POINT('',(-5.33,-29.42093677293,-3.81));
#17746 = DIRECTION('',(0.894427191,-3.817873636269E-17,-0.4472135955));
#17747 = DIRECTION('',(0.4472135955,-6.162975822039E-33,0.894427191));
#17748 = ADVANCED_FACE('',(#17749),#17767,.T.);
#17749 = FACE_BOUND('',#17750,.T.);
#17750 = EDGE_LOOP('',(#17751,#17757,#17758,#17759,#17760,#17766));
#17751 = ORIENTED_EDGE('',*,*,#17752,.T.);
#17752 = EDGE_CURVE('',#16676,#15020,#17753,.T.);
#17753 = LINE('',#17754,#17755);
#17754 = CARTESIAN_POINT('',(-5.,-29.42093677293,-3.47));
#17755 = VECTOR('',#17756,1.);
#17756 = DIRECTION('',(-5.378349514229E-16,1.,9.902996530438E-16));
#17757 = ORIENTED_EDGE('',*,*,#15019,.T.);
#17758 = ORIENTED_EDGE('',*,*,#17723,.T.);
#17759 = ORIENTED_EDGE('',*,*,#13691,.T.);
#17760 = ORIENTED_EDGE('',*,*,#17761,.T.);
#17761 = EDGE_CURVE('',#13684,#16684,#17762,.T.);
#17762 = LINE('',#17763,#17764);
#17763 = CARTESIAN_POINT('',(-4.83,-1.27,-3.81));
#17764 = VECTOR('',#17765,1.);
#17765 = DIRECTION('',(-1.28055374703E-16,-1.,3.41480999208E-16));
#17766 = ORIENTED_EDGE('',*,*,#16683,.T.);
#17767 = PLANE('',#17768);
#17768 = AXIS2_PLACEMENT_3D('',#17769,#17770,#17771);
#17769 = CARTESIAN_POINT('',(-5.08,-29.42093677293,-3.31));
#17770 = DIRECTION('',(-0.894427191,-3.817873636269E-17,-0.4472135955));
#17771 = DIRECTION('',(0.4472135955,6.162975822039E-33,-0.894427191));
#17772 = ADVANCED_FACE('',(#17773),#17796,.T.);
#17773 = FACE_BOUND('',#17774,.T.);
#17774 = EDGE_LOOP('',(#17775,#17781,#17782,#17788,#17789,#17795));
#17775 = ORIENTED_EDGE('',*,*,#17776,.F.);
#17776 = EDGE_CURVE('',#15036,#13668,#17777,.T.);
#17777 = LINE('',#17778,#17779);
#17778 = CARTESIAN_POINT('',(-2.54,-29.42093677293,-3.31));
#17779 = VECTOR('',#17780,1.);
#17780 = DIRECTION('',(0.,1.,-8.537024980201E-17));
#17781 = ORIENTED_EDGE('',*,*,#15035,.T.);
#17782 = ORIENTED_EDGE('',*,*,#17783,.T.);
#17783 = EDGE_CURVE('',#15028,#16666,#17784,.T.);
#17784 = LINE('',#17785,#17786);
#17785 = CARTESIAN_POINT('',(-2.62,-29.42093677293,-3.47));
#17786 = VECTOR('',#17787,1.);
#17787 = DIRECTION('',(-5.378349514229E-16,-1.,-9.902996530438E-16));
#17788 = ORIENTED_EDGE('',*,*,#16665,.T.);
#17789 = ORIENTED_EDGE('',*,*,#17790,.T.);
#17790 = EDGE_CURVE('',#16668,#13676,#17791,.T.);
#17791 = LINE('',#17792,#17793);
#17792 = CARTESIAN_POINT('',(-2.79,-1.27,-3.81));
#17793 = VECTOR('',#17794,1.);
#17794 = DIRECTION('',(-1.28055374703E-16,1.,-3.41480999208E-16));
#17795 = ORIENTED_EDGE('',*,*,#13675,.T.);
#17796 = PLANE('',#17797);
#17797 = AXIS2_PLACEMENT_3D('',#17798,#17799,#17800);
#17798 = CARTESIAN_POINT('',(-2.79,-29.42093677293,-3.81));
#17799 = DIRECTION('',(0.894427191,-3.817873636269E-17,-0.4472135955));
#17800 = DIRECTION('',(0.4472135955,-6.162975822039E-33,0.894427191));
#17801 = ADVANCED_FACE('',(#17802),#17820,.T.);
#17802 = FACE_BOUND('',#17803,.T.);
#17803 = EDGE_LOOP('',(#17804,#17810,#17811,#17812,#17813,#17819));
#17804 = ORIENTED_EDGE('',*,*,#17805,.T.);
#17805 = EDGE_CURVE('',#16636,#15044,#17806,.T.);
#17806 = LINE('',#17807,#17808);
#17807 = CARTESIAN_POINT('',(-2.46,-29.42093677293,-3.47));
#17808 = VECTOR('',#17809,1.);
#17809 = DIRECTION('',(-5.378349514229E-16,1.,9.902996530438E-16));
#17810 = ORIENTED_EDGE('',*,*,#15043,.T.);
#17811 = ORIENTED_EDGE('',*,*,#17776,.T.);
#17812 = ORIENTED_EDGE('',*,*,#13667,.T.);
#17813 = ORIENTED_EDGE('',*,*,#17814,.T.);
#17814 = EDGE_CURVE('',#13660,#16644,#17815,.T.);
#17815 = LINE('',#17816,#17817);
#17816 = CARTESIAN_POINT('',(-2.29,-1.27,-3.81));
#17817 = VECTOR('',#17818,1.);
#17818 = DIRECTION('',(-1.28055374703E-16,-1.,3.41480999208E-16));
#17819 = ORIENTED_EDGE('',*,*,#16643,.T.);
#17820 = PLANE('',#17821);
#17821 = AXIS2_PLACEMENT_3D('',#17822,#17823,#17824);
#17822 = CARTESIAN_POINT('',(-2.54,-29.42093677293,-3.31));
#17823 = DIRECTION('',(-0.894427191,-3.817873636269E-17,-0.4472135955));
#17824 = DIRECTION('',(0.4472135955,6.162975822039E-33,-0.894427191));
#17825 = ADVANCED_FACE('',(#17826),#17849,.T.);
#17826 = FACE_BOUND('',#17827,.T.);
#17827 = EDGE_LOOP('',(#17828,#17834,#17835,#17841,#17842,#17848));
#17828 = ORIENTED_EDGE('',*,*,#17829,.F.);
#17829 = EDGE_CURVE('',#15060,#13644,#17830,.T.);
#17830 = LINE('',#17831,#17832);
#17831 = CARTESIAN_POINT('',(0.,-29.42093677293,-3.31));
#17832 = VECTOR('',#17833,1.);
#17833 = DIRECTION('',(0.,1.,-8.537024980201E-17));
#17834 = ORIENTED_EDGE('',*,*,#15059,.T.);
#17835 = ORIENTED_EDGE('',*,*,#17836,.T.);
#17836 = EDGE_CURVE('',#15052,#16626,#17837,.T.);
#17837 = LINE('',#17838,#17839);
#17838 = CARTESIAN_POINT('',(-8.000000000001E-02,-29.42093677293,-3.47)
  );
#17839 = VECTOR('',#17840,1.);
#17840 = DIRECTION('',(-5.378349514229E-16,-1.,-9.902996530438E-16));
#17841 = ORIENTED_EDGE('',*,*,#16625,.T.);
#17842 = ORIENTED_EDGE('',*,*,#17843,.T.);
#17843 = EDGE_CURVE('',#16628,#13652,#17844,.T.);
#17844 = LINE('',#17845,#17846);
#17845 = CARTESIAN_POINT('',(-0.25,-1.27,-3.81));
#17846 = VECTOR('',#17847,1.);
#17847 = DIRECTION('',(-1.28055374703E-16,1.,-3.41480999208E-16));
#17848 = ORIENTED_EDGE('',*,*,#13651,.T.);
#17849 = PLANE('',#17850);
#17850 = AXIS2_PLACEMENT_3D('',#17851,#17852,#17853);
#17851 = CARTESIAN_POINT('',(-0.25,-29.42093677293,-3.81));
#17852 = DIRECTION('',(0.894427191,-3.817873636269E-17,-0.4472135955));
#17853 = DIRECTION('',(0.4472135955,-6.162975822039E-33,0.894427191));
#17854 = ADVANCED_FACE('',(#17855),#17873,.T.);
#17855 = FACE_BOUND('',#17856,.T.);
#17856 = EDGE_LOOP('',(#17857,#17863,#17864,#17865,#17866,#17872));
#17857 = ORIENTED_EDGE('',*,*,#17858,.T.);
#17858 = EDGE_CURVE('',#16596,#15068,#17859,.T.);
#17859 = LINE('',#17860,#17861);
#17860 = CARTESIAN_POINT('',(8.000000000001E-02,-29.42093677293,-3.47));
#17861 = VECTOR('',#17862,1.);
#17862 = DIRECTION('',(-5.378349514229E-16,1.,9.902996530438E-16));
#17863 = ORIENTED_EDGE('',*,*,#15067,.T.);
#17864 = ORIENTED_EDGE('',*,*,#17829,.T.);
#17865 = ORIENTED_EDGE('',*,*,#13643,.T.);
#17866 = ORIENTED_EDGE('',*,*,#17867,.T.);
#17867 = EDGE_CURVE('',#13636,#16604,#17868,.T.);
#17868 = LINE('',#17869,#17870);
#17869 = CARTESIAN_POINT('',(0.25,-1.27,-3.81));
#17870 = VECTOR('',#17871,1.);
#17871 = DIRECTION('',(-1.28055374703E-16,-1.,3.41480999208E-16));
#17872 = ORIENTED_EDGE('',*,*,#16603,.T.);
#17873 = PLANE('',#17874);
#17874 = AXIS2_PLACEMENT_3D('',#17875,#17876,#17877);
#17875 = CARTESIAN_POINT('',(0.,-29.42093677293,-3.31));
#17876 = DIRECTION('',(-0.894427191,-3.817873636269E-17,-0.4472135955));
#17877 = DIRECTION('',(0.4472135955,6.162975822039E-33,-0.894427191));
#17878 = ADVANCED_FACE('',(#17879),#17902,.T.);
#17879 = FACE_BOUND('',#17880,.T.);
#17880 = EDGE_LOOP('',(#17881,#17887,#17888,#17894,#17895,#17901));
#17881 = ORIENTED_EDGE('',*,*,#17882,.F.);
#17882 = EDGE_CURVE('',#15084,#13620,#17883,.T.);
#17883 = LINE('',#17884,#17885);
#17884 = CARTESIAN_POINT('',(2.54,-29.42093677293,-3.31));
#17885 = VECTOR('',#17886,1.);
#17886 = DIRECTION('',(0.,1.,-8.537024980201E-17));
#17887 = ORIENTED_EDGE('',*,*,#15083,.T.);
#17888 = ORIENTED_EDGE('',*,*,#17889,.T.);
#17889 = EDGE_CURVE('',#15076,#16586,#17890,.T.);
#17890 = LINE('',#17891,#17892);
#17891 = CARTESIAN_POINT('',(2.46,-29.42093677293,-3.47));
#17892 = VECTOR('',#17893,1.);
#17893 = DIRECTION('',(-5.378349514229E-16,-1.,-9.902996530438E-16));
#17894 = ORIENTED_EDGE('',*,*,#16585,.T.);
#17895 = ORIENTED_EDGE('',*,*,#17896,.T.);
#17896 = EDGE_CURVE('',#16588,#13628,#17897,.T.);
#17897 = LINE('',#17898,#17899);
#17898 = CARTESIAN_POINT('',(2.29,-1.27,-3.81));
#17899 = VECTOR('',#17900,1.);
#17900 = DIRECTION('',(-1.28055374703E-16,1.,-3.41480999208E-16));
#17901 = ORIENTED_EDGE('',*,*,#13627,.T.);
#17902 = PLANE('',#17903);
#17903 = AXIS2_PLACEMENT_3D('',#17904,#17905,#17906);
#17904 = CARTESIAN_POINT('',(2.29,-29.42093677293,-3.81));
#17905 = DIRECTION('',(0.894427191,-3.817873636269E-17,-0.4472135955));
#17906 = DIRECTION('',(0.4472135955,-6.162975822039E-33,0.894427191));
#17907 = ADVANCED_FACE('',(#17908),#17926,.T.);
#17908 = FACE_BOUND('',#17909,.T.);
#17909 = EDGE_LOOP('',(#17910,#17916,#17917,#17918,#17919,#17925));
#17910 = ORIENTED_EDGE('',*,*,#17911,.T.);
#17911 = EDGE_CURVE('',#16556,#15092,#17912,.T.);
#17912 = LINE('',#17913,#17914);
#17913 = CARTESIAN_POINT('',(2.62,-29.42093677293,-3.47));
#17914 = VECTOR('',#17915,1.);
#17915 = DIRECTION('',(-5.378349514229E-16,1.,9.902996530438E-16));
#17916 = ORIENTED_EDGE('',*,*,#15091,.T.);
#17917 = ORIENTED_EDGE('',*,*,#17882,.T.);
#17918 = ORIENTED_EDGE('',*,*,#13619,.T.);
#17919 = ORIENTED_EDGE('',*,*,#17920,.T.);
#17920 = EDGE_CURVE('',#13612,#16564,#17921,.T.);
#17921 = LINE('',#17922,#17923);
#17922 = CARTESIAN_POINT('',(2.79,-1.27,-3.81));
#17923 = VECTOR('',#17924,1.);
#17924 = DIRECTION('',(-1.28055374703E-16,-1.,3.41480999208E-16));
#17925 = ORIENTED_EDGE('',*,*,#16563,.T.);
#17926 = PLANE('',#17927);
#17927 = AXIS2_PLACEMENT_3D('',#17928,#17929,#17930);
#17928 = CARTESIAN_POINT('',(2.54,-29.42093677293,-3.31));
#17929 = DIRECTION('',(-0.894427191,-3.817873636269E-17,-0.4472135955));
#17930 = DIRECTION('',(0.4472135955,6.162975822039E-33,-0.894427191));
#17931 = ADVANCED_FACE('',(#17932),#17955,.T.);
#17932 = FACE_BOUND('',#17933,.T.);
#17933 = EDGE_LOOP('',(#17934,#17940,#17941,#17947,#17948,#17954));
#17934 = ORIENTED_EDGE('',*,*,#17935,.F.);
#17935 = EDGE_CURVE('',#15108,#13596,#17936,.T.);
#17936 = LINE('',#17937,#17938);
#17937 = CARTESIAN_POINT('',(5.08,-29.42093677293,-3.31));
#17938 = VECTOR('',#17939,1.);
#17939 = DIRECTION('',(0.,1.,-8.537024980201E-17));
#17940 = ORIENTED_EDGE('',*,*,#15107,.T.);
#17941 = ORIENTED_EDGE('',*,*,#17942,.T.);
#17942 = EDGE_CURVE('',#15100,#16546,#17943,.T.);
#17943 = LINE('',#17944,#17945);
#17944 = CARTESIAN_POINT('',(5.,-29.42093677293,-3.47));
#17945 = VECTOR('',#17946,1.);
#17946 = DIRECTION('',(-5.378349514229E-16,-1.,-9.902996530438E-16));
#17947 = ORIENTED_EDGE('',*,*,#16545,.T.);
#17948 = ORIENTED_EDGE('',*,*,#17949,.T.);
#17949 = EDGE_CURVE('',#16548,#13604,#17950,.T.);
#17950 = LINE('',#17951,#17952);
#17951 = CARTESIAN_POINT('',(4.83,-1.27,-3.81));
#17952 = VECTOR('',#17953,1.);
#17953 = DIRECTION('',(-1.28055374703E-16,1.,-3.41480999208E-16));
#17954 = ORIENTED_EDGE('',*,*,#13603,.T.);
#17955 = PLANE('',#17956);
#17956 = AXIS2_PLACEMENT_3D('',#17957,#17958,#17959);
#17957 = CARTESIAN_POINT('',(4.83,-29.42093677293,-3.81));
#17958 = DIRECTION('',(0.894427191,-3.817873636269E-17,-0.4472135955));
#17959 = DIRECTION('',(0.4472135955,-6.162975822039E-33,0.894427191));
#17960 = ADVANCED_FACE('',(#17961),#17979,.T.);
#17961 = FACE_BOUND('',#17962,.T.);
#17962 = EDGE_LOOP('',(#17963,#17969,#17970,#17971,#17972,#17978));
#17963 = ORIENTED_EDGE('',*,*,#17964,.T.);
#17964 = EDGE_CURVE('',#16516,#15116,#17965,.T.);
#17965 = LINE('',#17966,#17967);
#17966 = CARTESIAN_POINT('',(5.16,-29.42093677293,-3.47));
#17967 = VECTOR('',#17968,1.);
#17968 = DIRECTION('',(-5.378349514229E-16,1.,9.902996530438E-16));
#17969 = ORIENTED_EDGE('',*,*,#15115,.T.);
#17970 = ORIENTED_EDGE('',*,*,#17935,.T.);
#17971 = ORIENTED_EDGE('',*,*,#13595,.T.);
#17972 = ORIENTED_EDGE('',*,*,#17973,.T.);
#17973 = EDGE_CURVE('',#13588,#16524,#17974,.T.);
#17974 = LINE('',#17975,#17976);
#17975 = CARTESIAN_POINT('',(5.33,-1.27,-3.81));
#17976 = VECTOR('',#17977,1.);
#17977 = DIRECTION('',(-1.28055374703E-16,-1.,3.41480999208E-16));
#17978 = ORIENTED_EDGE('',*,*,#16523,.T.);
#17979 = PLANE('',#17980);
#17980 = AXIS2_PLACEMENT_3D('',#17981,#17982,#17983);
#17981 = CARTESIAN_POINT('',(5.08,-29.42093677293,-3.31));
#17982 = DIRECTION('',(-0.894427191,-3.817873636269E-17,-0.4472135955));
#17983 = DIRECTION('',(0.4472135955,6.162975822039E-33,-0.894427191));
#17984 = ADVANCED_FACE('',(#17985),#18008,.T.);
#17985 = FACE_BOUND('',#17986,.T.);
#17986 = EDGE_LOOP('',(#17987,#17993,#17994,#18000,#18001,#18007));
#17987 = ORIENTED_EDGE('',*,*,#17988,.F.);
#17988 = EDGE_CURVE('',#15132,#13572,#17989,.T.);
#17989 = LINE('',#17990,#17991);
#17990 = CARTESIAN_POINT('',(7.62,-29.42093677293,-3.31));
#17991 = VECTOR('',#17992,1.);
#17992 = DIRECTION('',(0.,1.,-8.537024980201E-17));
#17993 = ORIENTED_EDGE('',*,*,#15131,.T.);
#17994 = ORIENTED_EDGE('',*,*,#17995,.T.);
#17995 = EDGE_CURVE('',#15124,#16506,#17996,.T.);
#17996 = LINE('',#17997,#17998);
#17997 = CARTESIAN_POINT('',(7.54,-29.42093677293,-3.47));
#17998 = VECTOR('',#17999,1.);
#17999 = DIRECTION('',(-5.378349514229E-16,-1.,-9.902996530438E-16));
#18000 = ORIENTED_EDGE('',*,*,#16505,.T.);
#18001 = ORIENTED_EDGE('',*,*,#18002,.T.);
#18002 = EDGE_CURVE('',#16508,#13580,#18003,.T.);
#18003 = LINE('',#18004,#18005);
#18004 = CARTESIAN_POINT('',(7.37,-1.27,-3.81));
#18005 = VECTOR('',#18006,1.);
#18006 = DIRECTION('',(-1.28055374703E-16,1.,-3.41480999208E-16));
#18007 = ORIENTED_EDGE('',*,*,#13579,.T.);
#18008 = PLANE('',#18009);
#18009 = AXIS2_PLACEMENT_3D('',#18010,#18011,#18012);
#18010 = CARTESIAN_POINT('',(7.37,-29.42093677293,-3.81));
#18011 = DIRECTION('',(0.894427191,-3.817873636269E-17,-0.4472135955));
#18012 = DIRECTION('',(0.4472135955,-6.162975822039E-33,0.894427191));
#18013 = ADVANCED_FACE('',(#18014),#18032,.T.);
#18014 = FACE_BOUND('',#18015,.T.);
#18015 = EDGE_LOOP('',(#18016,#18022,#18023,#18024,#18025,#18031));
#18016 = ORIENTED_EDGE('',*,*,#18017,.T.);
#18017 = EDGE_CURVE('',#16476,#15140,#18018,.T.);
#18018 = LINE('',#18019,#18020);
#18019 = CARTESIAN_POINT('',(7.7,-29.42093677293,-3.47));
#18020 = VECTOR('',#18021,1.);
#18021 = DIRECTION('',(-5.378349514229E-16,1.,9.902996530438E-16));
#18022 = ORIENTED_EDGE('',*,*,#15139,.T.);
#18023 = ORIENTED_EDGE('',*,*,#17988,.T.);
#18024 = ORIENTED_EDGE('',*,*,#13571,.T.);
#18025 = ORIENTED_EDGE('',*,*,#18026,.T.);
#18026 = EDGE_CURVE('',#13564,#16484,#18027,.T.);
#18027 = LINE('',#18028,#18029);
#18028 = CARTESIAN_POINT('',(7.87,-1.27,-3.81));
#18029 = VECTOR('',#18030,1.);
#18030 = DIRECTION('',(-1.28055374703E-16,-1.,3.41480999208E-16));
#18031 = ORIENTED_EDGE('',*,*,#16483,.T.);
#18032 = PLANE('',#18033);
#18033 = AXIS2_PLACEMENT_3D('',#18034,#18035,#18036);
#18034 = CARTESIAN_POINT('',(7.62,-29.42093677293,-3.31));
#18035 = DIRECTION('',(-0.894427191,-3.817873636269E-17,-0.4472135955));
#18036 = DIRECTION('',(0.4472135955,6.162975822039E-33,-0.894427191));
#18037 = ADVANCED_FACE('',(#18038),#18061,.T.);
#18038 = FACE_BOUND('',#18039,.T.);
#18039 = EDGE_LOOP('',(#18040,#18046,#18047,#18053,#18054,#18060));
#18040 = ORIENTED_EDGE('',*,*,#18041,.F.);
#18041 = EDGE_CURVE('',#15156,#13548,#18042,.T.);
#18042 = LINE('',#18043,#18044);
#18043 = CARTESIAN_POINT('',(10.16,-29.42093677293,-3.31));
#18044 = VECTOR('',#18045,1.);
#18045 = DIRECTION('',(0.,1.,-8.537024980201E-17));
#18046 = ORIENTED_EDGE('',*,*,#15155,.T.);
#18047 = ORIENTED_EDGE('',*,*,#18048,.T.);
#18048 = EDGE_CURVE('',#15148,#16466,#18049,.T.);
#18049 = LINE('',#18050,#18051);
#18050 = CARTESIAN_POINT('',(10.08,-29.42093677293,-3.47));
#18051 = VECTOR('',#18052,1.);
#18052 = DIRECTION('',(-5.378349514229E-16,-1.,-9.902996530438E-16));
#18053 = ORIENTED_EDGE('',*,*,#16465,.T.);
#18054 = ORIENTED_EDGE('',*,*,#18055,.T.);
#18055 = EDGE_CURVE('',#16468,#13556,#18056,.T.);
#18056 = LINE('',#18057,#18058);
#18057 = CARTESIAN_POINT('',(9.91,-1.27,-3.81));
#18058 = VECTOR('',#18059,1.);
#18059 = DIRECTION('',(-1.28055374703E-16,1.,-3.41480999208E-16));
#18060 = ORIENTED_EDGE('',*,*,#13555,.T.);
#18061 = PLANE('',#18062);
#18062 = AXIS2_PLACEMENT_3D('',#18063,#18064,#18065);
#18063 = CARTESIAN_POINT('',(9.91,-29.42093677293,-3.81));
#18064 = DIRECTION('',(0.894427191,-3.817873636269E-17,-0.4472135955));
#18065 = DIRECTION('',(0.4472135955,-6.162975822039E-33,0.894427191));
#18066 = ADVANCED_FACE('',(#18067),#18085,.T.);
#18067 = FACE_BOUND('',#18068,.T.);
#18068 = EDGE_LOOP('',(#18069,#18075,#18076,#18077,#18078,#18084));
#18069 = ORIENTED_EDGE('',*,*,#18070,.T.);
#18070 = EDGE_CURVE('',#16436,#15164,#18071,.T.);
#18071 = LINE('',#18072,#18073);
#18072 = CARTESIAN_POINT('',(10.24,-29.42093677293,-3.47));
#18073 = VECTOR('',#18074,1.);
#18074 = DIRECTION('',(-5.378349514229E-16,1.,9.902996530438E-16));
#18075 = ORIENTED_EDGE('',*,*,#15163,.T.);
#18076 = ORIENTED_EDGE('',*,*,#18041,.T.);
#18077 = ORIENTED_EDGE('',*,*,#13547,.T.);
#18078 = ORIENTED_EDGE('',*,*,#18079,.T.);
#18079 = EDGE_CURVE('',#13540,#16444,#18080,.T.);
#18080 = LINE('',#18081,#18082);
#18081 = CARTESIAN_POINT('',(10.41,-1.27,-3.81));
#18082 = VECTOR('',#18083,1.);
#18083 = DIRECTION('',(-1.28055374703E-16,-1.,3.41480999208E-16));
#18084 = ORIENTED_EDGE('',*,*,#16443,.T.);
#18085 = PLANE('',#18086);
#18086 = AXIS2_PLACEMENT_3D('',#18087,#18088,#18089);
#18087 = CARTESIAN_POINT('',(10.16,-29.42093677293,-3.31));
#18088 = DIRECTION('',(-0.894427191,-3.817873636269E-17,-0.4472135955));
#18089 = DIRECTION('',(0.4472135955,6.162975822039E-33,-0.894427191));
#18090 = ADVANCED_FACE('',(#18091),#18114,.T.);
#18091 = FACE_BOUND('',#18092,.T.);
#18092 = EDGE_LOOP('',(#18093,#18099,#18100,#18106,#18107,#18113));
#18093 = ORIENTED_EDGE('',*,*,#18094,.F.);
#18094 = EDGE_CURVE('',#15180,#13524,#18095,.T.);
#18095 = LINE('',#18096,#18097);
#18096 = CARTESIAN_POINT('',(12.7,-29.42093677293,-3.31));
#18097 = VECTOR('',#18098,1.);
#18098 = DIRECTION('',(0.,1.,-8.537024980201E-17));
#18099 = ORIENTED_EDGE('',*,*,#15179,.T.);
#18100 = ORIENTED_EDGE('',*,*,#18101,.T.);
#18101 = EDGE_CURVE('',#15172,#16426,#18102,.T.);
#18102 = LINE('',#18103,#18104);
#18103 = CARTESIAN_POINT('',(12.62,-29.42093677293,-3.47));
#18104 = VECTOR('',#18105,1.);
#18105 = DIRECTION('',(-5.378349514229E-16,-1.,-9.902996530438E-16));
#18106 = ORIENTED_EDGE('',*,*,#16425,.T.);
#18107 = ORIENTED_EDGE('',*,*,#18108,.T.);
#18108 = EDGE_CURVE('',#16428,#13532,#18109,.T.);
#18109 = LINE('',#18110,#18111);
#18110 = CARTESIAN_POINT('',(12.45,-1.27,-3.81));
#18111 = VECTOR('',#18112,1.);
#18112 = DIRECTION('',(-1.28055374703E-16,1.,-3.41480999208E-16));
#18113 = ORIENTED_EDGE('',*,*,#13531,.T.);
#18114 = PLANE('',#18115);
#18115 = AXIS2_PLACEMENT_3D('',#18116,#18117,#18118);
#18116 = CARTESIAN_POINT('',(12.45,-29.42093677293,-3.81));
#18117 = DIRECTION('',(0.894427191,-3.817873636269E-17,-0.4472135955));
#18118 = DIRECTION('',(0.4472135955,-6.162975822039E-33,0.894427191));
#18119 = ADVANCED_FACE('',(#18120),#18138,.T.);
#18120 = FACE_BOUND('',#18121,.T.);
#18121 = EDGE_LOOP('',(#18122,#18128,#18129,#18130,#18131,#18137));
#18122 = ORIENTED_EDGE('',*,*,#18123,.T.);
#18123 = EDGE_CURVE('',#16396,#15188,#18124,.T.);
#18124 = LINE('',#18125,#18126);
#18125 = CARTESIAN_POINT('',(12.78,-29.42093677293,-3.47));
#18126 = VECTOR('',#18127,1.);
#18127 = DIRECTION('',(-5.378349514229E-16,1.,9.902996530438E-16));
#18128 = ORIENTED_EDGE('',*,*,#15187,.T.);
#18129 = ORIENTED_EDGE('',*,*,#18094,.T.);
#18130 = ORIENTED_EDGE('',*,*,#13523,.T.);
#18131 = ORIENTED_EDGE('',*,*,#18132,.T.);
#18132 = EDGE_CURVE('',#13516,#16404,#18133,.T.);
#18133 = LINE('',#18134,#18135);
#18134 = CARTESIAN_POINT('',(12.95,-1.27,-3.81));
#18135 = VECTOR('',#18136,1.);
#18136 = DIRECTION('',(-1.28055374703E-16,-1.,3.41480999208E-16));
#18137 = ORIENTED_EDGE('',*,*,#16403,.T.);
#18138 = PLANE('',#18139);
#18139 = AXIS2_PLACEMENT_3D('',#18140,#18141,#18142);
#18140 = CARTESIAN_POINT('',(12.7,-29.42093677293,-3.31));
#18141 = DIRECTION('',(-0.894427191,-3.817873636269E-17,-0.4472135955));
#18142 = DIRECTION('',(0.4472135955,6.162975822039E-33,-0.894427191));
#18143 = ADVANCED_FACE('',(#18144),#18162,.T.);
#18144 = FACE_BOUND('',#18145,.T.);
#18145 = EDGE_LOOP('',(#18146,#18147,#18148,#18154,#18155,#18161));
#18146 = ORIENTED_EDGE('',*,*,#16866,.F.);
#18147 = ORIENTED_EDGE('',*,*,#15203,.T.);
#18148 = ORIENTED_EDGE('',*,*,#18149,.T.);
#18149 = EDGE_CURVE('',#15196,#16386,#18150,.T.);
#18150 = LINE('',#18151,#18152);
#18151 = CARTESIAN_POINT('',(15.16,-29.66923237573,-3.47));
#18152 = VECTOR('',#18153,1.);
#18153 = DIRECTION('',(-5.378349514229E-16,-1.,-9.902996530438E-16));
#18154 = ORIENTED_EDGE('',*,*,#16385,.T.);
#18155 = ORIENTED_EDGE('',*,*,#18156,.T.);
#18156 = EDGE_CURVE('',#16388,#13508,#18157,.T.);
#18157 = LINE('',#18158,#18159);
#18158 = CARTESIAN_POINT('',(14.99,-29.66923237573,-3.81));
#18159 = VECTOR('',#18160,1.);
#18160 = DIRECTION('',(0.,1.,-8.537024980201E-17));
#18161 = ORIENTED_EDGE('',*,*,#13507,.T.);
#18162 = PLANE('',#18163);
#18163 = AXIS2_PLACEMENT_3D('',#18164,#18165,#18166);
#18164 = CARTESIAN_POINT('',(14.99,-29.66923237573,-3.81));
#18165 = DIRECTION('',(0.894427191,-3.817873636269E-17,-0.4472135955));
#18166 = DIRECTION('',(0.4472135955,-6.162975822039E-33,0.894427191));
#18167 = ADVANCED_FACE('',(#18168),#18174,.T.);
#18168 = FACE_BOUND('',#18169,.T.);
#18169 = EDGE_LOOP('',(#18170,#18171,#18172,#18173));
#18170 = ORIENTED_EDGE('',*,*,#16371,.F.);
#18171 = ORIENTED_EDGE('',*,*,#17526,.T.);
#18172 = ORIENTED_EDGE('',*,*,#13481,.T.);
#18173 = ORIENTED_EDGE('',*,*,#17500,.T.);
#18174 = PLANE('',#18175);
#18175 = AXIS2_PLACEMENT_3D('',#18176,#18177,#18178);
#18176 = CARTESIAN_POINT('',(15.24,-1.27,1.27));
#18177 = DIRECTION('',(0.,-3.41480999208E-16,1.));
#18178 = DIRECTION('',(0.,-1.,-3.41480999208E-16));
#18179 = ADVANCED_FACE('',(#18180),#18186,.T.);
#18180 = FACE_BOUND('',#18181,.T.);
#18181 = EDGE_LOOP('',(#18182,#18183,#18184,#18185));
#18182 = ORIENTED_EDGE('',*,*,#16331,.F.);
#18183 = ORIENTED_EDGE('',*,*,#17478,.T.);
#18184 = ORIENTED_EDGE('',*,*,#14051,.T.);
#18185 = ORIENTED_EDGE('',*,*,#17447,.T.);
#18186 = PLANE('',#18187);
#18187 = AXIS2_PLACEMENT_3D('',#18188,#18189,#18190);
#18188 = CARTESIAN_POINT('',(15.24,-1.27,1.27));
#18189 = DIRECTION('',(0.,-3.41480999208E-16,1.));
#18190 = DIRECTION('',(0.,-1.,-3.41480999208E-16));
#18191 = ADVANCED_FACE('',(#18192),#18198,.T.);
#18192 = FACE_BOUND('',#18193,.T.);
#18193 = EDGE_LOOP('',(#18194,#18195,#18196,#18197));
#18194 = ORIENTED_EDGE('',*,*,#16291,.F.);
#18195 = ORIENTED_EDGE('',*,*,#17425,.T.);
#18196 = ORIENTED_EDGE('',*,*,#14027,.T.);
#18197 = ORIENTED_EDGE('',*,*,#17394,.T.);
#18198 = PLANE('',#18199);
#18199 = AXIS2_PLACEMENT_3D('',#18200,#18201,#18202);
#18200 = CARTESIAN_POINT('',(15.24,-1.27,1.27));
#18201 = DIRECTION('',(0.,-3.41480999208E-16,1.));
#18202 = DIRECTION('',(0.,-1.,-3.41480999208E-16));
#18203 = ADVANCED_FACE('',(#18204),#18210,.T.);
#18204 = FACE_BOUND('',#18205,.T.);
#18205 = EDGE_LOOP('',(#18206,#18207,#18208,#18209));
#18206 = ORIENTED_EDGE('',*,*,#16251,.F.);
#18207 = ORIENTED_EDGE('',*,*,#17372,.T.);
#18208 = ORIENTED_EDGE('',*,*,#14003,.T.);
#18209 = ORIENTED_EDGE('',*,*,#17341,.T.);
#18210 = PLANE('',#18211);
#18211 = AXIS2_PLACEMENT_3D('',#18212,#18213,#18214);
#18212 = CARTESIAN_POINT('',(15.24,-1.27,1.27));
#18213 = DIRECTION('',(0.,-3.41480999208E-16,1.));
#18214 = DIRECTION('',(0.,-1.,-3.41480999208E-16));
#18215 = ADVANCED_FACE('',(#18216),#18222,.T.);
#18216 = FACE_BOUND('',#18217,.T.);
#18217 = EDGE_LOOP('',(#18218,#18219,#18220,#18221));
#18218 = ORIENTED_EDGE('',*,*,#16211,.F.);
#18219 = ORIENTED_EDGE('',*,*,#17319,.T.);
#18220 = ORIENTED_EDGE('',*,*,#13979,.T.);
#18221 = ORIENTED_EDGE('',*,*,#17288,.T.);
#18222 = PLANE('',#18223);
#18223 = AXIS2_PLACEMENT_3D('',#18224,#18225,#18226);
#18224 = CARTESIAN_POINT('',(15.24,-1.27,1.27));
#18225 = DIRECTION('',(0.,-3.41480999208E-16,1.));
#18226 = DIRECTION('',(0.,-1.,-3.41480999208E-16));
#18227 = ADVANCED_FACE('',(#18228),#18234,.T.);
#18228 = FACE_BOUND('',#18229,.T.);
#18229 = EDGE_LOOP('',(#18230,#18231,#18232,#18233));
#18230 = ORIENTED_EDGE('',*,*,#16171,.F.);
#18231 = ORIENTED_EDGE('',*,*,#17266,.T.);
#18232 = ORIENTED_EDGE('',*,*,#13955,.T.);
#18233 = ORIENTED_EDGE('',*,*,#17235,.T.);
#18234 = PLANE('',#18235);
#18235 = AXIS2_PLACEMENT_3D('',#18236,#18237,#18238);
#18236 = CARTESIAN_POINT('',(15.24,-1.27,1.27));
#18237 = DIRECTION('',(0.,-3.41480999208E-16,1.));
#18238 = DIRECTION('',(0.,-1.,-3.41480999208E-16));
#18239 = ADVANCED_FACE('',(#18240),#18246,.T.);
#18240 = FACE_BOUND('',#18241,.T.);
#18241 = EDGE_LOOP('',(#18242,#18243,#18244,#18245));
#18242 = ORIENTED_EDGE('',*,*,#16131,.F.);
#18243 = ORIENTED_EDGE('',*,*,#17213,.T.);
#18244 = ORIENTED_EDGE('',*,*,#13931,.T.);
#18245 = ORIENTED_EDGE('',*,*,#17182,.T.);
#18246 = PLANE('',#18247);
#18247 = AXIS2_PLACEMENT_3D('',#18248,#18249,#18250);
#18248 = CARTESIAN_POINT('',(15.24,-1.27,1.27));
#18249 = DIRECTION('',(0.,-3.41480999208E-16,1.));
#18250 = DIRECTION('',(0.,-1.,-3.41480999208E-16));
#18251 = ADVANCED_FACE('',(#18252),#18258,.T.);
#18252 = FACE_BOUND('',#18253,.T.);
#18253 = EDGE_LOOP('',(#18254,#18255,#18256,#18257));
#18254 = ORIENTED_EDGE('',*,*,#16091,.F.);
#18255 = ORIENTED_EDGE('',*,*,#17160,.T.);
#18256 = ORIENTED_EDGE('',*,*,#13907,.T.);
#18257 = ORIENTED_EDGE('',*,*,#17129,.T.);
#18258 = PLANE('',#18259);
#18259 = AXIS2_PLACEMENT_3D('',#18260,#18261,#18262);
#18260 = CARTESIAN_POINT('',(15.24,-1.27,1.27));
#18261 = DIRECTION('',(0.,-3.41480999208E-16,1.));
#18262 = DIRECTION('',(0.,-1.,-3.41480999208E-16));
#18263 = ADVANCED_FACE('',(#18264),#18270,.T.);
#18264 = FACE_BOUND('',#18265,.T.);
#18265 = EDGE_LOOP('',(#18266,#18267,#18268,#18269));
#18266 = ORIENTED_EDGE('',*,*,#16051,.F.);
#18267 = ORIENTED_EDGE('',*,*,#17107,.T.);
#18268 = ORIENTED_EDGE('',*,*,#13883,.T.);
#18269 = ORIENTED_EDGE('',*,*,#17076,.T.);
#18270 = PLANE('',#18271);
#18271 = AXIS2_PLACEMENT_3D('',#18272,#18273,#18274);
#18272 = CARTESIAN_POINT('',(15.24,-1.27,1.27));
#18273 = DIRECTION('',(0.,-3.41480999208E-16,1.));
#18274 = DIRECTION('',(0.,-1.,-3.41480999208E-16));
#18275 = ADVANCED_FACE('',(#18276),#18282,.T.);
#18276 = FACE_BOUND('',#18277,.T.);
#18277 = EDGE_LOOP('',(#18278,#18279,#18280,#18281));
#18278 = ORIENTED_EDGE('',*,*,#16011,.F.);
#18279 = ORIENTED_EDGE('',*,*,#17054,.T.);
#18280 = ORIENTED_EDGE('',*,*,#13859,.T.);
#18281 = ORIENTED_EDGE('',*,*,#17023,.T.);
#18282 = PLANE('',#18283);
#18283 = AXIS2_PLACEMENT_3D('',#18284,#18285,#18286);
#18284 = CARTESIAN_POINT('',(15.24,-1.27,1.27));
#18285 = DIRECTION('',(0.,-3.41480999208E-16,1.));
#18286 = DIRECTION('',(0.,-1.,-3.41480999208E-16));
#18287 = ADVANCED_FACE('',(#18288),#18294,.T.);
#18288 = FACE_BOUND('',#18289,.T.);
#18289 = EDGE_LOOP('',(#18290,#18291,#18292,#18293));
#18290 = ORIENTED_EDGE('',*,*,#15971,.F.);
#18291 = ORIENTED_EDGE('',*,*,#17001,.T.);
#18292 = ORIENTED_EDGE('',*,*,#13835,.T.);
#18293 = ORIENTED_EDGE('',*,*,#16970,.T.);
#18294 = PLANE('',#18295);
#18295 = AXIS2_PLACEMENT_3D('',#18296,#18297,#18298);
#18296 = CARTESIAN_POINT('',(15.24,-1.27,1.27));
#18297 = DIRECTION('',(0.,-3.41480999208E-16,1.));
#18298 = DIRECTION('',(0.,-1.,-3.41480999208E-16));
#18299 = ADVANCED_FACE('',(#18300),#18306,.T.);
#18300 = FACE_BOUND('',#18301,.T.);
#18301 = EDGE_LOOP('',(#18302,#18303,#18304,#18305));
#18302 = ORIENTED_EDGE('',*,*,#15931,.F.);
#18303 = ORIENTED_EDGE('',*,*,#16948,.T.);
#18304 = ORIENTED_EDGE('',*,*,#13811,.T.);
#18305 = ORIENTED_EDGE('',*,*,#16917,.F.);
#18306 = PLANE('',#18307);
#18307 = AXIS2_PLACEMENT_3D('',#18308,#18309,#18310);
#18308 = CARTESIAN_POINT('',(15.24,-1.27,1.27));
#18309 = DIRECTION('',(0.,-3.41480999208E-16,1.));
#18310 = DIRECTION('',(0.,-1.,-3.41480999208E-16));
#18311 = ADVANCED_FACE('',(#18312),#18318,.T.);
#18312 = FACE_BOUND('',#18313,.T.);
#18313 = EDGE_LOOP('',(#18314,#18315,#18316,#18317));
#18314 = ORIENTED_EDGE('',*,*,#16411,.T.);
#18315 = ORIENTED_EDGE('',*,*,#18132,.F.);
#18316 = ORIENTED_EDGE('',*,*,#13515,.F.);
#18317 = ORIENTED_EDGE('',*,*,#18156,.F.);
#18318 = PLANE('',#18319);
#18319 = AXIS2_PLACEMENT_3D('',#18320,#18321,#18322);
#18320 = CARTESIAN_POINT('',(15.24,-1.27,-3.81));
#18321 = DIRECTION('',(0.,-3.41480999208E-16,-1.));
#18322 = DIRECTION('',(0.,-1.,3.41480999208E-16));
#18323 = ADVANCED_FACE('',(#18324),#18330,.T.);
#18324 = FACE_BOUND('',#18325,.T.);
#18325 = EDGE_LOOP('',(#18326,#18327,#18328,#18329));
#18326 = ORIENTED_EDGE('',*,*,#16451,.T.);
#18327 = ORIENTED_EDGE('',*,*,#18079,.F.);
#18328 = ORIENTED_EDGE('',*,*,#13539,.F.);
#18329 = ORIENTED_EDGE('',*,*,#18108,.F.);
#18330 = PLANE('',#18331);
#18331 = AXIS2_PLACEMENT_3D('',#18332,#18333,#18334);
#18332 = CARTESIAN_POINT('',(15.24,-1.27,-3.81));
#18333 = DIRECTION('',(0.,-3.41480999208E-16,-1.));
#18334 = DIRECTION('',(0.,-1.,3.41480999208E-16));
#18335 = ADVANCED_FACE('',(#18336),#18342,.T.);
#18336 = FACE_BOUND('',#18337,.T.);
#18337 = EDGE_LOOP('',(#18338,#18339,#18340,#18341));
#18338 = ORIENTED_EDGE('',*,*,#16491,.T.);
#18339 = ORIENTED_EDGE('',*,*,#18026,.F.);
#18340 = ORIENTED_EDGE('',*,*,#13563,.F.);
#18341 = ORIENTED_EDGE('',*,*,#18055,.F.);
#18342 = PLANE('',#18343);
#18343 = AXIS2_PLACEMENT_3D('',#18344,#18345,#18346);
#18344 = CARTESIAN_POINT('',(15.24,-1.27,-3.81));
#18345 = DIRECTION('',(0.,-3.41480999208E-16,-1.));
#18346 = DIRECTION('',(0.,-1.,3.41480999208E-16));
#18347 = ADVANCED_FACE('',(#18348),#18354,.T.);
#18348 = FACE_BOUND('',#18349,.T.);
#18349 = EDGE_LOOP('',(#18350,#18351,#18352,#18353));
#18350 = ORIENTED_EDGE('',*,*,#16531,.T.);
#18351 = ORIENTED_EDGE('',*,*,#17973,.F.);
#18352 = ORIENTED_EDGE('',*,*,#13587,.F.);
#18353 = ORIENTED_EDGE('',*,*,#18002,.F.);
#18354 = PLANE('',#18355);
#18355 = AXIS2_PLACEMENT_3D('',#18356,#18357,#18358);
#18356 = CARTESIAN_POINT('',(15.24,-1.27,-3.81));
#18357 = DIRECTION('',(0.,-3.41480999208E-16,-1.));
#18358 = DIRECTION('',(0.,-1.,3.41480999208E-16));
#18359 = ADVANCED_FACE('',(#18360),#18366,.T.);
#18360 = FACE_BOUND('',#18361,.T.);
#18361 = EDGE_LOOP('',(#18362,#18363,#18364,#18365));
#18362 = ORIENTED_EDGE('',*,*,#16571,.T.);
#18363 = ORIENTED_EDGE('',*,*,#17920,.F.);
#18364 = ORIENTED_EDGE('',*,*,#13611,.F.);
#18365 = ORIENTED_EDGE('',*,*,#17949,.F.);
#18366 = PLANE('',#18367);
#18367 = AXIS2_PLACEMENT_3D('',#18368,#18369,#18370);
#18368 = CARTESIAN_POINT('',(15.24,-1.27,-3.81));
#18369 = DIRECTION('',(0.,-3.41480999208E-16,-1.));
#18370 = DIRECTION('',(0.,-1.,3.41480999208E-16));
#18371 = ADVANCED_FACE('',(#18372),#18378,.T.);
#18372 = FACE_BOUND('',#18373,.T.);
#18373 = EDGE_LOOP('',(#18374,#18375,#18376,#18377));
#18374 = ORIENTED_EDGE('',*,*,#16611,.T.);
#18375 = ORIENTED_EDGE('',*,*,#17867,.F.);
#18376 = ORIENTED_EDGE('',*,*,#13635,.F.);
#18377 = ORIENTED_EDGE('',*,*,#17896,.F.);
#18378 = PLANE('',#18379);
#18379 = AXIS2_PLACEMENT_3D('',#18380,#18381,#18382);
#18380 = CARTESIAN_POINT('',(15.24,-1.27,-3.81));
#18381 = DIRECTION('',(0.,-3.41480999208E-16,-1.));
#18382 = DIRECTION('',(0.,-1.,3.41480999208E-16));
#18383 = ADVANCED_FACE('',(#18384),#18390,.T.);
#18384 = FACE_BOUND('',#18385,.T.);
#18385 = EDGE_LOOP('',(#18386,#18387,#18388,#18389));
#18386 = ORIENTED_EDGE('',*,*,#16651,.T.);
#18387 = ORIENTED_EDGE('',*,*,#17814,.F.);
#18388 = ORIENTED_EDGE('',*,*,#13659,.F.);
#18389 = ORIENTED_EDGE('',*,*,#17843,.F.);
#18390 = PLANE('',#18391);
#18391 = AXIS2_PLACEMENT_3D('',#18392,#18393,#18394);
#18392 = CARTESIAN_POINT('',(15.24,-1.27,-3.81));
#18393 = DIRECTION('',(0.,-3.41480999208E-16,-1.));
#18394 = DIRECTION('',(0.,-1.,3.41480999208E-16));
#18395 = ADVANCED_FACE('',(#18396),#18402,.T.);
#18396 = FACE_BOUND('',#18397,.T.);
#18397 = EDGE_LOOP('',(#18398,#18399,#18400,#18401));
#18398 = ORIENTED_EDGE('',*,*,#16691,.T.);
#18399 = ORIENTED_EDGE('',*,*,#17761,.F.);
#18400 = ORIENTED_EDGE('',*,*,#13683,.F.);
#18401 = ORIENTED_EDGE('',*,*,#17790,.F.);
#18402 = PLANE('',#18403);
#18403 = AXIS2_PLACEMENT_3D('',#18404,#18405,#18406);
#18404 = CARTESIAN_POINT('',(15.24,-1.27,-3.81));
#18405 = DIRECTION('',(0.,-3.41480999208E-16,-1.));
#18406 = DIRECTION('',(0.,-1.,3.41480999208E-16));
#18407 = ADVANCED_FACE('',(#18408),#18414,.T.);
#18408 = FACE_BOUND('',#18409,.T.);
#18409 = EDGE_LOOP('',(#18410,#18411,#18412,#18413));
#18410 = ORIENTED_EDGE('',*,*,#16731,.T.);
#18411 = ORIENTED_EDGE('',*,*,#17708,.F.);
#18412 = ORIENTED_EDGE('',*,*,#13707,.F.);
#18413 = ORIENTED_EDGE('',*,*,#17737,.F.);
#18414 = PLANE('',#18415);
#18415 = AXIS2_PLACEMENT_3D('',#18416,#18417,#18418);
#18416 = CARTESIAN_POINT('',(15.24,-1.27,-3.81));
#18417 = DIRECTION('',(0.,-3.41480999208E-16,-1.));
#18418 = DIRECTION('',(0.,-1.,3.41480999208E-16));
#18419 = ADVANCED_FACE('',(#18420),#18426,.T.);
#18420 = FACE_BOUND('',#18421,.T.);
#18421 = EDGE_LOOP('',(#18422,#18423,#18424,#18425));
#18422 = ORIENTED_EDGE('',*,*,#16771,.T.);
#18423 = ORIENTED_EDGE('',*,*,#17655,.F.);
#18424 = ORIENTED_EDGE('',*,*,#13731,.F.);
#18425 = ORIENTED_EDGE('',*,*,#17684,.F.);
#18426 = PLANE('',#18427);
#18427 = AXIS2_PLACEMENT_3D('',#18428,#18429,#18430);
#18428 = CARTESIAN_POINT('',(15.24,-1.27,-3.81));
#18429 = DIRECTION('',(0.,-3.41480999208E-16,-1.));
#18430 = DIRECTION('',(0.,-1.,3.41480999208E-16));
#18431 = ADVANCED_FACE('',(#18432),#18438,.T.);
#18432 = FACE_BOUND('',#18433,.T.);
#18433 = EDGE_LOOP('',(#18434,#18435,#18436,#18437));
#18434 = ORIENTED_EDGE('',*,*,#16811,.T.);
#18435 = ORIENTED_EDGE('',*,*,#17602,.F.);
#18436 = ORIENTED_EDGE('',*,*,#13755,.F.);
#18437 = ORIENTED_EDGE('',*,*,#17631,.F.);
#18438 = PLANE('',#18439);
#18439 = AXIS2_PLACEMENT_3D('',#18440,#18441,#18442);
#18440 = CARTESIAN_POINT('',(15.24,-1.27,-3.81));
#18441 = DIRECTION('',(0.,-3.41480999208E-16,-1.));
#18442 = DIRECTION('',(0.,-1.,3.41480999208E-16));
#18443 = ADVANCED_FACE('',(#18444),#18450,.T.);
#18444 = FACE_BOUND('',#18445,.T.);
#18445 = EDGE_LOOP('',(#18446,#18447,#18448,#18449));
#18446 = ORIENTED_EDGE('',*,*,#16851,.T.);
#18447 = ORIENTED_EDGE('',*,*,#17549,.T.);
#18448 = ORIENTED_EDGE('',*,*,#13779,.F.);
#18449 = ORIENTED_EDGE('',*,*,#17578,.F.);
#18450 = PLANE('',#18451);
#18451 = AXIS2_PLACEMENT_3D('',#18452,#18453,#18454);
#18452 = CARTESIAN_POINT('',(15.24,-1.27,-3.81));
#18453 = DIRECTION('',(0.,-3.41480999208E-16,-1.));
#18454 = DIRECTION('',(0.,-1.,3.41480999208E-16));
#18455 = ADVANCED_FACE('',(#18456),#18462,.T.);
#18456 = FACE_BOUND('',#18457,.T.);
#18457 = EDGE_LOOP('',(#18458,#18459,#18460,#18461));
#18458 = ORIENTED_EDGE('',*,*,#14897,.T.);
#18459 = ORIENTED_EDGE('',*,*,#16934,.F.);
#18460 = ORIENTED_EDGE('',*,*,#15915,.F.);
#18461 = ORIENTED_EDGE('',*,*,#16910,.F.);
#18462 = PLANE('',#18463);
#18463 = AXIS2_PLACEMENT_3D('',#18464,#18465,#18466);
#18464 = CARTESIAN_POINT('',(-15.76465126396,-1.27,0.93));
#18465 = DIRECTION('',(0.,-9.902996530438E-16,-1.));
#18466 = DIRECTION('',(0.,1.,-9.902996530438E-16));
#18467 = ADVANCED_FACE('',(#18468),#18474,.T.);
#18468 = FACE_BOUND('',#18469,.T.);
#18469 = EDGE_LOOP('',(#18470,#18471,#18472,#18473));
#18470 = ORIENTED_EDGE('',*,*,#15467,.T.);
#18471 = ORIENTED_EDGE('',*,*,#16987,.F.);
#18472 = ORIENTED_EDGE('',*,*,#15955,.F.);
#18473 = ORIENTED_EDGE('',*,*,#16963,.F.);
#18474 = PLANE('',#18475);
#18475 = AXIS2_PLACEMENT_3D('',#18476,#18477,#18478);
#18476 = CARTESIAN_POINT('',(-15.76465126396,-1.27,0.93));
#18477 = DIRECTION('',(0.,-9.902996530438E-16,-1.));
#18478 = DIRECTION('',(0.,1.,-9.902996530438E-16));
#18479 = ADVANCED_FACE('',(#18480),#18486,.T.);
#18480 = FACE_BOUND('',#18481,.T.);
#18481 = EDGE_LOOP('',(#18482,#18483,#18484,#18485));
#18482 = ORIENTED_EDGE('',*,*,#15443,.T.);
#18483 = ORIENTED_EDGE('',*,*,#17040,.F.);
#18484 = ORIENTED_EDGE('',*,*,#15995,.F.);
#18485 = ORIENTED_EDGE('',*,*,#17016,.F.);
#18486 = PLANE('',#18487);
#18487 = AXIS2_PLACEMENT_3D('',#18488,#18489,#18490);
#18488 = CARTESIAN_POINT('',(-15.76465126396,-1.27,0.93));
#18489 = DIRECTION('',(0.,-9.902996530438E-16,-1.));
#18490 = DIRECTION('',(0.,1.,-9.902996530438E-16));
#18491 = ADVANCED_FACE('',(#18492),#18498,.T.);
#18492 = FACE_BOUND('',#18493,.T.);
#18493 = EDGE_LOOP('',(#18494,#18495,#18496,#18497));
#18494 = ORIENTED_EDGE('',*,*,#15419,.T.);
#18495 = ORIENTED_EDGE('',*,*,#17093,.F.);
#18496 = ORIENTED_EDGE('',*,*,#16035,.F.);
#18497 = ORIENTED_EDGE('',*,*,#17069,.F.);
#18498 = PLANE('',#18499);
#18499 = AXIS2_PLACEMENT_3D('',#18500,#18501,#18502);
#18500 = CARTESIAN_POINT('',(-15.76465126396,-1.27,0.93));
#18501 = DIRECTION('',(0.,-9.902996530438E-16,-1.));
#18502 = DIRECTION('',(0.,1.,-9.902996530438E-16));
#18503 = ADVANCED_FACE('',(#18504),#18510,.T.);
#18504 = FACE_BOUND('',#18505,.T.);
#18505 = EDGE_LOOP('',(#18506,#18507,#18508,#18509));
#18506 = ORIENTED_EDGE('',*,*,#15395,.T.);
#18507 = ORIENTED_EDGE('',*,*,#17146,.F.);
#18508 = ORIENTED_EDGE('',*,*,#16075,.F.);
#18509 = ORIENTED_EDGE('',*,*,#17122,.F.);
#18510 = PLANE('',#18511);
#18511 = AXIS2_PLACEMENT_3D('',#18512,#18513,#18514);
#18512 = CARTESIAN_POINT('',(-15.76465126396,-1.27,0.93));
#18513 = DIRECTION('',(0.,-9.902996530438E-16,-1.));
#18514 = DIRECTION('',(0.,1.,-9.902996530438E-16));
#18515 = ADVANCED_FACE('',(#18516),#18522,.T.);
#18516 = FACE_BOUND('',#18517,.T.);
#18517 = EDGE_LOOP('',(#18518,#18519,#18520,#18521));
#18518 = ORIENTED_EDGE('',*,*,#15371,.T.);
#18519 = ORIENTED_EDGE('',*,*,#17199,.F.);
#18520 = ORIENTED_EDGE('',*,*,#16115,.F.);
#18521 = ORIENTED_EDGE('',*,*,#17175,.F.);
#18522 = PLANE('',#18523);
#18523 = AXIS2_PLACEMENT_3D('',#18524,#18525,#18526);
#18524 = CARTESIAN_POINT('',(-15.76465126396,-1.27,0.93));
#18525 = DIRECTION('',(0.,-9.902996530438E-16,-1.));
#18526 = DIRECTION('',(0.,1.,-9.902996530438E-16));
#18527 = ADVANCED_FACE('',(#18528),#18534,.T.);
#18528 = FACE_BOUND('',#18529,.T.);
#18529 = EDGE_LOOP('',(#18530,#18531,#18532,#18533));
#18530 = ORIENTED_EDGE('',*,*,#15347,.T.);
#18531 = ORIENTED_EDGE('',*,*,#17252,.F.);
#18532 = ORIENTED_EDGE('',*,*,#16155,.F.);
#18533 = ORIENTED_EDGE('',*,*,#17228,.F.);
#18534 = PLANE('',#18535);
#18535 = AXIS2_PLACEMENT_3D('',#18536,#18537,#18538);
#18536 = CARTESIAN_POINT('',(-15.76465126396,-1.27,0.93));
#18537 = DIRECTION('',(0.,-9.902996530438E-16,-1.));
#18538 = DIRECTION('',(0.,1.,-9.902996530438E-16));
#18539 = ADVANCED_FACE('',(#18540),#18546,.T.);
#18540 = FACE_BOUND('',#18541,.T.);
#18541 = EDGE_LOOP('',(#18542,#18543,#18544,#18545));
#18542 = ORIENTED_EDGE('',*,*,#15323,.T.);
#18543 = ORIENTED_EDGE('',*,*,#17305,.F.);
#18544 = ORIENTED_EDGE('',*,*,#16195,.F.);
#18545 = ORIENTED_EDGE('',*,*,#17281,.F.);
#18546 = PLANE('',#18547);
#18547 = AXIS2_PLACEMENT_3D('',#18548,#18549,#18550);
#18548 = CARTESIAN_POINT('',(-15.76465126396,-1.27,0.93));
#18549 = DIRECTION('',(0.,-9.902996530438E-16,-1.));
#18550 = DIRECTION('',(0.,1.,-9.902996530438E-16));
#18551 = ADVANCED_FACE('',(#18552),#18558,.T.);
#18552 = FACE_BOUND('',#18553,.T.);
#18553 = EDGE_LOOP('',(#18554,#18555,#18556,#18557));
#18554 = ORIENTED_EDGE('',*,*,#15299,.T.);
#18555 = ORIENTED_EDGE('',*,*,#17358,.F.);
#18556 = ORIENTED_EDGE('',*,*,#16235,.F.);
#18557 = ORIENTED_EDGE('',*,*,#17334,.F.);
#18558 = PLANE('',#18559);
#18559 = AXIS2_PLACEMENT_3D('',#18560,#18561,#18562);
#18560 = CARTESIAN_POINT('',(-15.76465126396,-1.27,0.93));
#18561 = DIRECTION('',(0.,-9.902996530438E-16,-1.));
#18562 = DIRECTION('',(0.,1.,-9.902996530438E-16));
#18563 = ADVANCED_FACE('',(#18564),#18570,.T.);
#18564 = FACE_BOUND('',#18565,.T.);
#18565 = EDGE_LOOP('',(#18566,#18567,#18568,#18569));
#18566 = ORIENTED_EDGE('',*,*,#15275,.T.);
#18567 = ORIENTED_EDGE('',*,*,#17411,.F.);
#18568 = ORIENTED_EDGE('',*,*,#16275,.F.);
#18569 = ORIENTED_EDGE('',*,*,#17387,.F.);
#18570 = PLANE('',#18571);
#18571 = AXIS2_PLACEMENT_3D('',#18572,#18573,#18574);
#18572 = CARTESIAN_POINT('',(-15.76465126396,-1.27,0.93));
#18573 = DIRECTION('',(0.,-9.902996530438E-16,-1.));
#18574 = DIRECTION('',(0.,1.,-9.902996530438E-16));
#18575 = ADVANCED_FACE('',(#18576),#18582,.T.);
#18576 = FACE_BOUND('',#18577,.T.);
#18577 = EDGE_LOOP('',(#18578,#18579,#18580,#18581));
#18578 = ORIENTED_EDGE('',*,*,#15251,.T.);
#18579 = ORIENTED_EDGE('',*,*,#17464,.F.);
#18580 = ORIENTED_EDGE('',*,*,#16315,.F.);
#18581 = ORIENTED_EDGE('',*,*,#17440,.F.);
#18582 = PLANE('',#18583);
#18583 = AXIS2_PLACEMENT_3D('',#18584,#18585,#18586);
#18584 = CARTESIAN_POINT('',(-15.76465126396,-1.27,0.93));
#18585 = DIRECTION('',(0.,-9.902996530438E-16,-1.));
#18586 = DIRECTION('',(0.,1.,-9.902996530438E-16));
#18587 = ADVANCED_FACE('',(#18588),#18594,.T.);
#18588 = FACE_BOUND('',#18589,.T.);
#18589 = EDGE_LOOP('',(#18590,#18591,#18592,#18593));
#18590 = ORIENTED_EDGE('',*,*,#15227,.T.);
#18591 = ORIENTED_EDGE('',*,*,#17517,.F.);
#18592 = ORIENTED_EDGE('',*,*,#16355,.F.);
#18593 = ORIENTED_EDGE('',*,*,#17493,.F.);
#18594 = PLANE('',#18595);
#18595 = AXIS2_PLACEMENT_3D('',#18596,#18597,#18598);
#18596 = CARTESIAN_POINT('',(-15.76465126396,-1.27,0.93));
#18597 = DIRECTION('',(0.,-9.902996530438E-16,-1.));
#18598 = DIRECTION('',(0.,1.,-9.902996530438E-16));
#18599 = ADVANCED_FACE('',(#18600),#18606,.T.);
#18600 = FACE_BOUND('',#18601,.T.);
#18601 = EDGE_LOOP('',(#18602,#18603,#18604,#18605));
#18602 = ORIENTED_EDGE('',*,*,#16835,.T.);
#18603 = ORIENTED_EDGE('',*,*,#17571,.F.);
#18604 = ORIENTED_EDGE('',*,*,#14931,.F.);
#18605 = ORIENTED_EDGE('',*,*,#17540,.F.);
#18606 = PLANE('',#18607);
#18607 = AXIS2_PLACEMENT_3D('',#18608,#18609,#18610);
#18608 = CARTESIAN_POINT('',(-15.76465126396,-0.832071068427,-3.47));
#18609 = DIRECTION('',(0.,-9.902996530438E-16,1.));
#18610 = DIRECTION('',(0.,-1.,-9.902996530438E-16));
#18611 = ADVANCED_FACE('',(#18612),#18618,.T.);
#18612 = FACE_BOUND('',#18613,.T.);
#18613 = EDGE_LOOP('',(#18614,#18615,#18616,#18617));
#18614 = ORIENTED_EDGE('',*,*,#16795,.T.);
#18615 = ORIENTED_EDGE('',*,*,#17624,.F.);
#18616 = ORIENTED_EDGE('',*,*,#14955,.F.);
#18617 = ORIENTED_EDGE('',*,*,#17593,.F.);
#18618 = PLANE('',#18619);
#18619 = AXIS2_PLACEMENT_3D('',#18620,#18621,#18622);
#18620 = CARTESIAN_POINT('',(-15.76465126396,-0.832071068427,-3.47));
#18621 = DIRECTION('',(0.,-9.902996530438E-16,1.));
#18622 = DIRECTION('',(0.,-1.,-9.902996530438E-16));
#18623 = ADVANCED_FACE('',(#18624),#18630,.T.);
#18624 = FACE_BOUND('',#18625,.T.);
#18625 = EDGE_LOOP('',(#18626,#18627,#18628,#18629));
#18626 = ORIENTED_EDGE('',*,*,#16755,.T.);
#18627 = ORIENTED_EDGE('',*,*,#17677,.F.);
#18628 = ORIENTED_EDGE('',*,*,#14979,.F.);
#18629 = ORIENTED_EDGE('',*,*,#17646,.F.);
#18630 = PLANE('',#18631);
#18631 = AXIS2_PLACEMENT_3D('',#18632,#18633,#18634);
#18632 = CARTESIAN_POINT('',(-15.76465126396,-0.832071068427,-3.47));
#18633 = DIRECTION('',(0.,-9.902996530438E-16,1.));
#18634 = DIRECTION('',(0.,-1.,-9.902996530438E-16));
#18635 = ADVANCED_FACE('',(#18636),#18642,.T.);
#18636 = FACE_BOUND('',#18637,.T.);
#18637 = EDGE_LOOP('',(#18638,#18639,#18640,#18641));
#18638 = ORIENTED_EDGE('',*,*,#16715,.T.);
#18639 = ORIENTED_EDGE('',*,*,#17730,.F.);
#18640 = ORIENTED_EDGE('',*,*,#15003,.F.);
#18641 = ORIENTED_EDGE('',*,*,#17699,.F.);
#18642 = PLANE('',#18643);
#18643 = AXIS2_PLACEMENT_3D('',#18644,#18645,#18646);
#18644 = CARTESIAN_POINT('',(-15.76465126396,-0.832071068427,-3.47));
#18645 = DIRECTION('',(0.,-9.902996530438E-16,1.));
#18646 = DIRECTION('',(0.,-1.,-9.902996530438E-16));
#18647 = ADVANCED_FACE('',(#18648),#18654,.T.);
#18648 = FACE_BOUND('',#18649,.T.);
#18649 = EDGE_LOOP('',(#18650,#18651,#18652,#18653));
#18650 = ORIENTED_EDGE('',*,*,#16675,.T.);
#18651 = ORIENTED_EDGE('',*,*,#17783,.F.);
#18652 = ORIENTED_EDGE('',*,*,#15027,.F.);
#18653 = ORIENTED_EDGE('',*,*,#17752,.F.);
#18654 = PLANE('',#18655);
#18655 = AXIS2_PLACEMENT_3D('',#18656,#18657,#18658);
#18656 = CARTESIAN_POINT('',(-15.76465126396,-0.832071068427,-3.47));
#18657 = DIRECTION('',(0.,-9.902996530438E-16,1.));
#18658 = DIRECTION('',(0.,-1.,-9.902996530438E-16));
#18659 = ADVANCED_FACE('',(#18660),#18666,.T.);
#18660 = FACE_BOUND('',#18661,.T.);
#18661 = EDGE_LOOP('',(#18662,#18663,#18664,#18665));
#18662 = ORIENTED_EDGE('',*,*,#16635,.T.);
#18663 = ORIENTED_EDGE('',*,*,#17836,.F.);
#18664 = ORIENTED_EDGE('',*,*,#15051,.F.);
#18665 = ORIENTED_EDGE('',*,*,#17805,.F.);
#18666 = PLANE('',#18667);
#18667 = AXIS2_PLACEMENT_3D('',#18668,#18669,#18670);
#18668 = CARTESIAN_POINT('',(-15.76465126396,-0.832071068427,-3.47));
#18669 = DIRECTION('',(0.,-9.902996530438E-16,1.));
#18670 = DIRECTION('',(0.,-1.,-9.902996530438E-16));
#18671 = ADVANCED_FACE('',(#18672),#18678,.T.);
#18672 = FACE_BOUND('',#18673,.T.);
#18673 = EDGE_LOOP('',(#18674,#18675,#18676,#18677));
#18674 = ORIENTED_EDGE('',*,*,#16595,.T.);
#18675 = ORIENTED_EDGE('',*,*,#17889,.F.);
#18676 = ORIENTED_EDGE('',*,*,#15075,.F.);
#18677 = ORIENTED_EDGE('',*,*,#17858,.F.);
#18678 = PLANE('',#18679);
#18679 = AXIS2_PLACEMENT_3D('',#18680,#18681,#18682);
#18680 = CARTESIAN_POINT('',(-15.76465126396,-0.832071068427,-3.47));
#18681 = DIRECTION('',(0.,-9.902996530438E-16,1.));
#18682 = DIRECTION('',(0.,-1.,-9.902996530438E-16));
#18683 = ADVANCED_FACE('',(#18684),#18690,.T.);
#18684 = FACE_BOUND('',#18685,.T.);
#18685 = EDGE_LOOP('',(#18686,#18687,#18688,#18689));
#18686 = ORIENTED_EDGE('',*,*,#16555,.T.);
#18687 = ORIENTED_EDGE('',*,*,#17942,.F.);
#18688 = ORIENTED_EDGE('',*,*,#15099,.F.);
#18689 = ORIENTED_EDGE('',*,*,#17911,.F.);
#18690 = PLANE('',#18691);
#18691 = AXIS2_PLACEMENT_3D('',#18692,#18693,#18694);
#18692 = CARTESIAN_POINT('',(-15.76465126396,-0.832071068427,-3.47));
#18693 = DIRECTION('',(0.,-9.902996530438E-16,1.));
#18694 = DIRECTION('',(0.,-1.,-9.902996530438E-16));
#18695 = ADVANCED_FACE('',(#18696),#18702,.T.);
#18696 = FACE_BOUND('',#18697,.T.);
#18697 = EDGE_LOOP('',(#18698,#18699,#18700,#18701));
#18698 = ORIENTED_EDGE('',*,*,#16515,.T.);
#18699 = ORIENTED_EDGE('',*,*,#17995,.F.);
#18700 = ORIENTED_EDGE('',*,*,#15123,.F.);
#18701 = ORIENTED_EDGE('',*,*,#17964,.F.);
#18702 = PLANE('',#18703);
#18703 = AXIS2_PLACEMENT_3D('',#18704,#18705,#18706);
#18704 = CARTESIAN_POINT('',(-15.76465126396,-0.832071068427,-3.47));
#18705 = DIRECTION('',(0.,-9.902996530438E-16,1.));
#18706 = DIRECTION('',(0.,-1.,-9.902996530438E-16));
#18707 = ADVANCED_FACE('',(#18708),#18714,.T.);
#18708 = FACE_BOUND('',#18709,.T.);
#18709 = EDGE_LOOP('',(#18710,#18711,#18712,#18713));
#18710 = ORIENTED_EDGE('',*,*,#16475,.T.);
#18711 = ORIENTED_EDGE('',*,*,#18048,.F.);
#18712 = ORIENTED_EDGE('',*,*,#15147,.F.);
#18713 = ORIENTED_EDGE('',*,*,#18017,.F.);
#18714 = PLANE('',#18715);
#18715 = AXIS2_PLACEMENT_3D('',#18716,#18717,#18718);
#18716 = CARTESIAN_POINT('',(-15.76465126396,-0.832071068427,-3.47));
#18717 = DIRECTION('',(0.,-9.902996530438E-16,1.));
#18718 = DIRECTION('',(0.,-1.,-9.902996530438E-16));
#18719 = ADVANCED_FACE('',(#18720),#18726,.T.);
#18720 = FACE_BOUND('',#18721,.T.);
#18721 = EDGE_LOOP('',(#18722,#18723,#18724,#18725));
#18722 = ORIENTED_EDGE('',*,*,#16435,.T.);
#18723 = ORIENTED_EDGE('',*,*,#18101,.F.);
#18724 = ORIENTED_EDGE('',*,*,#15171,.F.);
#18725 = ORIENTED_EDGE('',*,*,#18070,.F.);
#18726 = PLANE('',#18727);
#18727 = AXIS2_PLACEMENT_3D('',#18728,#18729,#18730);
#18728 = CARTESIAN_POINT('',(-15.76465126396,-0.832071068427,-3.47));
#18729 = DIRECTION('',(0.,-9.902996530438E-16,1.));
#18730 = DIRECTION('',(0.,-1.,-9.902996530438E-16));
#18731 = ADVANCED_FACE('',(#18732),#18738,.T.);
#18732 = FACE_BOUND('',#18733,.T.);
#18733 = EDGE_LOOP('',(#18734,#18735,#18736,#18737));
#18734 = ORIENTED_EDGE('',*,*,#16395,.T.);
#18735 = ORIENTED_EDGE('',*,*,#18149,.F.);
#18736 = ORIENTED_EDGE('',*,*,#15195,.F.);
#18737 = ORIENTED_EDGE('',*,*,#18123,.F.);
#18738 = PLANE('',#18739);
#18739 = AXIS2_PLACEMENT_3D('',#18740,#18741,#18742);
#18740 = CARTESIAN_POINT('',(-15.76465126396,-0.832071068427,-3.47));
#18741 = DIRECTION('',(0.,-9.902996530438E-16,1.));
#18742 = DIRECTION('',(0.,-1.,-9.902996530438E-16));
#18743 = ADVANCED_FACE('',(#18744),#18760,.T.);
#18744 = FACE_BOUND('',#18745,.T.);
#18745 = EDGE_LOOP('',(#18746,#18752,#18753,#18759));
#18746 = ORIENTED_EDGE('',*,*,#18747,.T.);
#18747 = EDGE_CURVE('',#14866,#13458,#18748,.T.);
#18748 = LINE('',#18749,#18750);
#18749 = CARTESIAN_POINT('',(-13.65,-29.73465126396,0.32));
#18750 = VECTOR('',#18751,1.);
#18751 = DIRECTION('',(0.,1.,8.537024980201E-17));
#18752 = ORIENTED_EDGE('',*,*,#13457,.F.);
#18753 = ORIENTED_EDGE('',*,*,#18754,.F.);
#18754 = EDGE_CURVE('',#14874,#13450,#18755,.T.);
#18755 = LINE('',#18756,#18757);
#18756 = CARTESIAN_POINT('',(-13.65,-29.73465126396,-0.32));
#18757 = VECTOR('',#18758,1.);
#18758 = DIRECTION('',(0.,1.,8.537024980201E-17));
#18759 = ORIENTED_EDGE('',*,*,#14873,.F.);
#18760 = PLANE('',#18761);
#18761 = AXIS2_PLACEMENT_3D('',#18762,#18763,#18764);
#18762 = CARTESIAN_POINT('',(-13.65,-29.73465126396,-0.32));
#18763 = DIRECTION('',(-1.,0.,0.));
#18764 = DIRECTION('',(0.,0.,1.));
#18765 = ADVANCED_FACE('',(#18766),#18777,.T.);
#18766 = FACE_BOUND('',#18767,.T.);
#18767 = EDGE_LOOP('',(#18768,#18774,#18775,#18776));
#18768 = ORIENTED_EDGE('',*,*,#18769,.T.);
#18769 = EDGE_CURVE('',#14864,#13466,#18770,.T.);
#18770 = LINE('',#18771,#18772);
#18771 = CARTESIAN_POINT('',(-14.29,-29.73465126396,0.32));
#18772 = VECTOR('',#18773,1.);
#18773 = DIRECTION('',(0.,1.,8.537024980201E-17));
#18774 = ORIENTED_EDGE('',*,*,#13465,.F.);
#18775 = ORIENTED_EDGE('',*,*,#18747,.F.);
#18776 = ORIENTED_EDGE('',*,*,#14863,.F.);
#18777 = PLANE('',#18778);
#18778 = AXIS2_PLACEMENT_3D('',#18779,#18780,#18781);
#18779 = CARTESIAN_POINT('',(-13.65,-29.73465126396,0.32));
#18780 = DIRECTION('',(0.,8.537024980201E-17,-1.));
#18781 = DIRECTION('',(0.,1.,8.537024980201E-17));
#18782 = ADVANCED_FACE('',(#18783),#18794,.T.);
#18783 = FACE_BOUND('',#18784,.T.);
#18784 = EDGE_LOOP('',(#18785,#18791,#18792,#18793));
#18785 = ORIENTED_EDGE('',*,*,#18786,.T.);
#18786 = EDGE_CURVE('',#14882,#13448,#18787,.T.);
#18787 = LINE('',#18788,#18789);
#18788 = CARTESIAN_POINT('',(-14.29,-29.73465126396,-0.32));
#18789 = VECTOR('',#18790,1.);
#18790 = DIRECTION('',(0.,1.,8.537024980201E-17));
#18791 = ORIENTED_EDGE('',*,*,#13473,.F.);
#18792 = ORIENTED_EDGE('',*,*,#18769,.F.);
#18793 = ORIENTED_EDGE('',*,*,#14889,.F.);
#18794 = PLANE('',#18795);
#18795 = AXIS2_PLACEMENT_3D('',#18796,#18797,#18798);
#18796 = CARTESIAN_POINT('',(-14.29,-29.73465126396,0.32));
#18797 = DIRECTION('',(1.,0.,0.));
#18798 = DIRECTION('',(0.,0.,-1.));
#18799 = ADVANCED_FACE('',(#18800),#18806,.T.);
#18800 = FACE_BOUND('',#18801,.T.);
#18801 = EDGE_LOOP('',(#18802,#18803,#18804,#18805));
#18802 = ORIENTED_EDGE('',*,*,#18754,.T.);
#18803 = ORIENTED_EDGE('',*,*,#13447,.F.);
#18804 = ORIENTED_EDGE('',*,*,#18786,.F.);
#18805 = ORIENTED_EDGE('',*,*,#14881,.F.);
#18806 = PLANE('',#18807);
#18807 = AXIS2_PLACEMENT_3D('',#18808,#18809,#18810);
#18808 = CARTESIAN_POINT('',(-14.29,-29.73465126396,-0.32));
#18809 = DIRECTION('',(0.,-8.537024980201E-17,1.));
#18810 = DIRECTION('',(0.,-1.,-8.537024980201E-17));
#18811 = ADVANCED_FACE('',(#18812),#18828,.T.);
#18812 = FACE_BOUND('',#18813,.T.);
#18813 = EDGE_LOOP('',(#18814,#18820,#18821,#18827));
#18814 = ORIENTED_EDGE('',*,*,#18815,.T.);
#18815 = EDGE_CURVE('',#15494,#14086,#18816,.T.);
#18816 = LINE('',#18817,#18818);
#18817 = CARTESIAN_POINT('',(-13.65,-29.73465126396,-2.22));
#18818 = VECTOR('',#18819,1.);
#18819 = DIRECTION('',(0.,1.,8.537024980201E-17));
#18820 = ORIENTED_EDGE('',*,*,#14085,.F.);
#18821 = ORIENTED_EDGE('',*,*,#18822,.F.);
#18822 = EDGE_CURVE('',#15502,#14078,#18823,.T.);
#18823 = LINE('',#18824,#18825);
#18824 = CARTESIAN_POINT('',(-13.65,-29.73465126396,-2.86));
#18825 = VECTOR('',#18826,1.);
#18826 = DIRECTION('',(0.,1.,8.537024980201E-17));
#18827 = ORIENTED_EDGE('',*,*,#15501,.F.);
#18828 = PLANE('',#18829);
#18829 = AXIS2_PLACEMENT_3D('',#18830,#18831,#18832);
#18830 = CARTESIAN_POINT('',(-13.65,-29.73465126396,-2.86));
#18831 = DIRECTION('',(-1.,0.,0.));
#18832 = DIRECTION('',(0.,0.,1.));
#18833 = ADVANCED_FACE('',(#18834),#18845,.T.);
#18834 = FACE_BOUND('',#18835,.T.);
#18835 = EDGE_LOOP('',(#18836,#18842,#18843,#18844));
#18836 = ORIENTED_EDGE('',*,*,#18837,.T.);
#18837 = EDGE_CURVE('',#15492,#14094,#18838,.T.);
#18838 = LINE('',#18839,#18840);
#18839 = CARTESIAN_POINT('',(-14.29,-29.73465126396,-2.22));
#18840 = VECTOR('',#18841,1.);
#18841 = DIRECTION('',(0.,1.,8.537024980201E-17));
#18842 = ORIENTED_EDGE('',*,*,#14093,.F.);
#18843 = ORIENTED_EDGE('',*,*,#18815,.F.);
#18844 = ORIENTED_EDGE('',*,*,#15491,.F.);
#18845 = PLANE('',#18846);
#18846 = AXIS2_PLACEMENT_3D('',#18847,#18848,#18849);
#18847 = CARTESIAN_POINT('',(-13.65,-29.73465126396,-2.22));
#18848 = DIRECTION('',(0.,8.537024980201E-17,-1.));
#18849 = DIRECTION('',(0.,1.,8.537024980201E-17));
#18850 = ADVANCED_FACE('',(#18851),#18862,.T.);
#18851 = FACE_BOUND('',#18852,.T.);
#18852 = EDGE_LOOP('',(#18853,#18859,#18860,#18861));
#18853 = ORIENTED_EDGE('',*,*,#18854,.T.);
#18854 = EDGE_CURVE('',#15510,#14076,#18855,.T.);
#18855 = LINE('',#18856,#18857);
#18856 = CARTESIAN_POINT('',(-14.29,-29.73465126396,-2.86));
#18857 = VECTOR('',#18858,1.);
#18858 = DIRECTION('',(0.,1.,8.537024980201E-17));
#18859 = ORIENTED_EDGE('',*,*,#14101,.F.);
#18860 = ORIENTED_EDGE('',*,*,#18837,.F.);
#18861 = ORIENTED_EDGE('',*,*,#15517,.F.);
#18862 = PLANE('',#18863);
#18863 = AXIS2_PLACEMENT_3D('',#18864,#18865,#18866);
#18864 = CARTESIAN_POINT('',(-14.29,-29.73465126396,-2.22));
#18865 = DIRECTION('',(1.,0.,0.));
#18866 = DIRECTION('',(0.,0.,-1.));
#18867 = ADVANCED_FACE('',(#18868),#18874,.T.);
#18868 = FACE_BOUND('',#18869,.T.);
#18869 = EDGE_LOOP('',(#18870,#18871,#18872,#18873));
#18870 = ORIENTED_EDGE('',*,*,#18822,.T.);
#18871 = ORIENTED_EDGE('',*,*,#14075,.F.);
#18872 = ORIENTED_EDGE('',*,*,#18854,.F.);
#18873 = ORIENTED_EDGE('',*,*,#15509,.F.);
#18874 = PLANE('',#18875);
#18875 = AXIS2_PLACEMENT_3D('',#18876,#18877,#18878);
#18876 = CARTESIAN_POINT('',(-14.29,-29.73465126396,-2.86));
#18877 = DIRECTION('',(0.,-8.537024980201E-17,1.));
#18878 = DIRECTION('',(0.,-1.,-8.537024980201E-17));
#18879 = ADVANCED_FACE('',(#18880),#18896,.T.);
#18880 = FACE_BOUND('',#18881,.T.);
#18881 = EDGE_LOOP('',(#18882,#18888,#18889,#18895));
#18882 = ORIENTED_EDGE('',*,*,#18883,.T.);
#18883 = EDGE_CURVE('',#14832,#13424,#18884,.T.);
#18884 = LINE('',#18885,#18886);
#18885 = CARTESIAN_POINT('',(-11.11,-29.73465126396,0.32));
#18886 = VECTOR('',#18887,1.);
#18887 = DIRECTION('',(0.,1.,8.537024980201E-17));
#18888 = ORIENTED_EDGE('',*,*,#13423,.F.);
#18889 = ORIENTED_EDGE('',*,*,#18890,.F.);
#18890 = EDGE_CURVE('',#14840,#13416,#18891,.T.);
#18891 = LINE('',#18892,#18893);
#18892 = CARTESIAN_POINT('',(-11.11,-29.73465126396,-0.32));
#18893 = VECTOR('',#18894,1.);
#18894 = DIRECTION('',(0.,1.,8.537024980201E-17));
#18895 = ORIENTED_EDGE('',*,*,#14839,.F.);
#18896 = PLANE('',#18897);
#18897 = AXIS2_PLACEMENT_3D('',#18898,#18899,#18900);
#18898 = CARTESIAN_POINT('',(-11.11,-29.73465126396,-0.32));
#18899 = DIRECTION('',(-1.,0.,0.));
#18900 = DIRECTION('',(0.,0.,1.));
#18901 = ADVANCED_FACE('',(#18902),#18913,.T.);
#18902 = FACE_BOUND('',#18903,.T.);
#18903 = EDGE_LOOP('',(#18904,#18910,#18911,#18912));
#18904 = ORIENTED_EDGE('',*,*,#18905,.T.);
#18905 = EDGE_CURVE('',#14830,#13432,#18906,.T.);
#18906 = LINE('',#18907,#18908);
#18907 = CARTESIAN_POINT('',(-11.75,-29.73465126396,0.32));
#18908 = VECTOR('',#18909,1.);
#18909 = DIRECTION('',(0.,1.,8.537024980201E-17));
#18910 = ORIENTED_EDGE('',*,*,#13431,.F.);
#18911 = ORIENTED_EDGE('',*,*,#18883,.F.);
#18912 = ORIENTED_EDGE('',*,*,#14829,.F.);
#18913 = PLANE('',#18914);
#18914 = AXIS2_PLACEMENT_3D('',#18915,#18916,#18917);
#18915 = CARTESIAN_POINT('',(-11.11,-29.73465126396,0.32));
#18916 = DIRECTION('',(0.,8.537024980201E-17,-1.));
#18917 = DIRECTION('',(0.,1.,8.537024980201E-17));
#18918 = ADVANCED_FACE('',(#18919),#18930,.T.);
#18919 = FACE_BOUND('',#18920,.T.);
#18920 = EDGE_LOOP('',(#18921,#18927,#18928,#18929));
#18921 = ORIENTED_EDGE('',*,*,#18922,.T.);
#18922 = EDGE_CURVE('',#14848,#13414,#18923,.T.);
#18923 = LINE('',#18924,#18925);
#18924 = CARTESIAN_POINT('',(-11.75,-29.73465126396,-0.32));
#18925 = VECTOR('',#18926,1.);
#18926 = DIRECTION('',(0.,1.,8.537024980201E-17));
#18927 = ORIENTED_EDGE('',*,*,#13439,.F.);
#18928 = ORIENTED_EDGE('',*,*,#18905,.F.);
#18929 = ORIENTED_EDGE('',*,*,#14855,.F.);
#18930 = PLANE('',#18931);
#18931 = AXIS2_PLACEMENT_3D('',#18932,#18933,#18934);
#18932 = CARTESIAN_POINT('',(-11.75,-29.73465126396,0.32));
#18933 = DIRECTION('',(1.,0.,0.));
#18934 = DIRECTION('',(0.,0.,-1.));
#18935 = ADVANCED_FACE('',(#18936),#18942,.T.);
#18936 = FACE_BOUND('',#18937,.T.);
#18937 = EDGE_LOOP('',(#18938,#18939,#18940,#18941));
#18938 = ORIENTED_EDGE('',*,*,#18890,.T.);
#18939 = ORIENTED_EDGE('',*,*,#13413,.F.);
#18940 = ORIENTED_EDGE('',*,*,#18922,.F.);
#18941 = ORIENTED_EDGE('',*,*,#14847,.F.);
#18942 = PLANE('',#18943);
#18943 = AXIS2_PLACEMENT_3D('',#18944,#18945,#18946);
#18944 = CARTESIAN_POINT('',(-11.75,-29.73465126396,-0.32));
#18945 = DIRECTION('',(0.,-8.537024980201E-17,1.));
#18946 = DIRECTION('',(0.,-1.,-8.537024980201E-17));
#18947 = ADVANCED_FACE('',(#18948),#18964,.T.);
#18948 = FACE_BOUND('',#18949,.T.);
#18949 = EDGE_LOOP('',(#18950,#18956,#18957,#18963));
#18950 = ORIENTED_EDGE('',*,*,#18951,.T.);
#18951 = EDGE_CURVE('',#15528,#14120,#18952,.T.);
#18952 = LINE('',#18953,#18954);
#18953 = CARTESIAN_POINT('',(-11.11,-29.73465126396,-2.22));
#18954 = VECTOR('',#18955,1.);
#18955 = DIRECTION('',(0.,1.,8.537024980201E-17));
#18956 = ORIENTED_EDGE('',*,*,#14119,.F.);
#18957 = ORIENTED_EDGE('',*,*,#18958,.F.);
#18958 = EDGE_CURVE('',#15536,#14112,#18959,.T.);
#18959 = LINE('',#18960,#18961);
#18960 = CARTESIAN_POINT('',(-11.11,-29.73465126396,-2.86));
#18961 = VECTOR('',#18962,1.);
#18962 = DIRECTION('',(0.,1.,8.537024980201E-17));
#18963 = ORIENTED_EDGE('',*,*,#15535,.F.);
#18964 = PLANE('',#18965);
#18965 = AXIS2_PLACEMENT_3D('',#18966,#18967,#18968);
#18966 = CARTESIAN_POINT('',(-11.11,-29.73465126396,-2.86));
#18967 = DIRECTION('',(-1.,0.,0.));
#18968 = DIRECTION('',(0.,0.,1.));
#18969 = ADVANCED_FACE('',(#18970),#18981,.T.);
#18970 = FACE_BOUND('',#18971,.T.);
#18971 = EDGE_LOOP('',(#18972,#18978,#18979,#18980));
#18972 = ORIENTED_EDGE('',*,*,#18973,.T.);
#18973 = EDGE_CURVE('',#15526,#14128,#18974,.T.);
#18974 = LINE('',#18975,#18976);
#18975 = CARTESIAN_POINT('',(-11.75,-29.73465126396,-2.22));
#18976 = VECTOR('',#18977,1.);
#18977 = DIRECTION('',(0.,1.,8.537024980201E-17));
#18978 = ORIENTED_EDGE('',*,*,#14127,.F.);
#18979 = ORIENTED_EDGE('',*,*,#18951,.F.);
#18980 = ORIENTED_EDGE('',*,*,#15525,.F.);
#18981 = PLANE('',#18982);
#18982 = AXIS2_PLACEMENT_3D('',#18983,#18984,#18985);
#18983 = CARTESIAN_POINT('',(-11.11,-29.73465126396,-2.22));
#18984 = DIRECTION('',(0.,8.537024980201E-17,-1.));
#18985 = DIRECTION('',(0.,1.,8.537024980201E-17));
#18986 = ADVANCED_FACE('',(#18987),#18998,.T.);
#18987 = FACE_BOUND('',#18988,.T.);
#18988 = EDGE_LOOP('',(#18989,#18995,#18996,#18997));
#18989 = ORIENTED_EDGE('',*,*,#18990,.T.);
#18990 = EDGE_CURVE('',#15544,#14110,#18991,.T.);
#18991 = LINE('',#18992,#18993);
#18992 = CARTESIAN_POINT('',(-11.75,-29.73465126396,-2.86));
#18993 = VECTOR('',#18994,1.);
#18994 = DIRECTION('',(0.,1.,8.537024980201E-17));
#18995 = ORIENTED_EDGE('',*,*,#14135,.F.);
#18996 = ORIENTED_EDGE('',*,*,#18973,.F.);
#18997 = ORIENTED_EDGE('',*,*,#15551,.F.);
#18998 = PLANE('',#18999);
#18999 = AXIS2_PLACEMENT_3D('',#19000,#19001,#19002);
#19000 = CARTESIAN_POINT('',(-11.75,-29.73465126396,-2.22));
#19001 = DIRECTION('',(1.,0.,0.));
#19002 = DIRECTION('',(0.,0.,-1.));
#19003 = ADVANCED_FACE('',(#19004),#19010,.T.);
#19004 = FACE_BOUND('',#19005,.T.);
#19005 = EDGE_LOOP('',(#19006,#19007,#19008,#19009));
#19006 = ORIENTED_EDGE('',*,*,#18958,.T.);
#19007 = ORIENTED_EDGE('',*,*,#14109,.F.);
#19008 = ORIENTED_EDGE('',*,*,#18990,.F.);
#19009 = ORIENTED_EDGE('',*,*,#15543,.F.);
#19010 = PLANE('',#19011);
#19011 = AXIS2_PLACEMENT_3D('',#19012,#19013,#19014);
#19012 = CARTESIAN_POINT('',(-11.75,-29.73465126396,-2.86));
#19013 = DIRECTION('',(0.,-8.537024980201E-17,1.));
#19014 = DIRECTION('',(0.,-1.,-8.537024980201E-17));
#19015 = ADVANCED_FACE('',(#19016),#19032,.T.);
#19016 = FACE_BOUND('',#19017,.T.);
#19017 = EDGE_LOOP('',(#19018,#19024,#19025,#19031));
#19018 = ORIENTED_EDGE('',*,*,#19019,.T.);
#19019 = EDGE_CURVE('',#14798,#13390,#19020,.T.);
#19020 = LINE('',#19021,#19022);
#19021 = CARTESIAN_POINT('',(-8.57,-29.73465126396,0.32));
#19022 = VECTOR('',#19023,1.);
#19023 = DIRECTION('',(0.,1.,8.537024980201E-17));
#19024 = ORIENTED_EDGE('',*,*,#13389,.F.);
#19025 = ORIENTED_EDGE('',*,*,#19026,.F.);
#19026 = EDGE_CURVE('',#14806,#13382,#19027,.T.);
#19027 = LINE('',#19028,#19029);
#19028 = CARTESIAN_POINT('',(-8.57,-29.73465126396,-0.32));
#19029 = VECTOR('',#19030,1.);
#19030 = DIRECTION('',(0.,1.,8.537024980201E-17));
#19031 = ORIENTED_EDGE('',*,*,#14805,.F.);
#19032 = PLANE('',#19033);
#19033 = AXIS2_PLACEMENT_3D('',#19034,#19035,#19036);
#19034 = CARTESIAN_POINT('',(-8.57,-29.73465126396,-0.32));
#19035 = DIRECTION('',(-1.,0.,0.));
#19036 = DIRECTION('',(0.,0.,1.));
#19037 = ADVANCED_FACE('',(#19038),#19049,.T.);
#19038 = FACE_BOUND('',#19039,.T.);
#19039 = EDGE_LOOP('',(#19040,#19046,#19047,#19048));
#19040 = ORIENTED_EDGE('',*,*,#19041,.T.);
#19041 = EDGE_CURVE('',#14796,#13398,#19042,.T.);
#19042 = LINE('',#19043,#19044);
#19043 = CARTESIAN_POINT('',(-9.21,-29.73465126396,0.32));
#19044 = VECTOR('',#19045,1.);
#19045 = DIRECTION('',(0.,1.,8.537024980201E-17));
#19046 = ORIENTED_EDGE('',*,*,#13397,.F.);
#19047 = ORIENTED_EDGE('',*,*,#19019,.F.);
#19048 = ORIENTED_EDGE('',*,*,#14795,.F.);
#19049 = PLANE('',#19050);
#19050 = AXIS2_PLACEMENT_3D('',#19051,#19052,#19053);
#19051 = CARTESIAN_POINT('',(-8.57,-29.73465126396,0.32));
#19052 = DIRECTION('',(0.,8.537024980201E-17,-1.));
#19053 = DIRECTION('',(0.,1.,8.537024980201E-17));
#19054 = ADVANCED_FACE('',(#19055),#19066,.T.);
#19055 = FACE_BOUND('',#19056,.T.);
#19056 = EDGE_LOOP('',(#19057,#19063,#19064,#19065));
#19057 = ORIENTED_EDGE('',*,*,#19058,.T.);
#19058 = EDGE_CURVE('',#14814,#13380,#19059,.T.);
#19059 = LINE('',#19060,#19061);
#19060 = CARTESIAN_POINT('',(-9.21,-29.73465126396,-0.32));
#19061 = VECTOR('',#19062,1.);
#19062 = DIRECTION('',(0.,1.,8.537024980201E-17));
#19063 = ORIENTED_EDGE('',*,*,#13405,.F.);
#19064 = ORIENTED_EDGE('',*,*,#19041,.F.);
#19065 = ORIENTED_EDGE('',*,*,#14821,.F.);
#19066 = PLANE('',#19067);
#19067 = AXIS2_PLACEMENT_3D('',#19068,#19069,#19070);
#19068 = CARTESIAN_POINT('',(-9.21,-29.73465126396,0.32));
#19069 = DIRECTION('',(1.,0.,0.));
#19070 = DIRECTION('',(0.,0.,-1.));
#19071 = ADVANCED_FACE('',(#19072),#19078,.T.);
#19072 = FACE_BOUND('',#19073,.T.);
#19073 = EDGE_LOOP('',(#19074,#19075,#19076,#19077));
#19074 = ORIENTED_EDGE('',*,*,#19026,.T.);
#19075 = ORIENTED_EDGE('',*,*,#13379,.F.);
#19076 = ORIENTED_EDGE('',*,*,#19058,.F.);
#19077 = ORIENTED_EDGE('',*,*,#14813,.F.);
#19078 = PLANE('',#19079);
#19079 = AXIS2_PLACEMENT_3D('',#19080,#19081,#19082);
#19080 = CARTESIAN_POINT('',(-9.21,-29.73465126396,-0.32));
#19081 = DIRECTION('',(0.,-8.537024980201E-17,1.));
#19082 = DIRECTION('',(0.,-1.,-8.537024980201E-17));
#19083 = ADVANCED_FACE('',(#19084),#19100,.T.);
#19084 = FACE_BOUND('',#19085,.T.);
#19085 = EDGE_LOOP('',(#19086,#19092,#19093,#19099));
#19086 = ORIENTED_EDGE('',*,*,#19087,.T.);
#19087 = EDGE_CURVE('',#15562,#14154,#19088,.T.);
#19088 = LINE('',#19089,#19090);
#19089 = CARTESIAN_POINT('',(-8.57,-29.73465126396,-2.22));
#19090 = VECTOR('',#19091,1.);
#19091 = DIRECTION('',(0.,1.,8.537024980201E-17));
#19092 = ORIENTED_EDGE('',*,*,#14153,.F.);
#19093 = ORIENTED_EDGE('',*,*,#19094,.F.);
#19094 = EDGE_CURVE('',#15570,#14146,#19095,.T.);
#19095 = LINE('',#19096,#19097);
#19096 = CARTESIAN_POINT('',(-8.57,-29.73465126396,-2.86));
#19097 = VECTOR('',#19098,1.);
#19098 = DIRECTION('',(0.,1.,8.537024980201E-17));
#19099 = ORIENTED_EDGE('',*,*,#15569,.F.);
#19100 = PLANE('',#19101);
#19101 = AXIS2_PLACEMENT_3D('',#19102,#19103,#19104);
#19102 = CARTESIAN_POINT('',(-8.57,-29.73465126396,-2.86));
#19103 = DIRECTION('',(-1.,0.,0.));
#19104 = DIRECTION('',(0.,0.,1.));
#19105 = ADVANCED_FACE('',(#19106),#19117,.T.);
#19106 = FACE_BOUND('',#19107,.T.);
#19107 = EDGE_LOOP('',(#19108,#19114,#19115,#19116));
#19108 = ORIENTED_EDGE('',*,*,#19109,.T.);
#19109 = EDGE_CURVE('',#15560,#14162,#19110,.T.);
#19110 = LINE('',#19111,#19112);
#19111 = CARTESIAN_POINT('',(-9.21,-29.73465126396,-2.22));
#19112 = VECTOR('',#19113,1.);
#19113 = DIRECTION('',(0.,1.,8.537024980201E-17));
#19114 = ORIENTED_EDGE('',*,*,#14161,.F.);
#19115 = ORIENTED_EDGE('',*,*,#19087,.F.);
#19116 = ORIENTED_EDGE('',*,*,#15559,.F.);
#19117 = PLANE('',#19118);
#19118 = AXIS2_PLACEMENT_3D('',#19119,#19120,#19121);
#19119 = CARTESIAN_POINT('',(-8.57,-29.73465126396,-2.22));
#19120 = DIRECTION('',(0.,8.537024980201E-17,-1.));
#19121 = DIRECTION('',(0.,1.,8.537024980201E-17));
#19122 = ADVANCED_FACE('',(#19123),#19134,.T.);
#19123 = FACE_BOUND('',#19124,.T.);
#19124 = EDGE_LOOP('',(#19125,#19131,#19132,#19133));
#19125 = ORIENTED_EDGE('',*,*,#19126,.T.);
#19126 = EDGE_CURVE('',#15578,#14144,#19127,.T.);
#19127 = LINE('',#19128,#19129);
#19128 = CARTESIAN_POINT('',(-9.21,-29.73465126396,-2.86));
#19129 = VECTOR('',#19130,1.);
#19130 = DIRECTION('',(0.,1.,8.537024980201E-17));
#19131 = ORIENTED_EDGE('',*,*,#14169,.F.);
#19132 = ORIENTED_EDGE('',*,*,#19109,.F.);
#19133 = ORIENTED_EDGE('',*,*,#15585,.F.);
#19134 = PLANE('',#19135);
#19135 = AXIS2_PLACEMENT_3D('',#19136,#19137,#19138);
#19136 = CARTESIAN_POINT('',(-9.21,-29.73465126396,-2.22));
#19137 = DIRECTION('',(1.,0.,0.));
#19138 = DIRECTION('',(0.,0.,-1.));
#19139 = ADVANCED_FACE('',(#19140),#19146,.T.);
#19140 = FACE_BOUND('',#19141,.T.);
#19141 = EDGE_LOOP('',(#19142,#19143,#19144,#19145));
#19142 = ORIENTED_EDGE('',*,*,#19094,.T.);
#19143 = ORIENTED_EDGE('',*,*,#14143,.F.);
#19144 = ORIENTED_EDGE('',*,*,#19126,.F.);
#19145 = ORIENTED_EDGE('',*,*,#15577,.F.);
#19146 = PLANE('',#19147);
#19147 = AXIS2_PLACEMENT_3D('',#19148,#19149,#19150);
#19148 = CARTESIAN_POINT('',(-9.21,-29.73465126396,-2.86));
#19149 = DIRECTION('',(0.,-8.537024980201E-17,1.));
#19150 = DIRECTION('',(0.,-1.,-8.537024980201E-17));
#19151 = ADVANCED_FACE('',(#19152),#19168,.T.);
#19152 = FACE_BOUND('',#19153,.T.);
#19153 = EDGE_LOOP('',(#19154,#19160,#19161,#19167));
#19154 = ORIENTED_EDGE('',*,*,#19155,.T.);
#19155 = EDGE_CURVE('',#14764,#13356,#19156,.T.);
#19156 = LINE('',#19157,#19158);
#19157 = CARTESIAN_POINT('',(-6.03,-29.73465126396,0.32));
#19158 = VECTOR('',#19159,1.);
#19159 = DIRECTION('',(0.,1.,8.537024980201E-17));
#19160 = ORIENTED_EDGE('',*,*,#13355,.F.);
#19161 = ORIENTED_EDGE('',*,*,#19162,.F.);
#19162 = EDGE_CURVE('',#14772,#13348,#19163,.T.);
#19163 = LINE('',#19164,#19165);
#19164 = CARTESIAN_POINT('',(-6.03,-29.73465126396,-0.32));
#19165 = VECTOR('',#19166,1.);
#19166 = DIRECTION('',(0.,1.,8.537024980201E-17));
#19167 = ORIENTED_EDGE('',*,*,#14771,.F.);
#19168 = PLANE('',#19169);
#19169 = AXIS2_PLACEMENT_3D('',#19170,#19171,#19172);
#19170 = CARTESIAN_POINT('',(-6.03,-29.73465126396,-0.32));
#19171 = DIRECTION('',(-1.,0.,0.));
#19172 = DIRECTION('',(0.,0.,1.));
#19173 = ADVANCED_FACE('',(#19174),#19185,.T.);
#19174 = FACE_BOUND('',#19175,.T.);
#19175 = EDGE_LOOP('',(#19176,#19182,#19183,#19184));
#19176 = ORIENTED_EDGE('',*,*,#19177,.T.);
#19177 = EDGE_CURVE('',#14762,#13364,#19178,.T.);
#19178 = LINE('',#19179,#19180);
#19179 = CARTESIAN_POINT('',(-6.67,-29.73465126396,0.32));
#19180 = VECTOR('',#19181,1.);
#19181 = DIRECTION('',(0.,1.,8.537024980201E-17));
#19182 = ORIENTED_EDGE('',*,*,#13363,.F.);
#19183 = ORIENTED_EDGE('',*,*,#19155,.F.);
#19184 = ORIENTED_EDGE('',*,*,#14761,.F.);
#19185 = PLANE('',#19186);
#19186 = AXIS2_PLACEMENT_3D('',#19187,#19188,#19189);
#19187 = CARTESIAN_POINT('',(-6.03,-29.73465126396,0.32));
#19188 = DIRECTION('',(0.,8.537024980201E-17,-1.));
#19189 = DIRECTION('',(0.,1.,8.537024980201E-17));
#19190 = ADVANCED_FACE('',(#19191),#19202,.T.);
#19191 = FACE_BOUND('',#19192,.T.);
#19192 = EDGE_LOOP('',(#19193,#19199,#19200,#19201));
#19193 = ORIENTED_EDGE('',*,*,#19194,.T.);
#19194 = EDGE_CURVE('',#14780,#13346,#19195,.T.);
#19195 = LINE('',#19196,#19197);
#19196 = CARTESIAN_POINT('',(-6.67,-29.73465126396,-0.32));
#19197 = VECTOR('',#19198,1.);
#19198 = DIRECTION('',(0.,1.,8.537024980201E-17));
#19199 = ORIENTED_EDGE('',*,*,#13371,.F.);
#19200 = ORIENTED_EDGE('',*,*,#19177,.F.);
#19201 = ORIENTED_EDGE('',*,*,#14787,.F.);
#19202 = PLANE('',#19203);
#19203 = AXIS2_PLACEMENT_3D('',#19204,#19205,#19206);
#19204 = CARTESIAN_POINT('',(-6.67,-29.73465126396,0.32));
#19205 = DIRECTION('',(1.,0.,0.));
#19206 = DIRECTION('',(0.,0.,-1.));
#19207 = ADVANCED_FACE('',(#19208),#19214,.T.);
#19208 = FACE_BOUND('',#19209,.T.);
#19209 = EDGE_LOOP('',(#19210,#19211,#19212,#19213));
#19210 = ORIENTED_EDGE('',*,*,#19162,.T.);
#19211 = ORIENTED_EDGE('',*,*,#13345,.F.);
#19212 = ORIENTED_EDGE('',*,*,#19194,.F.);
#19213 = ORIENTED_EDGE('',*,*,#14779,.F.);
#19214 = PLANE('',#19215);
#19215 = AXIS2_PLACEMENT_3D('',#19216,#19217,#19218);
#19216 = CARTESIAN_POINT('',(-6.67,-29.73465126396,-0.32));
#19217 = DIRECTION('',(0.,-8.537024980201E-17,1.));
#19218 = DIRECTION('',(0.,-1.,-8.537024980201E-17));
#19219 = ADVANCED_FACE('',(#19220),#19236,.T.);
#19220 = FACE_BOUND('',#19221,.T.);
#19221 = EDGE_LOOP('',(#19222,#19228,#19229,#19235));
#19222 = ORIENTED_EDGE('',*,*,#19223,.T.);
#19223 = EDGE_CURVE('',#15596,#14188,#19224,.T.);
#19224 = LINE('',#19225,#19226);
#19225 = CARTESIAN_POINT('',(-6.03,-29.73465126396,-2.22));
#19226 = VECTOR('',#19227,1.);
#19227 = DIRECTION('',(0.,1.,8.537024980201E-17));
#19228 = ORIENTED_EDGE('',*,*,#14187,.F.);
#19229 = ORIENTED_EDGE('',*,*,#19230,.F.);
#19230 = EDGE_CURVE('',#15604,#14180,#19231,.T.);
#19231 = LINE('',#19232,#19233);
#19232 = CARTESIAN_POINT('',(-6.03,-29.73465126396,-2.86));
#19233 = VECTOR('',#19234,1.);
#19234 = DIRECTION('',(0.,1.,8.537024980201E-17));
#19235 = ORIENTED_EDGE('',*,*,#15603,.F.);
#19236 = PLANE('',#19237);
#19237 = AXIS2_PLACEMENT_3D('',#19238,#19239,#19240);
#19238 = CARTESIAN_POINT('',(-6.03,-29.73465126396,-2.86));
#19239 = DIRECTION('',(-1.,0.,0.));
#19240 = DIRECTION('',(0.,0.,1.));
#19241 = ADVANCED_FACE('',(#19242),#19253,.T.);
#19242 = FACE_BOUND('',#19243,.T.);
#19243 = EDGE_LOOP('',(#19244,#19250,#19251,#19252));
#19244 = ORIENTED_EDGE('',*,*,#19245,.T.);
#19245 = EDGE_CURVE('',#15594,#14196,#19246,.T.);
#19246 = LINE('',#19247,#19248);
#19247 = CARTESIAN_POINT('',(-6.67,-29.73465126396,-2.22));
#19248 = VECTOR('',#19249,1.);
#19249 = DIRECTION('',(0.,1.,8.537024980201E-17));
#19250 = ORIENTED_EDGE('',*,*,#14195,.F.);
#19251 = ORIENTED_EDGE('',*,*,#19223,.F.);
#19252 = ORIENTED_EDGE('',*,*,#15593,.F.);
#19253 = PLANE('',#19254);
#19254 = AXIS2_PLACEMENT_3D('',#19255,#19256,#19257);
#19255 = CARTESIAN_POINT('',(-6.03,-29.73465126396,-2.22));
#19256 = DIRECTION('',(0.,8.537024980201E-17,-1.));
#19257 = DIRECTION('',(0.,1.,8.537024980201E-17));
#19258 = ADVANCED_FACE('',(#19259),#19270,.T.);
#19259 = FACE_BOUND('',#19260,.T.);
#19260 = EDGE_LOOP('',(#19261,#19267,#19268,#19269));
#19261 = ORIENTED_EDGE('',*,*,#19262,.T.);
#19262 = EDGE_CURVE('',#15612,#14178,#19263,.T.);
#19263 = LINE('',#19264,#19265);
#19264 = CARTESIAN_POINT('',(-6.67,-29.73465126396,-2.86));
#19265 = VECTOR('',#19266,1.);
#19266 = DIRECTION('',(0.,1.,8.537024980201E-17));
#19267 = ORIENTED_EDGE('',*,*,#14203,.F.);
#19268 = ORIENTED_EDGE('',*,*,#19245,.F.);
#19269 = ORIENTED_EDGE('',*,*,#15619,.F.);
#19270 = PLANE('',#19271);
#19271 = AXIS2_PLACEMENT_3D('',#19272,#19273,#19274);
#19272 = CARTESIAN_POINT('',(-6.67,-29.73465126396,-2.22));
#19273 = DIRECTION('',(1.,0.,0.));
#19274 = DIRECTION('',(0.,0.,-1.));
#19275 = ADVANCED_FACE('',(#19276),#19282,.T.);
#19276 = FACE_BOUND('',#19277,.T.);
#19277 = EDGE_LOOP('',(#19278,#19279,#19280,#19281));
#19278 = ORIENTED_EDGE('',*,*,#19230,.T.);
#19279 = ORIENTED_EDGE('',*,*,#14177,.F.);
#19280 = ORIENTED_EDGE('',*,*,#19262,.F.);
#19281 = ORIENTED_EDGE('',*,*,#15611,.F.);
#19282 = PLANE('',#19283);
#19283 = AXIS2_PLACEMENT_3D('',#19284,#19285,#19286);
#19284 = CARTESIAN_POINT('',(-6.67,-29.73465126396,-2.86));
#19285 = DIRECTION('',(0.,-8.537024980201E-17,1.));
#19286 = DIRECTION('',(0.,-1.,-8.537024980201E-17));
#19287 = ADVANCED_FACE('',(#19288),#19304,.T.);
#19288 = FACE_BOUND('',#19289,.T.);
#19289 = EDGE_LOOP('',(#19290,#19296,#19297,#19303));
#19290 = ORIENTED_EDGE('',*,*,#19291,.T.);
#19291 = EDGE_CURVE('',#14730,#13322,#19292,.T.);
#19292 = LINE('',#19293,#19294);
#19293 = CARTESIAN_POINT('',(-3.49,-29.73465126396,0.32));
#19294 = VECTOR('',#19295,1.);
#19295 = DIRECTION('',(0.,1.,8.537024980201E-17));
#19296 = ORIENTED_EDGE('',*,*,#13321,.F.);
#19297 = ORIENTED_EDGE('',*,*,#19298,.F.);
#19298 = EDGE_CURVE('',#14738,#13314,#19299,.T.);
#19299 = LINE('',#19300,#19301);
#19300 = CARTESIAN_POINT('',(-3.49,-29.73465126396,-0.32));
#19301 = VECTOR('',#19302,1.);
#19302 = DIRECTION('',(0.,1.,8.537024980201E-17));
#19303 = ORIENTED_EDGE('',*,*,#14737,.F.);
#19304 = PLANE('',#19305);
#19305 = AXIS2_PLACEMENT_3D('',#19306,#19307,#19308);
#19306 = CARTESIAN_POINT('',(-3.49,-29.73465126396,-0.32));
#19307 = DIRECTION('',(-1.,0.,0.));
#19308 = DIRECTION('',(0.,0.,1.));
#19309 = ADVANCED_FACE('',(#19310),#19321,.T.);
#19310 = FACE_BOUND('',#19311,.T.);
#19311 = EDGE_LOOP('',(#19312,#19318,#19319,#19320));
#19312 = ORIENTED_EDGE('',*,*,#19313,.T.);
#19313 = EDGE_CURVE('',#14728,#13330,#19314,.T.);
#19314 = LINE('',#19315,#19316);
#19315 = CARTESIAN_POINT('',(-4.13,-29.73465126396,0.32));
#19316 = VECTOR('',#19317,1.);
#19317 = DIRECTION('',(0.,1.,8.537024980201E-17));
#19318 = ORIENTED_EDGE('',*,*,#13329,.F.);
#19319 = ORIENTED_EDGE('',*,*,#19291,.F.);
#19320 = ORIENTED_EDGE('',*,*,#14727,.F.);
#19321 = PLANE('',#19322);
#19322 = AXIS2_PLACEMENT_3D('',#19323,#19324,#19325);
#19323 = CARTESIAN_POINT('',(-3.49,-29.73465126396,0.32));
#19324 = DIRECTION('',(0.,8.537024980201E-17,-1.));
#19325 = DIRECTION('',(0.,1.,8.537024980201E-17));
#19326 = ADVANCED_FACE('',(#19327),#19338,.T.);
#19327 = FACE_BOUND('',#19328,.T.);
#19328 = EDGE_LOOP('',(#19329,#19335,#19336,#19337));
#19329 = ORIENTED_EDGE('',*,*,#19330,.T.);
#19330 = EDGE_CURVE('',#14746,#13312,#19331,.T.);
#19331 = LINE('',#19332,#19333);
#19332 = CARTESIAN_POINT('',(-4.13,-29.73465126396,-0.32));
#19333 = VECTOR('',#19334,1.);
#19334 = DIRECTION('',(0.,1.,8.537024980201E-17));
#19335 = ORIENTED_EDGE('',*,*,#13337,.F.);
#19336 = ORIENTED_EDGE('',*,*,#19313,.F.);
#19337 = ORIENTED_EDGE('',*,*,#14753,.F.);
#19338 = PLANE('',#19339);
#19339 = AXIS2_PLACEMENT_3D('',#19340,#19341,#19342);
#19340 = CARTESIAN_POINT('',(-4.13,-29.73465126396,0.32));
#19341 = DIRECTION('',(1.,0.,0.));
#19342 = DIRECTION('',(0.,0.,-1.));
#19343 = ADVANCED_FACE('',(#19344),#19350,.T.);
#19344 = FACE_BOUND('',#19345,.T.);
#19345 = EDGE_LOOP('',(#19346,#19347,#19348,#19349));
#19346 = ORIENTED_EDGE('',*,*,#19298,.T.);
#19347 = ORIENTED_EDGE('',*,*,#13311,.F.);
#19348 = ORIENTED_EDGE('',*,*,#19330,.F.);
#19349 = ORIENTED_EDGE('',*,*,#14745,.F.);
#19350 = PLANE('',#19351);
#19351 = AXIS2_PLACEMENT_3D('',#19352,#19353,#19354);
#19352 = CARTESIAN_POINT('',(-4.13,-29.73465126396,-0.32));
#19353 = DIRECTION('',(0.,-8.537024980201E-17,1.));
#19354 = DIRECTION('',(0.,-1.,-8.537024980201E-17));
#19355 = ADVANCED_FACE('',(#19356),#19372,.T.);
#19356 = FACE_BOUND('',#19357,.T.);
#19357 = EDGE_LOOP('',(#19358,#19364,#19365,#19371));
#19358 = ORIENTED_EDGE('',*,*,#19359,.T.);
#19359 = EDGE_CURVE('',#15630,#14222,#19360,.T.);
#19360 = LINE('',#19361,#19362);
#19361 = CARTESIAN_POINT('',(-3.49,-29.73465126396,-2.22));
#19362 = VECTOR('',#19363,1.);
#19363 = DIRECTION('',(0.,1.,8.537024980201E-17));
#19364 = ORIENTED_EDGE('',*,*,#14221,.F.);
#19365 = ORIENTED_EDGE('',*,*,#19366,.F.);
#19366 = EDGE_CURVE('',#15638,#14214,#19367,.T.);
#19367 = LINE('',#19368,#19369);
#19368 = CARTESIAN_POINT('',(-3.49,-29.73465126396,-2.86));
#19369 = VECTOR('',#19370,1.);
#19370 = DIRECTION('',(0.,1.,8.537024980201E-17));
#19371 = ORIENTED_EDGE('',*,*,#15637,.F.);
#19372 = PLANE('',#19373);
#19373 = AXIS2_PLACEMENT_3D('',#19374,#19375,#19376);
#19374 = CARTESIAN_POINT('',(-3.49,-29.73465126396,-2.86));
#19375 = DIRECTION('',(-1.,0.,0.));
#19376 = DIRECTION('',(0.,0.,1.));
#19377 = ADVANCED_FACE('',(#19378),#19389,.T.);
#19378 = FACE_BOUND('',#19379,.T.);
#19379 = EDGE_LOOP('',(#19380,#19386,#19387,#19388));
#19380 = ORIENTED_EDGE('',*,*,#19381,.T.);
#19381 = EDGE_CURVE('',#15628,#14230,#19382,.T.);
#19382 = LINE('',#19383,#19384);
#19383 = CARTESIAN_POINT('',(-4.13,-29.73465126396,-2.22));
#19384 = VECTOR('',#19385,1.);
#19385 = DIRECTION('',(0.,1.,8.537024980201E-17));
#19386 = ORIENTED_EDGE('',*,*,#14229,.F.);
#19387 = ORIENTED_EDGE('',*,*,#19359,.F.);
#19388 = ORIENTED_EDGE('',*,*,#15627,.F.);
#19389 = PLANE('',#19390);
#19390 = AXIS2_PLACEMENT_3D('',#19391,#19392,#19393);
#19391 = CARTESIAN_POINT('',(-3.49,-29.73465126396,-2.22));
#19392 = DIRECTION('',(0.,8.537024980201E-17,-1.));
#19393 = DIRECTION('',(0.,1.,8.537024980201E-17));
#19394 = ADVANCED_FACE('',(#19395),#19406,.T.);
#19395 = FACE_BOUND('',#19396,.T.);
#19396 = EDGE_LOOP('',(#19397,#19403,#19404,#19405));
#19397 = ORIENTED_EDGE('',*,*,#19398,.T.);
#19398 = EDGE_CURVE('',#15646,#14212,#19399,.T.);
#19399 = LINE('',#19400,#19401);
#19400 = CARTESIAN_POINT('',(-4.13,-29.73465126396,-2.86));
#19401 = VECTOR('',#19402,1.);
#19402 = DIRECTION('',(0.,1.,8.537024980201E-17));
#19403 = ORIENTED_EDGE('',*,*,#14237,.F.);
#19404 = ORIENTED_EDGE('',*,*,#19381,.F.);
#19405 = ORIENTED_EDGE('',*,*,#15653,.F.);
#19406 = PLANE('',#19407);
#19407 = AXIS2_PLACEMENT_3D('',#19408,#19409,#19410);
#19408 = CARTESIAN_POINT('',(-4.13,-29.73465126396,-2.22));
#19409 = DIRECTION('',(1.,0.,0.));
#19410 = DIRECTION('',(0.,0.,-1.));
#19411 = ADVANCED_FACE('',(#19412),#19418,.T.);
#19412 = FACE_BOUND('',#19413,.T.);
#19413 = EDGE_LOOP('',(#19414,#19415,#19416,#19417));
#19414 = ORIENTED_EDGE('',*,*,#19366,.T.);
#19415 = ORIENTED_EDGE('',*,*,#14211,.F.);
#19416 = ORIENTED_EDGE('',*,*,#19398,.F.);
#19417 = ORIENTED_EDGE('',*,*,#15645,.F.);
#19418 = PLANE('',#19419);
#19419 = AXIS2_PLACEMENT_3D('',#19420,#19421,#19422);
#19420 = CARTESIAN_POINT('',(-4.13,-29.73465126396,-2.86));
#19421 = DIRECTION('',(0.,-8.537024980201E-17,1.));
#19422 = DIRECTION('',(0.,-1.,-8.537024980201E-17));
#19423 = ADVANCED_FACE('',(#19424),#19440,.T.);
#19424 = FACE_BOUND('',#19425,.T.);
#19425 = EDGE_LOOP('',(#19426,#19432,#19433,#19439));
#19426 = ORIENTED_EDGE('',*,*,#19427,.T.);
#19427 = EDGE_CURVE('',#14696,#13288,#19428,.T.);
#19428 = LINE('',#19429,#19430);
#19429 = CARTESIAN_POINT('',(-0.95,-29.73465126396,0.32));
#19430 = VECTOR('',#19431,1.);
#19431 = DIRECTION('',(0.,1.,8.537024980201E-17));
#19432 = ORIENTED_EDGE('',*,*,#13287,.F.);
#19433 = ORIENTED_EDGE('',*,*,#19434,.F.);
#19434 = EDGE_CURVE('',#14704,#13280,#19435,.T.);
#19435 = LINE('',#19436,#19437);
#19436 = CARTESIAN_POINT('',(-0.95,-29.73465126396,-0.32));
#19437 = VECTOR('',#19438,1.);
#19438 = DIRECTION('',(0.,1.,8.537024980201E-17));
#19439 = ORIENTED_EDGE('',*,*,#14703,.F.);
#19440 = PLANE('',#19441);
#19441 = AXIS2_PLACEMENT_3D('',#19442,#19443,#19444);
#19442 = CARTESIAN_POINT('',(-0.95,-29.73465126396,-0.32));
#19443 = DIRECTION('',(-1.,0.,0.));
#19444 = DIRECTION('',(0.,0.,1.));
#19445 = ADVANCED_FACE('',(#19446),#19457,.T.);
#19446 = FACE_BOUND('',#19447,.T.);
#19447 = EDGE_LOOP('',(#19448,#19454,#19455,#19456));
#19448 = ORIENTED_EDGE('',*,*,#19449,.T.);
#19449 = EDGE_CURVE('',#14694,#13296,#19450,.T.);
#19450 = LINE('',#19451,#19452);
#19451 = CARTESIAN_POINT('',(-1.59,-29.73465126396,0.32));
#19452 = VECTOR('',#19453,1.);
#19453 = DIRECTION('',(0.,1.,8.537024980201E-17));
#19454 = ORIENTED_EDGE('',*,*,#13295,.F.);
#19455 = ORIENTED_EDGE('',*,*,#19427,.F.);
#19456 = ORIENTED_EDGE('',*,*,#14693,.F.);
#19457 = PLANE('',#19458);
#19458 = AXIS2_PLACEMENT_3D('',#19459,#19460,#19461);
#19459 = CARTESIAN_POINT('',(-0.95,-29.73465126396,0.32));
#19460 = DIRECTION('',(0.,8.537024980201E-17,-1.));
#19461 = DIRECTION('',(0.,1.,8.537024980201E-17));
#19462 = ADVANCED_FACE('',(#19463),#19474,.T.);
#19463 = FACE_BOUND('',#19464,.T.);
#19464 = EDGE_LOOP('',(#19465,#19471,#19472,#19473));
#19465 = ORIENTED_EDGE('',*,*,#19466,.T.);
#19466 = EDGE_CURVE('',#14712,#13278,#19467,.T.);
#19467 = LINE('',#19468,#19469);
#19468 = CARTESIAN_POINT('',(-1.59,-29.73465126396,-0.32));
#19469 = VECTOR('',#19470,1.);
#19470 = DIRECTION('',(0.,1.,8.537024980201E-17));
#19471 = ORIENTED_EDGE('',*,*,#13303,.F.);
#19472 = ORIENTED_EDGE('',*,*,#19449,.F.);
#19473 = ORIENTED_EDGE('',*,*,#14719,.F.);
#19474 = PLANE('',#19475);
#19475 = AXIS2_PLACEMENT_3D('',#19476,#19477,#19478);
#19476 = CARTESIAN_POINT('',(-1.59,-29.73465126396,0.32));
#19477 = DIRECTION('',(1.,0.,0.));
#19478 = DIRECTION('',(0.,0.,-1.));
#19479 = ADVANCED_FACE('',(#19480),#19486,.T.);
#19480 = FACE_BOUND('',#19481,.T.);
#19481 = EDGE_LOOP('',(#19482,#19483,#19484,#19485));
#19482 = ORIENTED_EDGE('',*,*,#19434,.T.);
#19483 = ORIENTED_EDGE('',*,*,#13277,.F.);
#19484 = ORIENTED_EDGE('',*,*,#19466,.F.);
#19485 = ORIENTED_EDGE('',*,*,#14711,.F.);
#19486 = PLANE('',#19487);
#19487 = AXIS2_PLACEMENT_3D('',#19488,#19489,#19490);
#19488 = CARTESIAN_POINT('',(-1.59,-29.73465126396,-0.32));
#19489 = DIRECTION('',(0.,-8.537024980201E-17,1.));
#19490 = DIRECTION('',(0.,-1.,-8.537024980201E-17));
#19491 = ADVANCED_FACE('',(#19492),#19508,.T.);
#19492 = FACE_BOUND('',#19493,.T.);
#19493 = EDGE_LOOP('',(#19494,#19500,#19501,#19507));
#19494 = ORIENTED_EDGE('',*,*,#19495,.T.);
#19495 = EDGE_CURVE('',#15664,#14256,#19496,.T.);
#19496 = LINE('',#19497,#19498);
#19497 = CARTESIAN_POINT('',(-0.95,-29.73465126396,-2.22));
#19498 = VECTOR('',#19499,1.);
#19499 = DIRECTION('',(0.,1.,8.537024980201E-17));
#19500 = ORIENTED_EDGE('',*,*,#14255,.F.);
#19501 = ORIENTED_EDGE('',*,*,#19502,.F.);
#19502 = EDGE_CURVE('',#15672,#14248,#19503,.T.);
#19503 = LINE('',#19504,#19505);
#19504 = CARTESIAN_POINT('',(-0.95,-29.73465126396,-2.86));
#19505 = VECTOR('',#19506,1.);
#19506 = DIRECTION('',(0.,1.,8.537024980201E-17));
#19507 = ORIENTED_EDGE('',*,*,#15671,.F.);
#19508 = PLANE('',#19509);
#19509 = AXIS2_PLACEMENT_3D('',#19510,#19511,#19512);
#19510 = CARTESIAN_POINT('',(-0.95,-29.73465126396,-2.86));
#19511 = DIRECTION('',(-1.,0.,0.));
#19512 = DIRECTION('',(0.,0.,1.));
#19513 = ADVANCED_FACE('',(#19514),#19525,.T.);
#19514 = FACE_BOUND('',#19515,.T.);
#19515 = EDGE_LOOP('',(#19516,#19522,#19523,#19524));
#19516 = ORIENTED_EDGE('',*,*,#19517,.T.);
#19517 = EDGE_CURVE('',#15662,#14264,#19518,.T.);
#19518 = LINE('',#19519,#19520);
#19519 = CARTESIAN_POINT('',(-1.59,-29.73465126396,-2.22));
#19520 = VECTOR('',#19521,1.);
#19521 = DIRECTION('',(0.,1.,8.537024980201E-17));
#19522 = ORIENTED_EDGE('',*,*,#14263,.F.);
#19523 = ORIENTED_EDGE('',*,*,#19495,.F.);
#19524 = ORIENTED_EDGE('',*,*,#15661,.F.);
#19525 = PLANE('',#19526);
#19526 = AXIS2_PLACEMENT_3D('',#19527,#19528,#19529);
#19527 = CARTESIAN_POINT('',(-0.95,-29.73465126396,-2.22));
#19528 = DIRECTION('',(0.,8.537024980201E-17,-1.));
#19529 = DIRECTION('',(0.,1.,8.537024980201E-17));
#19530 = ADVANCED_FACE('',(#19531),#19542,.T.);
#19531 = FACE_BOUND('',#19532,.T.);
#19532 = EDGE_LOOP('',(#19533,#19539,#19540,#19541));
#19533 = ORIENTED_EDGE('',*,*,#19534,.T.);
#19534 = EDGE_CURVE('',#15680,#14246,#19535,.T.);
#19535 = LINE('',#19536,#19537);
#19536 = CARTESIAN_POINT('',(-1.59,-29.73465126396,-2.86));
#19537 = VECTOR('',#19538,1.);
#19538 = DIRECTION('',(0.,1.,8.537024980201E-17));
#19539 = ORIENTED_EDGE('',*,*,#14271,.F.);
#19540 = ORIENTED_EDGE('',*,*,#19517,.F.);
#19541 = ORIENTED_EDGE('',*,*,#15687,.F.);
#19542 = PLANE('',#19543);
#19543 = AXIS2_PLACEMENT_3D('',#19544,#19545,#19546);
#19544 = CARTESIAN_POINT('',(-1.59,-29.73465126396,-2.22));
#19545 = DIRECTION('',(1.,0.,0.));
#19546 = DIRECTION('',(0.,0.,-1.));
#19547 = ADVANCED_FACE('',(#19548),#19554,.T.);
#19548 = FACE_BOUND('',#19549,.T.);
#19549 = EDGE_LOOP('',(#19550,#19551,#19552,#19553));
#19550 = ORIENTED_EDGE('',*,*,#19502,.T.);
#19551 = ORIENTED_EDGE('',*,*,#14245,.F.);
#19552 = ORIENTED_EDGE('',*,*,#19534,.F.);
#19553 = ORIENTED_EDGE('',*,*,#15679,.F.);
#19554 = PLANE('',#19555);
#19555 = AXIS2_PLACEMENT_3D('',#19556,#19557,#19558);
#19556 = CARTESIAN_POINT('',(-1.59,-29.73465126396,-2.86));
#19557 = DIRECTION('',(0.,-8.537024980201E-17,1.));
#19558 = DIRECTION('',(0.,-1.,-8.537024980201E-17));
#19559 = ADVANCED_FACE('',(#19560),#19576,.T.);
#19560 = FACE_BOUND('',#19561,.T.);
#19561 = EDGE_LOOP('',(#19562,#19568,#19569,#19575));
#19562 = ORIENTED_EDGE('',*,*,#19563,.T.);
#19563 = EDGE_CURVE('',#14662,#13254,#19564,.T.);
#19564 = LINE('',#19565,#19566);
#19565 = CARTESIAN_POINT('',(1.59,-29.73465126396,0.32));
#19566 = VECTOR('',#19567,1.);
#19567 = DIRECTION('',(0.,1.,8.537024980201E-17));
#19568 = ORIENTED_EDGE('',*,*,#13253,.F.);
#19569 = ORIENTED_EDGE('',*,*,#19570,.F.);
#19570 = EDGE_CURVE('',#14670,#13246,#19571,.T.);
#19571 = LINE('',#19572,#19573);
#19572 = CARTESIAN_POINT('',(1.59,-29.73465126396,-0.32));
#19573 = VECTOR('',#19574,1.);
#19574 = DIRECTION('',(0.,1.,8.537024980201E-17));
#19575 = ORIENTED_EDGE('',*,*,#14669,.F.);
#19576 = PLANE('',#19577);
#19577 = AXIS2_PLACEMENT_3D('',#19578,#19579,#19580);
#19578 = CARTESIAN_POINT('',(1.59,-29.73465126396,-0.32));
#19579 = DIRECTION('',(-1.,0.,0.));
#19580 = DIRECTION('',(0.,0.,1.));
#19581 = ADVANCED_FACE('',(#19582),#19593,.T.);
#19582 = FACE_BOUND('',#19583,.T.);
#19583 = EDGE_LOOP('',(#19584,#19590,#19591,#19592));
#19584 = ORIENTED_EDGE('',*,*,#19585,.T.);
#19585 = EDGE_CURVE('',#14660,#13262,#19586,.T.);
#19586 = LINE('',#19587,#19588);
#19587 = CARTESIAN_POINT('',(0.95,-29.73465126396,0.32));
#19588 = VECTOR('',#19589,1.);
#19589 = DIRECTION('',(0.,1.,8.537024980201E-17));
#19590 = ORIENTED_EDGE('',*,*,#13261,.F.);
#19591 = ORIENTED_EDGE('',*,*,#19563,.F.);
#19592 = ORIENTED_EDGE('',*,*,#14659,.F.);
#19593 = PLANE('',#19594);
#19594 = AXIS2_PLACEMENT_3D('',#19595,#19596,#19597);
#19595 = CARTESIAN_POINT('',(1.59,-29.73465126396,0.32));
#19596 = DIRECTION('',(0.,8.537024980201E-17,-1.));
#19597 = DIRECTION('',(0.,1.,8.537024980201E-17));
#19598 = ADVANCED_FACE('',(#19599),#19610,.T.);
#19599 = FACE_BOUND('',#19600,.T.);
#19600 = EDGE_LOOP('',(#19601,#19607,#19608,#19609));
#19601 = ORIENTED_EDGE('',*,*,#19602,.T.);
#19602 = EDGE_CURVE('',#14678,#13244,#19603,.T.);
#19603 = LINE('',#19604,#19605);
#19604 = CARTESIAN_POINT('',(0.95,-29.73465126396,-0.32));
#19605 = VECTOR('',#19606,1.);
#19606 = DIRECTION('',(0.,1.,8.537024980201E-17));
#19607 = ORIENTED_EDGE('',*,*,#13269,.F.);
#19608 = ORIENTED_EDGE('',*,*,#19585,.F.);
#19609 = ORIENTED_EDGE('',*,*,#14685,.F.);
#19610 = PLANE('',#19611);
#19611 = AXIS2_PLACEMENT_3D('',#19612,#19613,#19614);
#19612 = CARTESIAN_POINT('',(0.95,-29.73465126396,0.32));
#19613 = DIRECTION('',(1.,0.,0.));
#19614 = DIRECTION('',(0.,0.,-1.));
#19615 = ADVANCED_FACE('',(#19616),#19622,.T.);
#19616 = FACE_BOUND('',#19617,.T.);
#19617 = EDGE_LOOP('',(#19618,#19619,#19620,#19621));
#19618 = ORIENTED_EDGE('',*,*,#19570,.T.);
#19619 = ORIENTED_EDGE('',*,*,#13243,.F.);
#19620 = ORIENTED_EDGE('',*,*,#19602,.F.);
#19621 = ORIENTED_EDGE('',*,*,#14677,.F.);
#19622 = PLANE('',#19623);
#19623 = AXIS2_PLACEMENT_3D('',#19624,#19625,#19626);
#19624 = CARTESIAN_POINT('',(0.95,-29.73465126396,-0.32));
#19625 = DIRECTION('',(0.,-8.537024980201E-17,1.));
#19626 = DIRECTION('',(0.,-1.,-8.537024980201E-17));
#19627 = ADVANCED_FACE('',(#19628),#19644,.T.);
#19628 = FACE_BOUND('',#19629,.T.);
#19629 = EDGE_LOOP('',(#19630,#19636,#19637,#19643));
#19630 = ORIENTED_EDGE('',*,*,#19631,.T.);
#19631 = EDGE_CURVE('',#15698,#14290,#19632,.T.);
#19632 = LINE('',#19633,#19634);
#19633 = CARTESIAN_POINT('',(1.59,-29.73465126396,-2.22));
#19634 = VECTOR('',#19635,1.);
#19635 = DIRECTION('',(0.,1.,8.537024980201E-17));
#19636 = ORIENTED_EDGE('',*,*,#14289,.F.);
#19637 = ORIENTED_EDGE('',*,*,#19638,.F.);
#19638 = EDGE_CURVE('',#15706,#14282,#19639,.T.);
#19639 = LINE('',#19640,#19641);
#19640 = CARTESIAN_POINT('',(1.59,-29.73465126396,-2.86));
#19641 = VECTOR('',#19642,1.);
#19642 = DIRECTION('',(0.,1.,8.537024980201E-17));
#19643 = ORIENTED_EDGE('',*,*,#15705,.F.);
#19644 = PLANE('',#19645);
#19645 = AXIS2_PLACEMENT_3D('',#19646,#19647,#19648);
#19646 = CARTESIAN_POINT('',(1.59,-29.73465126396,-2.86));
#19647 = DIRECTION('',(-1.,0.,0.));
#19648 = DIRECTION('',(0.,0.,1.));
#19649 = ADVANCED_FACE('',(#19650),#19661,.T.);
#19650 = FACE_BOUND('',#19651,.T.);
#19651 = EDGE_LOOP('',(#19652,#19658,#19659,#19660));
#19652 = ORIENTED_EDGE('',*,*,#19653,.T.);
#19653 = EDGE_CURVE('',#15696,#14298,#19654,.T.);
#19654 = LINE('',#19655,#19656);
#19655 = CARTESIAN_POINT('',(0.95,-29.73465126396,-2.22));
#19656 = VECTOR('',#19657,1.);
#19657 = DIRECTION('',(0.,1.,8.537024980201E-17));
#19658 = ORIENTED_EDGE('',*,*,#14297,.F.);
#19659 = ORIENTED_EDGE('',*,*,#19631,.F.);
#19660 = ORIENTED_EDGE('',*,*,#15695,.F.);
#19661 = PLANE('',#19662);
#19662 = AXIS2_PLACEMENT_3D('',#19663,#19664,#19665);
#19663 = CARTESIAN_POINT('',(1.59,-29.73465126396,-2.22));
#19664 = DIRECTION('',(0.,8.537024980201E-17,-1.));
#19665 = DIRECTION('',(0.,1.,8.537024980201E-17));
#19666 = ADVANCED_FACE('',(#19667),#19678,.T.);
#19667 = FACE_BOUND('',#19668,.T.);
#19668 = EDGE_LOOP('',(#19669,#19675,#19676,#19677));
#19669 = ORIENTED_EDGE('',*,*,#19670,.T.);
#19670 = EDGE_CURVE('',#15714,#14280,#19671,.T.);
#19671 = LINE('',#19672,#19673);
#19672 = CARTESIAN_POINT('',(0.95,-29.73465126396,-2.86));
#19673 = VECTOR('',#19674,1.);
#19674 = DIRECTION('',(0.,1.,8.537024980201E-17));
#19675 = ORIENTED_EDGE('',*,*,#14305,.F.);
#19676 = ORIENTED_EDGE('',*,*,#19653,.F.);
#19677 = ORIENTED_EDGE('',*,*,#15721,.F.);
#19678 = PLANE('',#19679);
#19679 = AXIS2_PLACEMENT_3D('',#19680,#19681,#19682);
#19680 = CARTESIAN_POINT('',(0.95,-29.73465126396,-2.22));
#19681 = DIRECTION('',(1.,0.,0.));
#19682 = DIRECTION('',(0.,0.,-1.));
#19683 = ADVANCED_FACE('',(#19684),#19690,.T.);
#19684 = FACE_BOUND('',#19685,.T.);
#19685 = EDGE_LOOP('',(#19686,#19687,#19688,#19689));
#19686 = ORIENTED_EDGE('',*,*,#19638,.T.);
#19687 = ORIENTED_EDGE('',*,*,#14279,.F.);
#19688 = ORIENTED_EDGE('',*,*,#19670,.F.);
#19689 = ORIENTED_EDGE('',*,*,#15713,.F.);
#19690 = PLANE('',#19691);
#19691 = AXIS2_PLACEMENT_3D('',#19692,#19693,#19694);
#19692 = CARTESIAN_POINT('',(0.95,-29.73465126396,-2.86));
#19693 = DIRECTION('',(0.,-8.537024980201E-17,1.));
#19694 = DIRECTION('',(0.,-1.,-8.537024980201E-17));
#19695 = ADVANCED_FACE('',(#19696),#19712,.T.);
#19696 = FACE_BOUND('',#19697,.T.);
#19697 = EDGE_LOOP('',(#19698,#19704,#19705,#19711));
#19698 = ORIENTED_EDGE('',*,*,#19699,.T.);
#19699 = EDGE_CURVE('',#14628,#13220,#19700,.T.);
#19700 = LINE('',#19701,#19702);
#19701 = CARTESIAN_POINT('',(4.13,-29.73465126396,0.32));
#19702 = VECTOR('',#19703,1.);
#19703 = DIRECTION('',(0.,1.,8.537024980201E-17));
#19704 = ORIENTED_EDGE('',*,*,#13219,.F.);
#19705 = ORIENTED_EDGE('',*,*,#19706,.F.);
#19706 = EDGE_CURVE('',#14636,#13212,#19707,.T.);
#19707 = LINE('',#19708,#19709);
#19708 = CARTESIAN_POINT('',(4.13,-29.73465126396,-0.32));
#19709 = VECTOR('',#19710,1.);
#19710 = DIRECTION('',(0.,1.,8.537024980201E-17));
#19711 = ORIENTED_EDGE('',*,*,#14635,.F.);
#19712 = PLANE('',#19713);
#19713 = AXIS2_PLACEMENT_3D('',#19714,#19715,#19716);
#19714 = CARTESIAN_POINT('',(4.13,-29.73465126396,-0.32));
#19715 = DIRECTION('',(-1.,0.,0.));
#19716 = DIRECTION('',(0.,0.,1.));
#19717 = ADVANCED_FACE('',(#19718),#19729,.T.);
#19718 = FACE_BOUND('',#19719,.T.);
#19719 = EDGE_LOOP('',(#19720,#19726,#19727,#19728));
#19720 = ORIENTED_EDGE('',*,*,#19721,.T.);
#19721 = EDGE_CURVE('',#14626,#13228,#19722,.T.);
#19722 = LINE('',#19723,#19724);
#19723 = CARTESIAN_POINT('',(3.49,-29.73465126396,0.32));
#19724 = VECTOR('',#19725,1.);
#19725 = DIRECTION('',(0.,1.,8.537024980201E-17));
#19726 = ORIENTED_EDGE('',*,*,#13227,.F.);
#19727 = ORIENTED_EDGE('',*,*,#19699,.F.);
#19728 = ORIENTED_EDGE('',*,*,#14625,.F.);
#19729 = PLANE('',#19730);
#19730 = AXIS2_PLACEMENT_3D('',#19731,#19732,#19733);
#19731 = CARTESIAN_POINT('',(4.13,-29.73465126396,0.32));
#19732 = DIRECTION('',(0.,8.537024980201E-17,-1.));
#19733 = DIRECTION('',(0.,1.,8.537024980201E-17));
#19734 = ADVANCED_FACE('',(#19735),#19746,.T.);
#19735 = FACE_BOUND('',#19736,.T.);
#19736 = EDGE_LOOP('',(#19737,#19743,#19744,#19745));
#19737 = ORIENTED_EDGE('',*,*,#19738,.T.);
#19738 = EDGE_CURVE('',#14644,#13210,#19739,.T.);
#19739 = LINE('',#19740,#19741);
#19740 = CARTESIAN_POINT('',(3.49,-29.73465126396,-0.32));
#19741 = VECTOR('',#19742,1.);
#19742 = DIRECTION('',(0.,1.,8.537024980201E-17));
#19743 = ORIENTED_EDGE('',*,*,#13235,.F.);
#19744 = ORIENTED_EDGE('',*,*,#19721,.F.);
#19745 = ORIENTED_EDGE('',*,*,#14651,.F.);
#19746 = PLANE('',#19747);
#19747 = AXIS2_PLACEMENT_3D('',#19748,#19749,#19750);
#19748 = CARTESIAN_POINT('',(3.49,-29.73465126396,0.32));
#19749 = DIRECTION('',(1.,0.,0.));
#19750 = DIRECTION('',(0.,0.,-1.));
#19751 = ADVANCED_FACE('',(#19752),#19758,.T.);
#19752 = FACE_BOUND('',#19753,.T.);
#19753 = EDGE_LOOP('',(#19754,#19755,#19756,#19757));
#19754 = ORIENTED_EDGE('',*,*,#19706,.T.);
#19755 = ORIENTED_EDGE('',*,*,#13209,.F.);
#19756 = ORIENTED_EDGE('',*,*,#19738,.F.);
#19757 = ORIENTED_EDGE('',*,*,#14643,.F.);
#19758 = PLANE('',#19759);
#19759 = AXIS2_PLACEMENT_3D('',#19760,#19761,#19762);
#19760 = CARTESIAN_POINT('',(3.49,-29.73465126396,-0.32));
#19761 = DIRECTION('',(0.,-8.537024980201E-17,1.));
#19762 = DIRECTION('',(0.,-1.,-8.537024980201E-17));
#19763 = ADVANCED_FACE('',(#19764),#19780,.T.);
#19764 = FACE_BOUND('',#19765,.T.);
#19765 = EDGE_LOOP('',(#19766,#19772,#19773,#19779));
#19766 = ORIENTED_EDGE('',*,*,#19767,.T.);
#19767 = EDGE_CURVE('',#15732,#14324,#19768,.T.);
#19768 = LINE('',#19769,#19770);
#19769 = CARTESIAN_POINT('',(4.13,-29.73465126396,-2.22));
#19770 = VECTOR('',#19771,1.);
#19771 = DIRECTION('',(0.,1.,8.537024980201E-17));
#19772 = ORIENTED_EDGE('',*,*,#14323,.F.);
#19773 = ORIENTED_EDGE('',*,*,#19774,.F.);
#19774 = EDGE_CURVE('',#15740,#14316,#19775,.T.);
#19775 = LINE('',#19776,#19777);
#19776 = CARTESIAN_POINT('',(4.13,-29.73465126396,-2.86));
#19777 = VECTOR('',#19778,1.);
#19778 = DIRECTION('',(0.,1.,8.537024980201E-17));
#19779 = ORIENTED_EDGE('',*,*,#15739,.F.);
#19780 = PLANE('',#19781);
#19781 = AXIS2_PLACEMENT_3D('',#19782,#19783,#19784);
#19782 = CARTESIAN_POINT('',(4.13,-29.73465126396,-2.86));
#19783 = DIRECTION('',(-1.,0.,0.));
#19784 = DIRECTION('',(0.,0.,1.));
#19785 = ADVANCED_FACE('',(#19786),#19797,.T.);
#19786 = FACE_BOUND('',#19787,.T.);
#19787 = EDGE_LOOP('',(#19788,#19794,#19795,#19796));
#19788 = ORIENTED_EDGE('',*,*,#19789,.T.);
#19789 = EDGE_CURVE('',#15730,#14332,#19790,.T.);
#19790 = LINE('',#19791,#19792);
#19791 = CARTESIAN_POINT('',(3.49,-29.73465126396,-2.22));
#19792 = VECTOR('',#19793,1.);
#19793 = DIRECTION('',(0.,1.,8.537024980201E-17));
#19794 = ORIENTED_EDGE('',*,*,#14331,.F.);
#19795 = ORIENTED_EDGE('',*,*,#19767,.F.);
#19796 = ORIENTED_EDGE('',*,*,#15729,.F.);
#19797 = PLANE('',#19798);
#19798 = AXIS2_PLACEMENT_3D('',#19799,#19800,#19801);
#19799 = CARTESIAN_POINT('',(4.13,-29.73465126396,-2.22));
#19800 = DIRECTION('',(0.,8.537024980201E-17,-1.));
#19801 = DIRECTION('',(0.,1.,8.537024980201E-17));
#19802 = ADVANCED_FACE('',(#19803),#19814,.T.);
#19803 = FACE_BOUND('',#19804,.T.);
#19804 = EDGE_LOOP('',(#19805,#19811,#19812,#19813));
#19805 = ORIENTED_EDGE('',*,*,#19806,.T.);
#19806 = EDGE_CURVE('',#15748,#14314,#19807,.T.);
#19807 = LINE('',#19808,#19809);
#19808 = CARTESIAN_POINT('',(3.49,-29.73465126396,-2.86));
#19809 = VECTOR('',#19810,1.);
#19810 = DIRECTION('',(0.,1.,8.537024980201E-17));
#19811 = ORIENTED_EDGE('',*,*,#14339,.F.);
#19812 = ORIENTED_EDGE('',*,*,#19789,.F.);
#19813 = ORIENTED_EDGE('',*,*,#15755,.F.);
#19814 = PLANE('',#19815);
#19815 = AXIS2_PLACEMENT_3D('',#19816,#19817,#19818);
#19816 = CARTESIAN_POINT('',(3.49,-29.73465126396,-2.22));
#19817 = DIRECTION('',(1.,0.,0.));
#19818 = DIRECTION('',(0.,0.,-1.));
#19819 = ADVANCED_FACE('',(#19820),#19826,.T.);
#19820 = FACE_BOUND('',#19821,.T.);
#19821 = EDGE_LOOP('',(#19822,#19823,#19824,#19825));
#19822 = ORIENTED_EDGE('',*,*,#19774,.T.);
#19823 = ORIENTED_EDGE('',*,*,#14313,.F.);
#19824 = ORIENTED_EDGE('',*,*,#19806,.F.);
#19825 = ORIENTED_EDGE('',*,*,#15747,.F.);
#19826 = PLANE('',#19827);
#19827 = AXIS2_PLACEMENT_3D('',#19828,#19829,#19830);
#19828 = CARTESIAN_POINT('',(3.49,-29.73465126396,-2.86));
#19829 = DIRECTION('',(0.,-8.537024980201E-17,1.));
#19830 = DIRECTION('',(0.,-1.,-8.537024980201E-17));
#19831 = ADVANCED_FACE('',(#19832),#19848,.T.);
#19832 = FACE_BOUND('',#19833,.T.);
#19833 = EDGE_LOOP('',(#19834,#19840,#19841,#19847));
#19834 = ORIENTED_EDGE('',*,*,#19835,.T.);
#19835 = EDGE_CURVE('',#14594,#13186,#19836,.T.);
#19836 = LINE('',#19837,#19838);
#19837 = CARTESIAN_POINT('',(6.67,-29.73465126396,0.32));
#19838 = VECTOR('',#19839,1.);
#19839 = DIRECTION('',(0.,1.,8.537024980201E-17));
#19840 = ORIENTED_EDGE('',*,*,#13185,.F.);
#19841 = ORIENTED_EDGE('',*,*,#19842,.F.);
#19842 = EDGE_CURVE('',#14602,#13178,#19843,.T.);
#19843 = LINE('',#19844,#19845);
#19844 = CARTESIAN_POINT('',(6.67,-29.73465126396,-0.32));
#19845 = VECTOR('',#19846,1.);
#19846 = DIRECTION('',(0.,1.,8.537024980201E-17));
#19847 = ORIENTED_EDGE('',*,*,#14601,.F.);
#19848 = PLANE('',#19849);
#19849 = AXIS2_PLACEMENT_3D('',#19850,#19851,#19852);
#19850 = CARTESIAN_POINT('',(6.67,-29.73465126396,-0.32));
#19851 = DIRECTION('',(-1.,0.,0.));
#19852 = DIRECTION('',(0.,0.,1.));
#19853 = ADVANCED_FACE('',(#19854),#19865,.T.);
#19854 = FACE_BOUND('',#19855,.T.);
#19855 = EDGE_LOOP('',(#19856,#19862,#19863,#19864));
#19856 = ORIENTED_EDGE('',*,*,#19857,.T.);
#19857 = EDGE_CURVE('',#14592,#13194,#19858,.T.);
#19858 = LINE('',#19859,#19860);
#19859 = CARTESIAN_POINT('',(6.03,-29.73465126396,0.32));
#19860 = VECTOR('',#19861,1.);
#19861 = DIRECTION('',(0.,1.,8.537024980201E-17));
#19862 = ORIENTED_EDGE('',*,*,#13193,.F.);
#19863 = ORIENTED_EDGE('',*,*,#19835,.F.);
#19864 = ORIENTED_EDGE('',*,*,#14591,.F.);
#19865 = PLANE('',#19866);
#19866 = AXIS2_PLACEMENT_3D('',#19867,#19868,#19869);
#19867 = CARTESIAN_POINT('',(6.67,-29.73465126396,0.32));
#19868 = DIRECTION('',(0.,8.537024980201E-17,-1.));
#19869 = DIRECTION('',(0.,1.,8.537024980201E-17));
#19870 = ADVANCED_FACE('',(#19871),#19882,.T.);
#19871 = FACE_BOUND('',#19872,.T.);
#19872 = EDGE_LOOP('',(#19873,#19879,#19880,#19881));
#19873 = ORIENTED_EDGE('',*,*,#19874,.T.);
#19874 = EDGE_CURVE('',#14610,#13176,#19875,.T.);
#19875 = LINE('',#19876,#19877);
#19876 = CARTESIAN_POINT('',(6.03,-29.73465126396,-0.32));
#19877 = VECTOR('',#19878,1.);
#19878 = DIRECTION('',(0.,1.,8.537024980201E-17));
#19879 = ORIENTED_EDGE('',*,*,#13201,.F.);
#19880 = ORIENTED_EDGE('',*,*,#19857,.F.);
#19881 = ORIENTED_EDGE('',*,*,#14617,.F.);
#19882 = PLANE('',#19883);
#19883 = AXIS2_PLACEMENT_3D('',#19884,#19885,#19886);
#19884 = CARTESIAN_POINT('',(6.03,-29.73465126396,0.32));
#19885 = DIRECTION('',(1.,0.,0.));
#19886 = DIRECTION('',(0.,0.,-1.));
#19887 = ADVANCED_FACE('',(#19888),#19894,.T.);
#19888 = FACE_BOUND('',#19889,.T.);
#19889 = EDGE_LOOP('',(#19890,#19891,#19892,#19893));
#19890 = ORIENTED_EDGE('',*,*,#19842,.T.);
#19891 = ORIENTED_EDGE('',*,*,#13175,.F.);
#19892 = ORIENTED_EDGE('',*,*,#19874,.F.);
#19893 = ORIENTED_EDGE('',*,*,#14609,.F.);
#19894 = PLANE('',#19895);
#19895 = AXIS2_PLACEMENT_3D('',#19896,#19897,#19898);
#19896 = CARTESIAN_POINT('',(6.03,-29.73465126396,-0.32));
#19897 = DIRECTION('',(0.,-8.537024980201E-17,1.));
#19898 = DIRECTION('',(0.,-1.,-8.537024980201E-17));
#19899 = ADVANCED_FACE('',(#19900),#19916,.T.);
#19900 = FACE_BOUND('',#19901,.T.);
#19901 = EDGE_LOOP('',(#19902,#19908,#19909,#19915));
#19902 = ORIENTED_EDGE('',*,*,#19903,.T.);
#19903 = EDGE_CURVE('',#15766,#14358,#19904,.T.);
#19904 = LINE('',#19905,#19906);
#19905 = CARTESIAN_POINT('',(6.67,-29.73465126396,-2.22));
#19906 = VECTOR('',#19907,1.);
#19907 = DIRECTION('',(0.,1.,8.537024980201E-17));
#19908 = ORIENTED_EDGE('',*,*,#14357,.F.);
#19909 = ORIENTED_EDGE('',*,*,#19910,.F.);
#19910 = EDGE_CURVE('',#15774,#14350,#19911,.T.);
#19911 = LINE('',#19912,#19913);
#19912 = CARTESIAN_POINT('',(6.67,-29.73465126396,-2.86));
#19913 = VECTOR('',#19914,1.);
#19914 = DIRECTION('',(0.,1.,8.537024980201E-17));
#19915 = ORIENTED_EDGE('',*,*,#15773,.F.);
#19916 = PLANE('',#19917);
#19917 = AXIS2_PLACEMENT_3D('',#19918,#19919,#19920);
#19918 = CARTESIAN_POINT('',(6.67,-29.73465126396,-2.86));
#19919 = DIRECTION('',(-1.,0.,0.));
#19920 = DIRECTION('',(0.,0.,1.));
#19921 = ADVANCED_FACE('',(#19922),#19933,.T.);
#19922 = FACE_BOUND('',#19923,.T.);
#19923 = EDGE_LOOP('',(#19924,#19930,#19931,#19932));
#19924 = ORIENTED_EDGE('',*,*,#19925,.T.);
#19925 = EDGE_CURVE('',#15764,#14366,#19926,.T.);
#19926 = LINE('',#19927,#19928);
#19927 = CARTESIAN_POINT('',(6.03,-29.73465126396,-2.22));
#19928 = VECTOR('',#19929,1.);
#19929 = DIRECTION('',(0.,1.,8.537024980201E-17));
#19930 = ORIENTED_EDGE('',*,*,#14365,.F.);
#19931 = ORIENTED_EDGE('',*,*,#19903,.F.);
#19932 = ORIENTED_EDGE('',*,*,#15763,.F.);
#19933 = PLANE('',#19934);
#19934 = AXIS2_PLACEMENT_3D('',#19935,#19936,#19937);
#19935 = CARTESIAN_POINT('',(6.67,-29.73465126396,-2.22));
#19936 = DIRECTION('',(0.,8.537024980201E-17,-1.));
#19937 = DIRECTION('',(0.,1.,8.537024980201E-17));
#19938 = ADVANCED_FACE('',(#19939),#19950,.T.);
#19939 = FACE_BOUND('',#19940,.T.);
#19940 = EDGE_LOOP('',(#19941,#19947,#19948,#19949));
#19941 = ORIENTED_EDGE('',*,*,#19942,.T.);
#19942 = EDGE_CURVE('',#15782,#14348,#19943,.T.);
#19943 = LINE('',#19944,#19945);
#19944 = CARTESIAN_POINT('',(6.03,-29.73465126396,-2.86));
#19945 = VECTOR('',#19946,1.);
#19946 = DIRECTION('',(0.,1.,8.537024980201E-17));
#19947 = ORIENTED_EDGE('',*,*,#14373,.F.);
#19948 = ORIENTED_EDGE('',*,*,#19925,.F.);
#19949 = ORIENTED_EDGE('',*,*,#15789,.F.);
#19950 = PLANE('',#19951);
#19951 = AXIS2_PLACEMENT_3D('',#19952,#19953,#19954);
#19952 = CARTESIAN_POINT('',(6.03,-29.73465126396,-2.22));
#19953 = DIRECTION('',(1.,0.,0.));
#19954 = DIRECTION('',(0.,0.,-1.));
#19955 = ADVANCED_FACE('',(#19956),#19962,.T.);
#19956 = FACE_BOUND('',#19957,.T.);
#19957 = EDGE_LOOP('',(#19958,#19959,#19960,#19961));
#19958 = ORIENTED_EDGE('',*,*,#19910,.T.);
#19959 = ORIENTED_EDGE('',*,*,#14347,.F.);
#19960 = ORIENTED_EDGE('',*,*,#19942,.F.);
#19961 = ORIENTED_EDGE('',*,*,#15781,.F.);
#19962 = PLANE('',#19963);
#19963 = AXIS2_PLACEMENT_3D('',#19964,#19965,#19966);
#19964 = CARTESIAN_POINT('',(6.03,-29.73465126396,-2.86));
#19965 = DIRECTION('',(0.,-8.537024980201E-17,1.));
#19966 = DIRECTION('',(0.,-1.,-8.537024980201E-17));
#19967 = ADVANCED_FACE('',(#19968),#19984,.T.);
#19968 = FACE_BOUND('',#19969,.T.);
#19969 = EDGE_LOOP('',(#19970,#19976,#19977,#19983));
#19970 = ORIENTED_EDGE('',*,*,#19971,.T.);
#19971 = EDGE_CURVE('',#14560,#13152,#19972,.T.);
#19972 = LINE('',#19973,#19974);
#19973 = CARTESIAN_POINT('',(9.21,-29.73465126396,0.32));
#19974 = VECTOR('',#19975,1.);
#19975 = DIRECTION('',(0.,1.,8.537024980201E-17));
#19976 = ORIENTED_EDGE('',*,*,#13151,.F.);
#19977 = ORIENTED_EDGE('',*,*,#19978,.F.);
#19978 = EDGE_CURVE('',#14568,#13144,#19979,.T.);
#19979 = LINE('',#19980,#19981);
#19980 = CARTESIAN_POINT('',(9.21,-29.73465126396,-0.32));
#19981 = VECTOR('',#19982,1.);
#19982 = DIRECTION('',(0.,1.,8.537024980201E-17));
#19983 = ORIENTED_EDGE('',*,*,#14567,.F.);
#19984 = PLANE('',#19985);
#19985 = AXIS2_PLACEMENT_3D('',#19986,#19987,#19988);
#19986 = CARTESIAN_POINT('',(9.21,-29.73465126396,-0.32));
#19987 = DIRECTION('',(-1.,0.,0.));
#19988 = DIRECTION('',(0.,0.,1.));
#19989 = ADVANCED_FACE('',(#19990),#20001,.T.);
#19990 = FACE_BOUND('',#19991,.T.);
#19991 = EDGE_LOOP('',(#19992,#19998,#19999,#20000));
#19992 = ORIENTED_EDGE('',*,*,#19993,.T.);
#19993 = EDGE_CURVE('',#14558,#13160,#19994,.T.);
#19994 = LINE('',#19995,#19996);
#19995 = CARTESIAN_POINT('',(8.57,-29.73465126396,0.32));
#19996 = VECTOR('',#19997,1.);
#19997 = DIRECTION('',(0.,1.,8.537024980201E-17));
#19998 = ORIENTED_EDGE('',*,*,#13159,.F.);
#19999 = ORIENTED_EDGE('',*,*,#19971,.F.);
#20000 = ORIENTED_EDGE('',*,*,#14557,.F.);
#20001 = PLANE('',#20002);
#20002 = AXIS2_PLACEMENT_3D('',#20003,#20004,#20005);
#20003 = CARTESIAN_POINT('',(9.21,-29.73465126396,0.32));
#20004 = DIRECTION('',(0.,8.537024980201E-17,-1.));
#20005 = DIRECTION('',(0.,1.,8.537024980201E-17));
#20006 = ADVANCED_FACE('',(#20007),#20018,.T.);
#20007 = FACE_BOUND('',#20008,.T.);
#20008 = EDGE_LOOP('',(#20009,#20015,#20016,#20017));
#20009 = ORIENTED_EDGE('',*,*,#20010,.T.);
#20010 = EDGE_CURVE('',#14576,#13142,#20011,.T.);
#20011 = LINE('',#20012,#20013);
#20012 = CARTESIAN_POINT('',(8.57,-29.73465126396,-0.32));
#20013 = VECTOR('',#20014,1.);
#20014 = DIRECTION('',(0.,1.,8.537024980201E-17));
#20015 = ORIENTED_EDGE('',*,*,#13167,.F.);
#20016 = ORIENTED_EDGE('',*,*,#19993,.F.);
#20017 = ORIENTED_EDGE('',*,*,#14583,.F.);
#20018 = PLANE('',#20019);
#20019 = AXIS2_PLACEMENT_3D('',#20020,#20021,#20022);
#20020 = CARTESIAN_POINT('',(8.57,-29.73465126396,0.32));
#20021 = DIRECTION('',(1.,0.,0.));
#20022 = DIRECTION('',(0.,0.,-1.));
#20023 = ADVANCED_FACE('',(#20024),#20030,.T.);
#20024 = FACE_BOUND('',#20025,.T.);
#20025 = EDGE_LOOP('',(#20026,#20027,#20028,#20029));
#20026 = ORIENTED_EDGE('',*,*,#19978,.T.);
#20027 = ORIENTED_EDGE('',*,*,#13141,.F.);
#20028 = ORIENTED_EDGE('',*,*,#20010,.F.);
#20029 = ORIENTED_EDGE('',*,*,#14575,.F.);
#20030 = PLANE('',#20031);
#20031 = AXIS2_PLACEMENT_3D('',#20032,#20033,#20034);
#20032 = CARTESIAN_POINT('',(8.57,-29.73465126396,-0.32));
#20033 = DIRECTION('',(0.,-8.537024980201E-17,1.));
#20034 = DIRECTION('',(0.,-1.,-8.537024980201E-17));
#20035 = ADVANCED_FACE('',(#20036),#20052,.T.);
#20036 = FACE_BOUND('',#20037,.T.);
#20037 = EDGE_LOOP('',(#20038,#20044,#20045,#20051));
#20038 = ORIENTED_EDGE('',*,*,#20039,.T.);
#20039 = EDGE_CURVE('',#15800,#14392,#20040,.T.);
#20040 = LINE('',#20041,#20042);
#20041 = CARTESIAN_POINT('',(9.21,-29.73465126396,-2.22));
#20042 = VECTOR('',#20043,1.);
#20043 = DIRECTION('',(0.,1.,8.537024980201E-17));
#20044 = ORIENTED_EDGE('',*,*,#14391,.F.);
#20045 = ORIENTED_EDGE('',*,*,#20046,.F.);
#20046 = EDGE_CURVE('',#15808,#14384,#20047,.T.);
#20047 = LINE('',#20048,#20049);
#20048 = CARTESIAN_POINT('',(9.21,-29.73465126396,-2.86));
#20049 = VECTOR('',#20050,1.);
#20050 = DIRECTION('',(0.,1.,8.537024980201E-17));
#20051 = ORIENTED_EDGE('',*,*,#15807,.F.);
#20052 = PLANE('',#20053);
#20053 = AXIS2_PLACEMENT_3D('',#20054,#20055,#20056);
#20054 = CARTESIAN_POINT('',(9.21,-29.73465126396,-2.86));
#20055 = DIRECTION('',(-1.,0.,0.));
#20056 = DIRECTION('',(0.,0.,1.));
#20057 = ADVANCED_FACE('',(#20058),#20069,.T.);
#20058 = FACE_BOUND('',#20059,.T.);
#20059 = EDGE_LOOP('',(#20060,#20066,#20067,#20068));
#20060 = ORIENTED_EDGE('',*,*,#20061,.T.);
#20061 = EDGE_CURVE('',#15798,#14400,#20062,.T.);
#20062 = LINE('',#20063,#20064);
#20063 = CARTESIAN_POINT('',(8.57,-29.73465126396,-2.22));
#20064 = VECTOR('',#20065,1.);
#20065 = DIRECTION('',(0.,1.,8.537024980201E-17));
#20066 = ORIENTED_EDGE('',*,*,#14399,.F.);
#20067 = ORIENTED_EDGE('',*,*,#20039,.F.);
#20068 = ORIENTED_EDGE('',*,*,#15797,.F.);
#20069 = PLANE('',#20070);
#20070 = AXIS2_PLACEMENT_3D('',#20071,#20072,#20073);
#20071 = CARTESIAN_POINT('',(9.21,-29.73465126396,-2.22));
#20072 = DIRECTION('',(0.,8.537024980201E-17,-1.));
#20073 = DIRECTION('',(0.,1.,8.537024980201E-17));
#20074 = ADVANCED_FACE('',(#20075),#20086,.T.);
#20075 = FACE_BOUND('',#20076,.T.);
#20076 = EDGE_LOOP('',(#20077,#20083,#20084,#20085));
#20077 = ORIENTED_EDGE('',*,*,#20078,.T.);
#20078 = EDGE_CURVE('',#15816,#14382,#20079,.T.);
#20079 = LINE('',#20080,#20081);
#20080 = CARTESIAN_POINT('',(8.57,-29.73465126396,-2.86));
#20081 = VECTOR('',#20082,1.);
#20082 = DIRECTION('',(0.,1.,8.537024980201E-17));
#20083 = ORIENTED_EDGE('',*,*,#14407,.F.);
#20084 = ORIENTED_EDGE('',*,*,#20061,.F.);
#20085 = ORIENTED_EDGE('',*,*,#15823,.F.);
#20086 = PLANE('',#20087);
#20087 = AXIS2_PLACEMENT_3D('',#20088,#20089,#20090);
#20088 = CARTESIAN_POINT('',(8.57,-29.73465126396,-2.22));
#20089 = DIRECTION('',(1.,0.,0.));
#20090 = DIRECTION('',(0.,0.,-1.));
#20091 = ADVANCED_FACE('',(#20092),#20098,.T.);
#20092 = FACE_BOUND('',#20093,.T.);
#20093 = EDGE_LOOP('',(#20094,#20095,#20096,#20097));
#20094 = ORIENTED_EDGE('',*,*,#20046,.T.);
#20095 = ORIENTED_EDGE('',*,*,#14381,.F.);
#20096 = ORIENTED_EDGE('',*,*,#20078,.F.);
#20097 = ORIENTED_EDGE('',*,*,#15815,.F.);
#20098 = PLANE('',#20099);
#20099 = AXIS2_PLACEMENT_3D('',#20100,#20101,#20102);
#20100 = CARTESIAN_POINT('',(8.57,-29.73465126396,-2.86));
#20101 = DIRECTION('',(0.,-8.537024980201E-17,1.));
#20102 = DIRECTION('',(0.,-1.,-8.537024980201E-17));
#20103 = ADVANCED_FACE('',(#20104),#20120,.T.);
#20104 = FACE_BOUND('',#20105,.T.);
#20105 = EDGE_LOOP('',(#20106,#20112,#20113,#20119));
#20106 = ORIENTED_EDGE('',*,*,#20107,.T.);
#20107 = EDGE_CURVE('',#14526,#13118,#20108,.T.);
#20108 = LINE('',#20109,#20110);
#20109 = CARTESIAN_POINT('',(11.75,-29.73465126396,0.32));
#20110 = VECTOR('',#20111,1.);
#20111 = DIRECTION('',(0.,1.,8.537024980201E-17));
#20112 = ORIENTED_EDGE('',*,*,#13117,.F.);
#20113 = ORIENTED_EDGE('',*,*,#20114,.F.);
#20114 = EDGE_CURVE('',#14534,#13110,#20115,.T.);
#20115 = LINE('',#20116,#20117);
#20116 = CARTESIAN_POINT('',(11.75,-29.73465126396,-0.32));
#20117 = VECTOR('',#20118,1.);
#20118 = DIRECTION('',(0.,1.,8.537024980201E-17));
#20119 = ORIENTED_EDGE('',*,*,#14533,.F.);
#20120 = PLANE('',#20121);
#20121 = AXIS2_PLACEMENT_3D('',#20122,#20123,#20124);
#20122 = CARTESIAN_POINT('',(11.75,-29.73465126396,-0.32));
#20123 = DIRECTION('',(-1.,0.,0.));
#20124 = DIRECTION('',(0.,0.,1.));
#20125 = ADVANCED_FACE('',(#20126),#20137,.T.);
#20126 = FACE_BOUND('',#20127,.T.);
#20127 = EDGE_LOOP('',(#20128,#20134,#20135,#20136));
#20128 = ORIENTED_EDGE('',*,*,#20129,.T.);
#20129 = EDGE_CURVE('',#14524,#13126,#20130,.T.);
#20130 = LINE('',#20131,#20132);
#20131 = CARTESIAN_POINT('',(11.11,-29.73465126396,0.32));
#20132 = VECTOR('',#20133,1.);
#20133 = DIRECTION('',(0.,1.,8.537024980201E-17));
#20134 = ORIENTED_EDGE('',*,*,#13125,.F.);
#20135 = ORIENTED_EDGE('',*,*,#20107,.F.);
#20136 = ORIENTED_EDGE('',*,*,#14523,.F.);
#20137 = PLANE('',#20138);
#20138 = AXIS2_PLACEMENT_3D('',#20139,#20140,#20141);
#20139 = CARTESIAN_POINT('',(11.75,-29.73465126396,0.32));
#20140 = DIRECTION('',(0.,8.537024980201E-17,-1.));
#20141 = DIRECTION('',(0.,1.,8.537024980201E-17));
#20142 = ADVANCED_FACE('',(#20143),#20154,.T.);
#20143 = FACE_BOUND('',#20144,.T.);
#20144 = EDGE_LOOP('',(#20145,#20151,#20152,#20153));
#20145 = ORIENTED_EDGE('',*,*,#20146,.T.);
#20146 = EDGE_CURVE('',#14542,#13108,#20147,.T.);
#20147 = LINE('',#20148,#20149);
#20148 = CARTESIAN_POINT('',(11.11,-29.73465126396,-0.32));
#20149 = VECTOR('',#20150,1.);
#20150 = DIRECTION('',(0.,1.,8.537024980201E-17));
#20151 = ORIENTED_EDGE('',*,*,#13133,.F.);
#20152 = ORIENTED_EDGE('',*,*,#20129,.F.);
#20153 = ORIENTED_EDGE('',*,*,#14549,.F.);
#20154 = PLANE('',#20155);
#20155 = AXIS2_PLACEMENT_3D('',#20156,#20157,#20158);
#20156 = CARTESIAN_POINT('',(11.11,-29.73465126396,0.32));
#20157 = DIRECTION('',(1.,0.,0.));
#20158 = DIRECTION('',(0.,0.,-1.));
#20159 = ADVANCED_FACE('',(#20160),#20166,.T.);
#20160 = FACE_BOUND('',#20161,.T.);
#20161 = EDGE_LOOP('',(#20162,#20163,#20164,#20165));
#20162 = ORIENTED_EDGE('',*,*,#20114,.T.);
#20163 = ORIENTED_EDGE('',*,*,#13107,.F.);
#20164 = ORIENTED_EDGE('',*,*,#20146,.F.);
#20165 = ORIENTED_EDGE('',*,*,#14541,.F.);
#20166 = PLANE('',#20167);
#20167 = AXIS2_PLACEMENT_3D('',#20168,#20169,#20170);
#20168 = CARTESIAN_POINT('',(11.11,-29.73465126396,-0.32));
#20169 = DIRECTION('',(0.,-8.537024980201E-17,1.));
#20170 = DIRECTION('',(0.,-1.,-8.537024980201E-17));
#20171 = ADVANCED_FACE('',(#20172),#20188,.T.);
#20172 = FACE_BOUND('',#20173,.T.);
#20173 = EDGE_LOOP('',(#20174,#20180,#20181,#20187));
#20174 = ORIENTED_EDGE('',*,*,#20175,.T.);
#20175 = EDGE_CURVE('',#15834,#14426,#20176,.T.);
#20176 = LINE('',#20177,#20178);
#20177 = CARTESIAN_POINT('',(11.75,-29.73465126396,-2.22));
#20178 = VECTOR('',#20179,1.);
#20179 = DIRECTION('',(0.,1.,8.537024980201E-17));
#20180 = ORIENTED_EDGE('',*,*,#14425,.F.);
#20181 = ORIENTED_EDGE('',*,*,#20182,.F.);
#20182 = EDGE_CURVE('',#15842,#14418,#20183,.T.);
#20183 = LINE('',#20184,#20185);
#20184 = CARTESIAN_POINT('',(11.75,-29.73465126396,-2.86));
#20185 = VECTOR('',#20186,1.);
#20186 = DIRECTION('',(0.,1.,8.537024980201E-17));
#20187 = ORIENTED_EDGE('',*,*,#15841,.F.);
#20188 = PLANE('',#20189);
#20189 = AXIS2_PLACEMENT_3D('',#20190,#20191,#20192);
#20190 = CARTESIAN_POINT('',(11.75,-29.73465126396,-2.86));
#20191 = DIRECTION('',(-1.,0.,0.));
#20192 = DIRECTION('',(0.,0.,1.));
#20193 = ADVANCED_FACE('',(#20194),#20205,.T.);
#20194 = FACE_BOUND('',#20195,.T.);
#20195 = EDGE_LOOP('',(#20196,#20202,#20203,#20204));
#20196 = ORIENTED_EDGE('',*,*,#20197,.T.);
#20197 = EDGE_CURVE('',#15832,#14434,#20198,.T.);
#20198 = LINE('',#20199,#20200);
#20199 = CARTESIAN_POINT('',(11.11,-29.73465126396,-2.22));
#20200 = VECTOR('',#20201,1.);
#20201 = DIRECTION('',(0.,1.,8.537024980201E-17));
#20202 = ORIENTED_EDGE('',*,*,#14433,.F.);
#20203 = ORIENTED_EDGE('',*,*,#20175,.F.);
#20204 = ORIENTED_EDGE('',*,*,#15831,.F.);
#20205 = PLANE('',#20206);
#20206 = AXIS2_PLACEMENT_3D('',#20207,#20208,#20209);
#20207 = CARTESIAN_POINT('',(11.75,-29.73465126396,-2.22));
#20208 = DIRECTION('',(0.,8.537024980201E-17,-1.));
#20209 = DIRECTION('',(0.,1.,8.537024980201E-17));
#20210 = ADVANCED_FACE('',(#20211),#20222,.T.);
#20211 = FACE_BOUND('',#20212,.T.);
#20212 = EDGE_LOOP('',(#20213,#20219,#20220,#20221));
#20213 = ORIENTED_EDGE('',*,*,#20214,.T.);
#20214 = EDGE_CURVE('',#15850,#14416,#20215,.T.);
#20215 = LINE('',#20216,#20217);
#20216 = CARTESIAN_POINT('',(11.11,-29.73465126396,-2.86));
#20217 = VECTOR('',#20218,1.);
#20218 = DIRECTION('',(0.,1.,8.537024980201E-17));
#20219 = ORIENTED_EDGE('',*,*,#14441,.F.);
#20220 = ORIENTED_EDGE('',*,*,#20197,.F.);
#20221 = ORIENTED_EDGE('',*,*,#15857,.F.);
#20222 = PLANE('',#20223);
#20223 = AXIS2_PLACEMENT_3D('',#20224,#20225,#20226);
#20224 = CARTESIAN_POINT('',(11.11,-29.73465126396,-2.22));
#20225 = DIRECTION('',(1.,0.,0.));
#20226 = DIRECTION('',(0.,0.,-1.));
#20227 = ADVANCED_FACE('',(#20228),#20234,.T.);
#20228 = FACE_BOUND('',#20229,.T.);
#20229 = EDGE_LOOP('',(#20230,#20231,#20232,#20233));
#20230 = ORIENTED_EDGE('',*,*,#20182,.T.);
#20231 = ORIENTED_EDGE('',*,*,#14415,.F.);
#20232 = ORIENTED_EDGE('',*,*,#20214,.F.);
#20233 = ORIENTED_EDGE('',*,*,#15849,.F.);
#20234 = PLANE('',#20235);
#20235 = AXIS2_PLACEMENT_3D('',#20236,#20237,#20238);
#20236 = CARTESIAN_POINT('',(11.11,-29.73465126396,-2.86));
#20237 = DIRECTION('',(0.,-8.537024980201E-17,1.));
#20238 = DIRECTION('',(0.,-1.,-8.537024980201E-17));
#20239 = ADVANCED_FACE('',(#20240),#20256,.T.);
#20240 = FACE_BOUND('',#20241,.T.);
#20241 = EDGE_LOOP('',(#20242,#20248,#20249,#20255));
#20242 = ORIENTED_EDGE('',*,*,#20243,.T.);
#20243 = EDGE_CURVE('',#14492,#13084,#20244,.T.);
#20244 = LINE('',#20245,#20246);
#20245 = CARTESIAN_POINT('',(14.29,-29.73465126396,0.32));
#20246 = VECTOR('',#20247,1.);
#20247 = DIRECTION('',(0.,1.,8.537024980201E-17));
#20248 = ORIENTED_EDGE('',*,*,#13083,.F.);
#20249 = ORIENTED_EDGE('',*,*,#20250,.F.);
#20250 = EDGE_CURVE('',#14500,#13076,#20251,.T.);
#20251 = LINE('',#20252,#20253);
#20252 = CARTESIAN_POINT('',(14.29,-29.73465126396,-0.32));
#20253 = VECTOR('',#20254,1.);
#20254 = DIRECTION('',(0.,1.,8.537024980201E-17));
#20255 = ORIENTED_EDGE('',*,*,#14499,.F.);
#20256 = PLANE('',#20257);
#20257 = AXIS2_PLACEMENT_3D('',#20258,#20259,#20260);
#20258 = CARTESIAN_POINT('',(14.29,-29.73465126396,-0.32));
#20259 = DIRECTION('',(-1.,0.,0.));
#20260 = DIRECTION('',(0.,0.,1.));
#20261 = ADVANCED_FACE('',(#20262),#20273,.T.);
#20262 = FACE_BOUND('',#20263,.T.);
#20263 = EDGE_LOOP('',(#20264,#20270,#20271,#20272));
#20264 = ORIENTED_EDGE('',*,*,#20265,.T.);
#20265 = EDGE_CURVE('',#14490,#13092,#20266,.T.);
#20266 = LINE('',#20267,#20268);
#20267 = CARTESIAN_POINT('',(13.65,-29.73465126396,0.32));
#20268 = VECTOR('',#20269,1.);
#20269 = DIRECTION('',(0.,1.,8.537024980201E-17));
#20270 = ORIENTED_EDGE('',*,*,#13091,.F.);
#20271 = ORIENTED_EDGE('',*,*,#20243,.F.);
#20272 = ORIENTED_EDGE('',*,*,#14489,.F.);
#20273 = PLANE('',#20274);
#20274 = AXIS2_PLACEMENT_3D('',#20275,#20276,#20277);
#20275 = CARTESIAN_POINT('',(14.29,-29.73465126396,0.32));
#20276 = DIRECTION('',(0.,8.537024980201E-17,-1.));
#20277 = DIRECTION('',(0.,1.,8.537024980201E-17));
#20278 = ADVANCED_FACE('',(#20279),#20290,.T.);
#20279 = FACE_BOUND('',#20280,.T.);
#20280 = EDGE_LOOP('',(#20281,#20287,#20288,#20289));
#20281 = ORIENTED_EDGE('',*,*,#20282,.T.);
#20282 = EDGE_CURVE('',#14508,#13074,#20283,.T.);
#20283 = LINE('',#20284,#20285);
#20284 = CARTESIAN_POINT('',(13.65,-29.73465126396,-0.32));
#20285 = VECTOR('',#20286,1.);
#20286 = DIRECTION('',(0.,1.,8.537024980201E-17));
#20287 = ORIENTED_EDGE('',*,*,#13099,.F.);
#20288 = ORIENTED_EDGE('',*,*,#20265,.F.);
#20289 = ORIENTED_EDGE('',*,*,#14515,.F.);
#20290 = PLANE('',#20291);
#20291 = AXIS2_PLACEMENT_3D('',#20292,#20293,#20294);
#20292 = CARTESIAN_POINT('',(13.65,-29.73465126396,0.32));
#20293 = DIRECTION('',(1.,0.,0.));
#20294 = DIRECTION('',(0.,0.,-1.));
#20295 = ADVANCED_FACE('',(#20296),#20302,.T.);
#20296 = FACE_BOUND('',#20297,.T.);
#20297 = EDGE_LOOP('',(#20298,#20299,#20300,#20301));
#20298 = ORIENTED_EDGE('',*,*,#20250,.T.);
#20299 = ORIENTED_EDGE('',*,*,#13073,.F.);
#20300 = ORIENTED_EDGE('',*,*,#20282,.F.);
#20301 = ORIENTED_EDGE('',*,*,#14507,.F.);
#20302 = PLANE('',#20303);
#20303 = AXIS2_PLACEMENT_3D('',#20304,#20305,#20306);
#20304 = CARTESIAN_POINT('',(13.65,-29.73465126396,-0.32));
#20305 = DIRECTION('',(0.,-8.537024980201E-17,1.));
#20306 = DIRECTION('',(0.,-1.,-8.537024980201E-17));
#20307 = ADVANCED_FACE('',(#20308),#20324,.T.);
#20308 = FACE_BOUND('',#20309,.T.);
#20309 = EDGE_LOOP('',(#20310,#20316,#20317,#20323));
#20310 = ORIENTED_EDGE('',*,*,#20311,.T.);
#20311 = EDGE_CURVE('',#15868,#14460,#20312,.T.);
#20312 = LINE('',#20313,#20314);
#20313 = CARTESIAN_POINT('',(14.29,-29.73465126396,-2.22));
#20314 = VECTOR('',#20315,1.);
#20315 = DIRECTION('',(0.,1.,8.537024980201E-17));
#20316 = ORIENTED_EDGE('',*,*,#14459,.F.);
#20317 = ORIENTED_EDGE('',*,*,#20318,.F.);
#20318 = EDGE_CURVE('',#15876,#14452,#20319,.T.);
#20319 = LINE('',#20320,#20321);
#20320 = CARTESIAN_POINT('',(14.29,-29.73465126396,-2.86));
#20321 = VECTOR('',#20322,1.);
#20322 = DIRECTION('',(0.,1.,8.537024980201E-17));
#20323 = ORIENTED_EDGE('',*,*,#15875,.F.);
#20324 = PLANE('',#20325);
#20325 = AXIS2_PLACEMENT_3D('',#20326,#20327,#20328);
#20326 = CARTESIAN_POINT('',(14.29,-29.73465126396,-2.86));
#20327 = DIRECTION('',(-1.,0.,0.));
#20328 = DIRECTION('',(0.,0.,1.));
#20329 = ADVANCED_FACE('',(#20330),#20341,.T.);
#20330 = FACE_BOUND('',#20331,.T.);
#20331 = EDGE_LOOP('',(#20332,#20338,#20339,#20340));
#20332 = ORIENTED_EDGE('',*,*,#20333,.T.);
#20333 = EDGE_CURVE('',#15866,#14468,#20334,.T.);
#20334 = LINE('',#20335,#20336);
#20335 = CARTESIAN_POINT('',(13.65,-29.73465126396,-2.22));
#20336 = VECTOR('',#20337,1.);
#20337 = DIRECTION('',(0.,1.,8.537024980201E-17));
#20338 = ORIENTED_EDGE('',*,*,#14467,.F.);
#20339 = ORIENTED_EDGE('',*,*,#20311,.F.);
#20340 = ORIENTED_EDGE('',*,*,#15865,.F.);
#20341 = PLANE('',#20342);
#20342 = AXIS2_PLACEMENT_3D('',#20343,#20344,#20345);
#20343 = CARTESIAN_POINT('',(14.29,-29.73465126396,-2.22));
#20344 = DIRECTION('',(0.,8.537024980201E-17,-1.));
#20345 = DIRECTION('',(0.,1.,8.537024980201E-17));
#20346 = ADVANCED_FACE('',(#20347),#20358,.T.);
#20347 = FACE_BOUND('',#20348,.T.);
#20348 = EDGE_LOOP('',(#20349,#20355,#20356,#20357));
#20349 = ORIENTED_EDGE('',*,*,#20350,.T.);
#20350 = EDGE_CURVE('',#15884,#14450,#20351,.T.);
#20351 = LINE('',#20352,#20353);
#20352 = CARTESIAN_POINT('',(13.65,-29.73465126396,-2.86));
#20353 = VECTOR('',#20354,1.);
#20354 = DIRECTION('',(0.,1.,8.537024980201E-17));
#20355 = ORIENTED_EDGE('',*,*,#14475,.F.);
#20356 = ORIENTED_EDGE('',*,*,#20333,.F.);
#20357 = ORIENTED_EDGE('',*,*,#15891,.F.);
#20358 = PLANE('',#20359);
#20359 = AXIS2_PLACEMENT_3D('',#20360,#20361,#20362);
#20360 = CARTESIAN_POINT('',(13.65,-29.73465126396,-2.22));
#20361 = DIRECTION('',(1.,0.,0.));
#20362 = DIRECTION('',(0.,0.,-1.));
#20363 = ADVANCED_FACE('',(#20364),#20370,.T.);
#20364 = FACE_BOUND('',#20365,.T.);
#20365 = EDGE_LOOP('',(#20366,#20367,#20368,#20369));
#20366 = ORIENTED_EDGE('',*,*,#20318,.T.);
#20367 = ORIENTED_EDGE('',*,*,#14449,.F.);
#20368 = ORIENTED_EDGE('',*,*,#20350,.F.);
#20369 = ORIENTED_EDGE('',*,*,#15883,.F.);
#20370 = PLANE('',#20371);
#20371 = AXIS2_PLACEMENT_3D('',#20372,#20373,#20374);
#20372 = CARTESIAN_POINT('',(13.65,-29.73465126396,-2.86));
#20373 = DIRECTION('',(0.,-8.537024980201E-17,1.));
#20374 = DIRECTION('',(0.,-1.,-8.537024980201E-17));
#20375 = ( GEOMETRIC_REPRESENTATION_CONTEXT(3) 
GLOBAL_UNCERTAINTY_ASSIGNED_CONTEXT((#20379)) 
GLOBAL_UNIT_ASSIGNED_CONTEXT((#20376,#20377,#20378)) 
REPRESENTATION_CONTEXT('Context #1',
  '3D Context with UNIT and UNCERTAINTY') );
#20376 = ( LENGTH_UNIT() NAMED_UNIT(*) SI_UNIT(.MILLI.,.METRE.) );
#20377 = ( NAMED_UNIT(*) PLANE_ANGLE_UNIT() SI_UNIT($,.RADIAN.) );
#20378 = ( NAMED_UNIT(*) SI_UNIT($,.STERADIAN.) SOLID_ANGLE_UNIT() );
#20379 = UNCERTAINTY_MEASURE_WITH_UNIT(LENGTH_MEASURE(1.E-07),#20376,
  'distance_accuracy_value','confusion accuracy');
#20380 = SHAPE_DEFINITION_REPRESENTATION(#20381,#13066);
#20381 = PRODUCT_DEFINITION_SHAPE('','',#20382);
#20382 = PRODUCT_DEFINITION('design','',#20383,#20386);
#20383 = PRODUCT_DEFINITION_FORMATION('','',#20384);
#20384 = PRODUCT('61302421121','61302421121','',(#20385));
#20385 = PRODUCT_CONTEXT('',#2,'mechanical');
#20386 = PRODUCT_DEFINITION_CONTEXT('part definition',#2,'design');
#20387 = CONTEXT_DEPENDENT_SHAPE_REPRESENTATION(#20388,#20390);
#20388 = ( REPRESENTATION_RELATIONSHIP('','',#13066,#12960) 
REPRESENTATION_RELATIONSHIP_WITH_TRANSFORMATION(#20389) 
SHAPE_REPRESENTATION_RELATIONSHIP() );
#20389 = ITEM_DEFINED_TRANSFORMATION('','',#11,#12961);
#20390 = PRODUCT_DEFINITION_SHAPE('Placement','Placement of an item',
  #20391);
#20391 = NEXT_ASSEMBLY_USAGE_OCCURRENCE('186','61302421121','',#12955,
  #20382,$);
#20392 = PRODUCT_RELATED_PRODUCT_CATEGORY('part',$,(#20384));
#20393 = ADVANCED_BREP_SHAPE_REPRESENTATION('',(#11,#20394),#20736);
#20394 = MANIFOLD_SOLID_BREP('',#20395);
#20395 = CLOSED_SHELL('',(#20396,#20436,#20476,#20516,#20556,#20578,
    #20600,#20622,#20639,#20656,#20668,#20690,#20707,#20724));
#20396 = ADVANCED_FACE('',(#20397),#20431,.F.);
#20397 = FACE_BOUND('',#20398,.T.);
#20398 = EDGE_LOOP('',(#20399,#20409,#20417,#20425));
#20399 = ORIENTED_EDGE('',*,*,#20400,.T.);
#20400 = EDGE_CURVE('',#20401,#20403,#20405,.T.);
#20401 = VERTEX_POINT('',#20402);
#20402 = CARTESIAN_POINT('',(0.12,-0.12,5.77));
#20403 = VERTEX_POINT('',#20404);
#20404 = CARTESIAN_POINT('',(0.12,0.12,5.77));
#20405 = LINE('',#20406,#20407);
#20406 = CARTESIAN_POINT('',(0.12,-0.32,5.77));
#20407 = VECTOR('',#20408,1.);
#20408 = DIRECTION('',(0.,1.,0.));
#20409 = ORIENTED_EDGE('',*,*,#20410,.T.);
#20410 = EDGE_CURVE('',#20403,#20411,#20413,.T.);
#20411 = VERTEX_POINT('',#20412);
#20412 = CARTESIAN_POINT('',(-0.12,0.12,5.77));
#20413 = LINE('',#20414,#20415);
#20414 = CARTESIAN_POINT('',(0.32,0.12,5.77));
#20415 = VECTOR('',#20416,1.);
#20416 = DIRECTION('',(-1.,0.,0.));
#20417 = ORIENTED_EDGE('',*,*,#20418,.T.);
#20418 = EDGE_CURVE('',#20411,#20419,#20421,.T.);
#20419 = VERTEX_POINT('',#20420);
#20420 = CARTESIAN_POINT('',(-0.12,-0.12,5.77));
#20421 = LINE('',#20422,#20423);
#20422 = CARTESIAN_POINT('',(-0.12,-0.32,5.77));
#20423 = VECTOR('',#20424,1.);
#20424 = DIRECTION('',(0.,-1.,0.));
#20425 = ORIENTED_EDGE('',*,*,#20426,.T.);
#20426 = EDGE_CURVE('',#20419,#20401,#20427,.T.);
#20427 = LINE('',#20428,#20429);
#20428 = CARTESIAN_POINT('',(0.32,-0.12,5.77));
#20429 = VECTOR('',#20430,1.);
#20430 = DIRECTION('',(1.,0.,0.));
#20431 = PLANE('',#20432);
#20432 = AXIS2_PLACEMENT_3D('',#20433,#20434,#20435);
#20433 = CARTESIAN_POINT('',(0.32,-0.32,5.77));
#20434 = DIRECTION('',(0.,0.,-1.));
#20435 = DIRECTION('',(-1.,0.,0.));
#20436 = ADVANCED_FACE('',(#20437),#20471,.F.);
#20437 = FACE_BOUND('',#20438,.T.);
#20438 = EDGE_LOOP('',(#20439,#20449,#20457,#20465));
#20439 = ORIENTED_EDGE('',*,*,#20440,.T.);
#20440 = EDGE_CURVE('',#20441,#20443,#20445,.T.);
#20441 = VERTEX_POINT('',#20442);
#20442 = CARTESIAN_POINT('',(-0.32,0.32,5.57));
#20443 = VERTEX_POINT('',#20444);
#20444 = CARTESIAN_POINT('',(-0.32,0.32,-5.57));
#20445 = LINE('',#20446,#20447);
#20446 = CARTESIAN_POINT('',(-0.32,0.32,5.77));
#20447 = VECTOR('',#20448,1.);
#20448 = DIRECTION('',(-7.516132911511E-17,0.,-1.));
#20449 = ORIENTED_EDGE('',*,*,#20450,.T.);
#20450 = EDGE_CURVE('',#20443,#20451,#20453,.T.);
#20451 = VERTEX_POINT('',#20452);
#20452 = CARTESIAN_POINT('',(-0.32,-0.32,-5.57));
#20453 = LINE('',#20454,#20455);
#20454 = CARTESIAN_POINT('',(-0.32,-0.32,-5.57));
#20455 = VECTOR('',#20456,1.);
#20456 = DIRECTION('',(0.,-1.,0.));
#20457 = ORIENTED_EDGE('',*,*,#20458,.F.);
#20458 = EDGE_CURVE('',#20459,#20451,#20461,.T.);
#20459 = VERTEX_POINT('',#20460);
#20460 = CARTESIAN_POINT('',(-0.32,-0.32,5.57));
#20461 = LINE('',#20462,#20463);
#20462 = CARTESIAN_POINT('',(-0.32,-0.32,5.77));
#20463 = VECTOR('',#20464,1.);
#20464 = DIRECTION('',(-7.516132911511E-17,0.,-1.));
#20465 = ORIENTED_EDGE('',*,*,#20466,.T.);
#20466 = EDGE_CURVE('',#20459,#20441,#20467,.T.);
#20467 = LINE('',#20468,#20469);
#20468 = CARTESIAN_POINT('',(-0.32,-0.32,5.57));
#20469 = VECTOR('',#20470,1.);
#20470 = DIRECTION('',(0.,1.,0.));
#20471 = PLANE('',#20472);
#20472 = AXIS2_PLACEMENT_3D('',#20473,#20474,#20475);
#20473 = CARTESIAN_POINT('',(-0.32,-0.32,5.77));
#20474 = DIRECTION('',(1.,0.,-7.516132911511E-17));
#20475 = DIRECTION('',(-7.516132911511E-17,0.,-1.));
#20476 = ADVANCED_FACE('',(#20477),#20511,.F.);
#20477 = FACE_BOUND('',#20478,.T.);
#20478 = EDGE_LOOP('',(#20479,#20489,#20497,#20505));
#20479 = ORIENTED_EDGE('',*,*,#20480,.T.);
#20480 = EDGE_CURVE('',#20481,#20483,#20485,.T.);
#20481 = VERTEX_POINT('',#20482);
#20482 = CARTESIAN_POINT('',(0.12,0.12,-5.77));
#20483 = VERTEX_POINT('',#20484);
#20484 = CARTESIAN_POINT('',(0.12,-0.12,-5.77));
#20485 = LINE('',#20486,#20487);
#20486 = CARTESIAN_POINT('',(0.12,-0.32,-5.77));
#20487 = VECTOR('',#20488,1.);
#20488 = DIRECTION('',(0.,-1.,0.));
#20489 = ORIENTED_EDGE('',*,*,#20490,.T.);
#20490 = EDGE_CURVE('',#20483,#20491,#20493,.T.);
#20491 = VERTEX_POINT('',#20492);
#20492 = CARTESIAN_POINT('',(-0.12,-0.12,-5.77));
#20493 = LINE('',#20494,#20495);
#20494 = CARTESIAN_POINT('',(-0.32,-0.12,-5.77));
#20495 = VECTOR('',#20496,1.);
#20496 = DIRECTION('',(-1.,0.,-8.131516293641E-15));
#20497 = ORIENTED_EDGE('',*,*,#20498,.T.);
#20498 = EDGE_CURVE('',#20491,#20499,#20501,.T.);
#20499 = VERTEX_POINT('',#20500);
#20500 = CARTESIAN_POINT('',(-0.12,0.12,-5.77));
#20501 = LINE('',#20502,#20503);
#20502 = CARTESIAN_POINT('',(-0.12,-0.32,-5.77));
#20503 = VECTOR('',#20504,1.);
#20504 = DIRECTION('',(0.,1.,0.));
#20505 = ORIENTED_EDGE('',*,*,#20506,.T.);
#20506 = EDGE_CURVE('',#20499,#20481,#20507,.T.);
#20507 = LINE('',#20508,#20509);
#20508 = CARTESIAN_POINT('',(-0.32,0.12,-5.77));
#20509 = VECTOR('',#20510,1.);
#20510 = DIRECTION('',(1.,0.,8.131516293641E-15));
#20511 = PLANE('',#20512);
#20512 = AXIS2_PLACEMENT_3D('',#20513,#20514,#20515);
#20513 = CARTESIAN_POINT('',(-0.32,-0.32,-5.77));
#20514 = DIRECTION('',(-8.131516293641E-15,0.,1.));
#20515 = DIRECTION('',(1.,0.,8.131516293641E-15));
#20516 = ADVANCED_FACE('',(#20517),#20551,.F.);
#20517 = FACE_BOUND('',#20518,.T.);
#20518 = EDGE_LOOP('',(#20519,#20529,#20537,#20545));
#20519 = ORIENTED_EDGE('',*,*,#20520,.F.);
#20520 = EDGE_CURVE('',#20521,#20523,#20525,.T.);
#20521 = VERTEX_POINT('',#20522);
#20522 = CARTESIAN_POINT('',(0.32,-0.32,-5.57));
#20523 = VERTEX_POINT('',#20524);
#20524 = CARTESIAN_POINT('',(0.32,-0.32,5.57));
#20525 = LINE('',#20526,#20527);
#20526 = CARTESIAN_POINT('',(0.32,-0.32,-5.77));
#20527 = VECTOR('',#20528,1.);
#20528 = DIRECTION('',(0.,0.,1.));
#20529 = ORIENTED_EDGE('',*,*,#20530,.T.);
#20530 = EDGE_CURVE('',#20521,#20531,#20533,.T.);
#20531 = VERTEX_POINT('',#20532);
#20532 = CARTESIAN_POINT('',(0.32,0.32,-5.57));
#20533 = LINE('',#20534,#20535);
#20534 = CARTESIAN_POINT('',(0.32,-0.32,-5.57));
#20535 = VECTOR('',#20536,1.);
#20536 = DIRECTION('',(0.,1.,0.));
#20537 = ORIENTED_EDGE('',*,*,#20538,.T.);
#20538 = EDGE_CURVE('',#20531,#20539,#20541,.T.);
#20539 = VERTEX_POINT('',#20540);
#20540 = CARTESIAN_POINT('',(0.32,0.32,5.57));
#20541 = LINE('',#20542,#20543);
#20542 = CARTESIAN_POINT('',(0.32,0.32,-5.77));
#20543 = VECTOR('',#20544,1.);
#20544 = DIRECTION('',(0.,0.,1.));
#20545 = ORIENTED_EDGE('',*,*,#20546,.T.);
#20546 = EDGE_CURVE('',#20539,#20523,#20547,.T.);
#20547 = LINE('',#20548,#20549);
#20548 = CARTESIAN_POINT('',(0.32,-0.32,5.57));
#20549 = VECTOR('',#20550,1.);
#20550 = DIRECTION('',(0.,-1.,0.));
#20551 = PLANE('',#20552);
#20552 = AXIS2_PLACEMENT_3D('',#20553,#20554,#20555);
#20553 = CARTESIAN_POINT('',(0.32,-0.32,-5.77));
#20554 = DIRECTION('',(-1.,0.,0.));
#20555 = DIRECTION('',(0.,0.,1.));
#20556 = ADVANCED_FACE('',(#20557),#20573,.T.);
#20557 = FACE_BOUND('',#20558,.T.);
#20558 = EDGE_LOOP('',(#20559,#20560,#20566,#20567));
#20559 = ORIENTED_EDGE('',*,*,#20458,.T.);
#20560 = ORIENTED_EDGE('',*,*,#20561,.T.);
#20561 = EDGE_CURVE('',#20451,#20521,#20562,.T.);
#20562 = LINE('',#20563,#20564);
#20563 = CARTESIAN_POINT('',(0.32,-0.32,-5.57));
#20564 = VECTOR('',#20565,1.);
#20565 = DIRECTION('',(1.,0.,8.131516293641E-15));
#20566 = ORIENTED_EDGE('',*,*,#20520,.T.);
#20567 = ORIENTED_EDGE('',*,*,#20568,.T.);
#20568 = EDGE_CURVE('',#20523,#20459,#20569,.T.);
#20569 = LINE('',#20570,#20571);
#20570 = CARTESIAN_POINT('',(-0.32,-0.32,5.57));
#20571 = VECTOR('',#20572,1.);
#20572 = DIRECTION('',(-1.,0.,0.));
#20573 = PLANE('',#20574);
#20574 = AXIS2_PLACEMENT_3D('',#20575,#20576,#20577);
#20575 = CARTESIAN_POINT('',(0.,-0.32,0.));
#20576 = DIRECTION('',(0.,-1.,0.));
#20577 = DIRECTION('',(0.,0.,-1.));
#20578 = ADVANCED_FACE('',(#20579),#20595,.F.);
#20579 = FACE_BOUND('',#20580,.T.);
#20580 = EDGE_LOOP('',(#20581,#20582,#20588,#20589));
#20581 = ORIENTED_EDGE('',*,*,#20538,.F.);
#20582 = ORIENTED_EDGE('',*,*,#20583,.T.);
#20583 = EDGE_CURVE('',#20531,#20443,#20584,.T.);
#20584 = LINE('',#20585,#20586);
#20585 = CARTESIAN_POINT('',(4.529254575558E-14,0.32,-5.57));
#20586 = VECTOR('',#20587,1.);
#20587 = DIRECTION('',(-1.,0.,-8.131516293641E-15));
#20588 = ORIENTED_EDGE('',*,*,#20440,.F.);
#20589 = ORIENTED_EDGE('',*,*,#20590,.T.);
#20590 = EDGE_CURVE('',#20441,#20539,#20591,.T.);
#20591 = LINE('',#20592,#20593);
#20592 = CARTESIAN_POINT('',(0.,0.32,5.57));
#20593 = VECTOR('',#20594,1.);
#20594 = DIRECTION('',(1.,0.,0.));
#20595 = PLANE('',#20596);
#20596 = AXIS2_PLACEMENT_3D('',#20597,#20598,#20599);
#20597 = CARTESIAN_POINT('',(0.,0.32,0.));
#20598 = DIRECTION('',(0.,-1.,0.));
#20599 = DIRECTION('',(0.,0.,-1.));
#20600 = ADVANCED_FACE('',(#20601),#20617,.F.);
#20601 = FACE_BOUND('',#20602,.T.);
#20602 = EDGE_LOOP('',(#20603,#20609,#20610,#20616));
#20603 = ORIENTED_EDGE('',*,*,#20604,.F.);
#20604 = EDGE_CURVE('',#20481,#20531,#20605,.T.);
#20605 = LINE('',#20606,#20607);
#20606 = CARTESIAN_POINT('',(0.106666666667,0.106666666667,
    -5.783333333333));
#20607 = VECTOR('',#20608,1.);
#20608 = DIRECTION('',(0.57735026919,0.57735026919,0.57735026919));
#20609 = ORIENTED_EDGE('',*,*,#20506,.F.);
#20610 = ORIENTED_EDGE('',*,*,#20611,.T.);
#20611 = EDGE_CURVE('',#20499,#20443,#20612,.T.);
#20612 = LINE('',#20613,#20614);
#20613 = CARTESIAN_POINT('',(-0.186666666667,0.186666666667,
    -5.703333333333));
#20614 = VECTOR('',#20615,1.);
#20615 = DIRECTION('',(-0.57735026919,0.57735026919,0.57735026919));
#20616 = ORIENTED_EDGE('',*,*,#20583,.F.);
#20617 = PLANE('',#20618);
#20618 = AXIS2_PLACEMENT_3D('',#20619,#20620,#20621);
#20619 = CARTESIAN_POINT('',(-0.32,0.12,-5.77));
#20620 = DIRECTION('',(-5.749850312563E-15,-0.707106781187,
    0.707106781187));
#20621 = DIRECTION('',(1.,7.88860905221E-31,8.131516293641E-15));
#20622 = ADVANCED_FACE('',(#20623),#20634,.F.);
#20623 = FACE_BOUND('',#20624,.T.);
#20624 = EDGE_LOOP('',(#20625,#20626,#20627,#20633));
#20625 = ORIENTED_EDGE('',*,*,#20611,.F.);
#20626 = ORIENTED_EDGE('',*,*,#20498,.F.);
#20627 = ORIENTED_EDGE('',*,*,#20628,.F.);
#20628 = EDGE_CURVE('',#20451,#20491,#20629,.T.);
#20629 = LINE('',#20630,#20631);
#20630 = CARTESIAN_POINT('',(-0.186666666667,-0.186666666667,
    -5.703333333333));
#20631 = VECTOR('',#20632,1.);
#20632 = DIRECTION('',(0.57735026919,0.57735026919,-0.57735026919));
#20633 = ORIENTED_EDGE('',*,*,#20450,.F.);
#20634 = PLANE('',#20635);
#20635 = AXIS2_PLACEMENT_3D('',#20636,#20637,#20638);
#20636 = CARTESIAN_POINT('',(-0.12,-0.32,-5.77));
#20637 = DIRECTION('',(0.707106781187,0.,0.707106781187));
#20638 = DIRECTION('',(-0.,1.,0.));
#20639 = ADVANCED_FACE('',(#20640),#20651,.F.);
#20640 = FACE_BOUND('',#20641,.T.);
#20641 = EDGE_LOOP('',(#20642,#20643,#20644,#20650));
#20642 = ORIENTED_EDGE('',*,*,#20604,.T.);
#20643 = ORIENTED_EDGE('',*,*,#20530,.F.);
#20644 = ORIENTED_EDGE('',*,*,#20645,.F.);
#20645 = EDGE_CURVE('',#20483,#20521,#20646,.T.);
#20646 = LINE('',#20647,#20648);
#20647 = CARTESIAN_POINT('',(0.32,-0.32,-5.57));
#20648 = VECTOR('',#20649,1.);
#20649 = DIRECTION('',(0.57735026919,-0.57735026919,0.57735026919));
#20650 = ORIENTED_EDGE('',*,*,#20480,.F.);
#20651 = PLANE('',#20652);
#20652 = AXIS2_PLACEMENT_3D('',#20653,#20654,#20655);
#20653 = CARTESIAN_POINT('',(0.32,-0.32,-5.57));
#20654 = DIRECTION('',(-0.707106781187,0.,0.707106781187));
#20655 = DIRECTION('',(0.,1.,0.));
#20656 = ADVANCED_FACE('',(#20657),#20663,.T.);
#20657 = FACE_BOUND('',#20658,.T.);
#20658 = EDGE_LOOP('',(#20659,#20660,#20661,#20662));
#20659 = ORIENTED_EDGE('',*,*,#20628,.T.);
#20660 = ORIENTED_EDGE('',*,*,#20490,.F.);
#20661 = ORIENTED_EDGE('',*,*,#20645,.T.);
#20662 = ORIENTED_EDGE('',*,*,#20561,.F.);
#20663 = PLANE('',#20664);
#20664 = AXIS2_PLACEMENT_3D('',#20665,#20666,#20667);
#20665 = CARTESIAN_POINT('',(4.529254575558E-14,-0.32,-5.57));
#20666 = DIRECTION('',(5.749850312563E-15,-0.707106781187,
    -0.707106781187));
#20667 = DIRECTION('',(-1.,7.88860905221E-31,-8.131516293641E-15));
#20668 = ADVANCED_FACE('',(#20669),#20685,.T.);
#20669 = FACE_BOUND('',#20670,.T.);
#20670 = EDGE_LOOP('',(#20671,#20677,#20678,#20684));
#20671 = ORIENTED_EDGE('',*,*,#20672,.F.);
#20672 = EDGE_CURVE('',#20459,#20419,#20673,.T.);
#20673 = LINE('',#20674,#20675);
#20674 = CARTESIAN_POINT('',(-0.213333333333,-0.213333333333,
    5.676666666667));
#20675 = VECTOR('',#20676,1.);
#20676 = DIRECTION('',(0.57735026919,0.57735026919,0.57735026919));
#20677 = ORIENTED_EDGE('',*,*,#20568,.F.);
#20678 = ORIENTED_EDGE('',*,*,#20679,.T.);
#20679 = EDGE_CURVE('',#20523,#20401,#20680,.T.);
#20680 = LINE('',#20681,#20682);
#20681 = CARTESIAN_POINT('',(0.186666666667,-0.186666666667,
    5.703333333333));
#20682 = VECTOR('',#20683,1.);
#20683 = DIRECTION('',(-0.57735026919,0.57735026919,0.57735026919));
#20684 = ORIENTED_EDGE('',*,*,#20426,.F.);
#20685 = PLANE('',#20686);
#20686 = AXIS2_PLACEMENT_3D('',#20687,#20688,#20689);
#20687 = CARTESIAN_POINT('',(0.,-0.32,5.57));
#20688 = DIRECTION('',(0.,-0.707106781187,0.707106781187));
#20689 = DIRECTION('',(1.,0.,0.));
#20690 = ADVANCED_FACE('',(#20691),#20702,.F.);
#20691 = FACE_BOUND('',#20692,.T.);
#20692 = EDGE_LOOP('',(#20693,#20694,#20695,#20701));
#20693 = ORIENTED_EDGE('',*,*,#20679,.F.);
#20694 = ORIENTED_EDGE('',*,*,#20546,.F.);
#20695 = ORIENTED_EDGE('',*,*,#20696,.T.);
#20696 = EDGE_CURVE('',#20539,#20403,#20697,.T.);
#20697 = LINE('',#20698,#20699);
#20698 = CARTESIAN_POINT('',(-2.666666666667E-02,-2.666666666667E-02,
    5.916666666667));
#20699 = VECTOR('',#20700,1.);
#20700 = DIRECTION('',(-0.57735026919,-0.57735026919,0.57735026919));
#20701 = ORIENTED_EDGE('',*,*,#20400,.F.);
#20702 = PLANE('',#20703);
#20703 = AXIS2_PLACEMENT_3D('',#20704,#20705,#20706);
#20704 = CARTESIAN_POINT('',(0.12,-0.32,5.77));
#20705 = DIRECTION('',(-0.707106781187,0.,-0.707106781187));
#20706 = DIRECTION('',(0.,1.,0.));
#20707 = ADVANCED_FACE('',(#20708),#20719,.F.);
#20708 = FACE_BOUND('',#20709,.T.);
#20709 = EDGE_LOOP('',(#20710,#20711,#20712,#20718));
#20710 = ORIENTED_EDGE('',*,*,#20672,.T.);
#20711 = ORIENTED_EDGE('',*,*,#20418,.F.);
#20712 = ORIENTED_EDGE('',*,*,#20713,.T.);
#20713 = EDGE_CURVE('',#20411,#20441,#20714,.T.);
#20714 = LINE('',#20715,#20716);
#20715 = CARTESIAN_POINT('',(-0.106666666667,0.106666666667,
    5.783333333333));
#20716 = VECTOR('',#20717,1.);
#20717 = DIRECTION('',(-0.57735026919,0.57735026919,-0.57735026919));
#20718 = ORIENTED_EDGE('',*,*,#20466,.F.);
#20719 = PLANE('',#20720);
#20720 = AXIS2_PLACEMENT_3D('',#20721,#20722,#20723);
#20721 = CARTESIAN_POINT('',(-0.32,-0.32,5.57));
#20722 = DIRECTION('',(0.707106781187,0.,-0.707106781187));
#20723 = DIRECTION('',(0.,1.,0.));
#20724 = ADVANCED_FACE('',(#20725),#20731,.F.);
#20725 = FACE_BOUND('',#20726,.T.);
#20726 = EDGE_LOOP('',(#20727,#20728,#20729,#20730));
#20727 = ORIENTED_EDGE('',*,*,#20696,.F.);
#20728 = ORIENTED_EDGE('',*,*,#20590,.F.);
#20729 = ORIENTED_EDGE('',*,*,#20713,.F.);
#20730 = ORIENTED_EDGE('',*,*,#20410,.F.);
#20731 = PLANE('',#20732);
#20732 = AXIS2_PLACEMENT_3D('',#20733,#20734,#20735);
#20733 = CARTESIAN_POINT('',(0.32,0.12,5.77));
#20734 = DIRECTION('',(0.,-0.707106781187,-0.707106781187));
#20735 = DIRECTION('',(-1.,-0.,0.));
#20736 = ( GEOMETRIC_REPRESENTATION_CONTEXT(3) 
GLOBAL_UNCERTAINTY_ASSIGNED_CONTEXT((#20740)) 
GLOBAL_UNIT_ASSIGNED_CONTEXT((#20737,#20738,#20739)) 
REPRESENTATION_CONTEXT('Context #1',
  '3D Context with UNIT and UNCERTAINTY') );
#20737 = ( LENGTH_UNIT() NAMED_UNIT(*) SI_UNIT(.MILLI.,.METRE.) );
#20738 = ( NAMED_UNIT(*) PLANE_ANGLE_UNIT() SI_UNIT($,.RADIAN.) );
#20739 = ( NAMED_UNIT(*) SI_UNIT($,.STERADIAN.) SOLID_ANGLE_UNIT() );
#20740 = UNCERTAINTY_MEASURE_WITH_UNIT(LENGTH_MEASURE(1.E-07),#20737,
  'distance_accuracy_value','confusion accuracy');
#20741 = SHAPE_DEFINITION_REPRESENTATION(#20742,#20393);
#20742 = PRODUCT_DEFINITION_SHAPE('','',#20743);
#20743 = PRODUCT_DEFINITION('design','',#20744,#20747);
#20744 = PRODUCT_DEFINITION_FORMATION('','',#20745);
#20745 = PRODUCT('6130xx21121_PIN','6130xx21121_PIN','',(#20746));
#20746 = PRODUCT_CONTEXT('',#2,'mechanical');
#20747 = PRODUCT_DEFINITION_CONTEXT('part definition',#2,'design');
#20748 = CONTEXT_DEPENDENT_SHAPE_REPRESENTATION(#20749,#20751);
#20749 = ( REPRESENTATION_RELATIONSHIP('','',#20393,#12960) 
REPRESENTATION_RELATIONSHIP_WITH_TRANSFORMATION(#20750) 
SHAPE_REPRESENTATION_RELATIONSHIP() );
#20750 = ITEM_DEFINED_TRANSFORMATION('','',#11,#12965);
#20751 = PRODUCT_DEFINITION_SHAPE('Placement','Placement of an item',
  #20752);
#20752 = NEXT_ASSEMBLY_USAGE_OCCURRENCE('187','6130xx21121_PIN','',
  #12955,#20743,$);
#20753 = PRODUCT_RELATED_PRODUCT_CATEGORY('part',$,(#20745));
#20754 = CONTEXT_DEPENDENT_SHAPE_REPRESENTATION(#20755,#20757);
#20755 = ( REPRESENTATION_RELATIONSHIP('','',#20393,#12960) 
REPRESENTATION_RELATIONSHIP_WITH_TRANSFORMATION(#20756) 
SHAPE_REPRESENTATION_RELATIONSHIP() );
#20756 = ITEM_DEFINED_TRANSFORMATION('','',#11,#12969);
#20757 = PRODUCT_DEFINITION_SHAPE('Placement','Placement of an item',
  #20758);
#20758 = NEXT_ASSEMBLY_USAGE_OCCURRENCE('188','6130xx21121_PIN','',
  #12955,#20743,$);
#20759 = CONTEXT_DEPENDENT_SHAPE_REPRESENTATION(#20760,#20762);
#20760 = ( REPRESENTATION_RELATIONSHIP('','',#20393,#12960) 
REPRESENTATION_RELATIONSHIP_WITH_TRANSFORMATION(#20761) 
SHAPE_REPRESENTATION_RELATIONSHIP() );
#20761 = ITEM_DEFINED_TRANSFORMATION('','',#11,#12973);
#20762 = PRODUCT_DEFINITION_SHAPE('Placement','Placement of an item',
  #20763);
#20763 = NEXT_ASSEMBLY_USAGE_OCCURRENCE('189','6130xx21121_PIN','',
  #12955,#20743,$);
#20764 = CONTEXT_DEPENDENT_SHAPE_REPRESENTATION(#20765,#20767);
#20765 = ( REPRESENTATION_RELATIONSHIP('','',#20393,#12960) 
REPRESENTATION_RELATIONSHIP_WITH_TRANSFORMATION(#20766) 
SHAPE_REPRESENTATION_RELATIONSHIP() );
#20766 = ITEM_DEFINED_TRANSFORMATION('','',#11,#12977);
#20767 = PRODUCT_DEFINITION_SHAPE('Placement','Placement of an item',
  #20768);
#20768 = NEXT_ASSEMBLY_USAGE_OCCURRENCE('190','6130xx21121_PIN','',
  #12955,#20743,$);
#20769 = CONTEXT_DEPENDENT_SHAPE_REPRESENTATION(#20770,#20772);
#20770 = ( REPRESENTATION_RELATIONSHIP('','',#20393,#12960) 
REPRESENTATION_RELATIONSHIP_WITH_TRANSFORMATION(#20771) 
SHAPE_REPRESENTATION_RELATIONSHIP() );
#20771 = ITEM_DEFINED_TRANSFORMATION('','',#11,#12981);
#20772 = PRODUCT_DEFINITION_SHAPE('Placement','Placement of an item',
  #20773);
#20773 = NEXT_ASSEMBLY_USAGE_OCCURRENCE('191','6130xx21121_PIN','',
  #12955,#20743,$);
#20774 = CONTEXT_DEPENDENT_SHAPE_REPRESENTATION(#20775,#20777);
#20775 = ( REPRESENTATION_RELATIONSHIP('','',#20393,#12960) 
REPRESENTATION_RELATIONSHIP_WITH_TRANSFORMATION(#20776) 
SHAPE_REPRESENTATION_RELATIONSHIP() );
#20776 = ITEM_DEFINED_TRANSFORMATION('','',#11,#12985);
#20777 = PRODUCT_DEFINITION_SHAPE('Placement','Placement of an item',
  #20778);
#20778 = NEXT_ASSEMBLY_USAGE_OCCURRENCE('192','6130xx21121_PIN','',
  #12955,#20743,$);
#20779 = CONTEXT_DEPENDENT_SHAPE_REPRESENTATION(#20780,#20782);
#20780 = ( REPRESENTATION_RELATIONSHIP('','',#20393,#12960) 
REPRESENTATION_RELATIONSHIP_WITH_TRANSFORMATION(#20781) 
SHAPE_REPRESENTATION_RELATIONSHIP() );
#20781 = ITEM_DEFINED_TRANSFORMATION('','',#11,#12989);
#20782 = PRODUCT_DEFINITION_SHAPE('Placement','Placement of an item',
  #20783);
#20783 = NEXT_ASSEMBLY_USAGE_OCCURRENCE('193','6130xx21121_PIN','',
  #12955,#20743,$);
#20784 = CONTEXT_DEPENDENT_SHAPE_REPRESENTATION(#20785,#20787);
#20785 = ( REPRESENTATION_RELATIONSHIP('','',#20393,#12960) 
REPRESENTATION_RELATIONSHIP_WITH_TRANSFORMATION(#20786) 
SHAPE_REPRESENTATION_RELATIONSHIP() );
#20786 = ITEM_DEFINED_TRANSFORMATION('','',#11,#12993);
#20787 = PRODUCT_DEFINITION_SHAPE('Placement','Placement of an item',
  #20788);
#20788 = NEXT_ASSEMBLY_USAGE_OCCURRENCE('194','6130xx21121_PIN','',
  #12955,#20743,$);
#20789 = CONTEXT_DEPENDENT_SHAPE_REPRESENTATION(#20790,#20792);
#20790 = ( REPRESENTATION_RELATIONSHIP('','',#20393,#12960) 
REPRESENTATION_RELATIONSHIP_WITH_TRANSFORMATION(#20791) 
SHAPE_REPRESENTATION_RELATIONSHIP() );
#20791 = ITEM_DEFINED_TRANSFORMATION('','',#11,#12997);
#20792 = PRODUCT_DEFINITION_SHAPE('Placement','Placement of an item',
  #20793);
#20793 = NEXT_ASSEMBLY_USAGE_OCCURRENCE('195','6130xx21121_PIN','',
  #12955,#20743,$);
#20794 = CONTEXT_DEPENDENT_SHAPE_REPRESENTATION(#20795,#20797);
#20795 = ( REPRESENTATION_RELATIONSHIP('','',#20393,#12960) 
REPRESENTATION_RELATIONSHIP_WITH_TRANSFORMATION(#20796) 
SHAPE_REPRESENTATION_RELATIONSHIP() );
#20796 = ITEM_DEFINED_TRANSFORMATION('','',#11,#13001);
#20797 = PRODUCT_DEFINITION_SHAPE('Placement','Placement of an item',
  #20798);
#20798 = NEXT_ASSEMBLY_USAGE_OCCURRENCE('196','6130xx21121_PIN','',
  #12955,#20743,$);
#20799 = CONTEXT_DEPENDENT_SHAPE_REPRESENTATION(#20800,#20802);
#20800 = ( REPRESENTATION_RELATIONSHIP('','',#20393,#12960) 
REPRESENTATION_RELATIONSHIP_WITH_TRANSFORMATION(#20801) 
SHAPE_REPRESENTATION_RELATIONSHIP() );
#20801 = ITEM_DEFINED_TRANSFORMATION('','',#11,#13005);
#20802 = PRODUCT_DEFINITION_SHAPE('Placement','Placement of an item',
  #20803);
#20803 = NEXT_ASSEMBLY_USAGE_OCCURRENCE('197','6130xx21121_PIN','',
  #12955,#20743,$);
#20804 = CONTEXT_DEPENDENT_SHAPE_REPRESENTATION(#20805,#20807);
#20805 = ( REPRESENTATION_RELATIONSHIP('','',#20393,#12960) 
REPRESENTATION_RELATIONSHIP_WITH_TRANSFORMATION(#20806) 
SHAPE_REPRESENTATION_RELATIONSHIP() );
#20806 = ITEM_DEFINED_TRANSFORMATION('','',#11,#13009);
#20807 = PRODUCT_DEFINITION_SHAPE('Placement','Placement of an item',
  #20808);
#20808 = NEXT_ASSEMBLY_USAGE_OCCURRENCE('198','6130xx21121_PIN','',
  #12955,#20743,$);
#20809 = CONTEXT_DEPENDENT_SHAPE_REPRESENTATION(#20810,#20812);
#20810 = ( REPRESENTATION_RELATIONSHIP('','',#20393,#12960) 
REPRESENTATION_RELATIONSHIP_WITH_TRANSFORMATION(#20811) 
SHAPE_REPRESENTATION_RELATIONSHIP() );
#20811 = ITEM_DEFINED_TRANSFORMATION('','',#11,#13013);
#20812 = PRODUCT_DEFINITION_SHAPE('Placement','Placement of an item',
  #20813);
#20813 = NEXT_ASSEMBLY_USAGE_OCCURRENCE('199','6130xx21121_PIN','',
  #12955,#20743,$);
#20814 = CONTEXT_DEPENDENT_SHAPE_REPRESENTATION(#20815,#20817);
#20815 = ( REPRESENTATION_RELATIONSHIP('','',#20393,#12960) 
REPRESENTATION_RELATIONSHIP_WITH_TRANSFORMATION(#20816) 
SHAPE_REPRESENTATION_RELATIONSHIP() );
#20816 = ITEM_DEFINED_TRANSFORMATION('','',#11,#13017);
#20817 = PRODUCT_DEFINITION_SHAPE('Placement','Placement of an item',
  #20818);
#20818 = NEXT_ASSEMBLY_USAGE_OCCURRENCE('200','6130xx21121_PIN','',
  #12955,#20743,$);
#20819 = CONTEXT_DEPENDENT_SHAPE_REPRESENTATION(#20820,#20822);
#20820 = ( REPRESENTATION_RELATIONSHIP('','',#20393,#12960) 
REPRESENTATION_RELATIONSHIP_WITH_TRANSFORMATION(#20821) 
SHAPE_REPRESENTATION_RELATIONSHIP() );
#20821 = ITEM_DEFINED_TRANSFORMATION('','',#11,#13021);
#20822 = PRODUCT_DEFINITION_SHAPE('Placement','Placement of an item',
  #20823);
#20823 = NEXT_ASSEMBLY_USAGE_OCCURRENCE('201','6130xx21121_PIN','',
  #12955,#20743,$);
#20824 = CONTEXT_DEPENDENT_SHAPE_REPRESENTATION(#20825,#20827);
#20825 = ( REPRESENTATION_RELATIONSHIP('','',#20393,#12960) 
REPRESENTATION_RELATIONSHIP_WITH_TRANSFORMATION(#20826) 
SHAPE_REPRESENTATION_RELATIONSHIP() );
#20826 = ITEM_DEFINED_TRANSFORMATION('','',#11,#13025);
#20827 = PRODUCT_DEFINITION_SHAPE('Placement','Placement of an item',
  #20828);
#20828 = NEXT_ASSEMBLY_USAGE_OCCURRENCE('202','6130xx21121_PIN','',
  #12955,#20743,$);
#20829 = CONTEXT_DEPENDENT_SHAPE_REPRESENTATION(#20830,#20832);
#20830 = ( REPRESENTATION_RELATIONSHIP('','',#20393,#12960) 
REPRESENTATION_RELATIONSHIP_WITH_TRANSFORMATION(#20831) 
SHAPE_REPRESENTATION_RELATIONSHIP() );
#20831 = ITEM_DEFINED_TRANSFORMATION('','',#11,#13029);
#20832 = PRODUCT_DEFINITION_SHAPE('Placement','Placement of an item',
  #20833);
#20833 = NEXT_ASSEMBLY_USAGE_OCCURRENCE('203','6130xx21121_PIN','',
  #12955,#20743,$);
#20834 = CONTEXT_DEPENDENT_SHAPE_REPRESENTATION(#20835,#20837);
#20835 = ( REPRESENTATION_RELATIONSHIP('','',#20393,#12960) 
REPRESENTATION_RELATIONSHIP_WITH_TRANSFORMATION(#20836) 
SHAPE_REPRESENTATION_RELATIONSHIP() );
#20836 = ITEM_DEFINED_TRANSFORMATION('','',#11,#13033);
#20837 = PRODUCT_DEFINITION_SHAPE('Placement','Placement of an item',
  #20838);
#20838 = NEXT_ASSEMBLY_USAGE_OCCURRENCE('204','6130xx21121_PIN','',
  #12955,#20743,$);
#20839 = CONTEXT_DEPENDENT_SHAPE_REPRESENTATION(#20840,#20842);
#20840 = ( REPRESENTATION_RELATIONSHIP('','',#20393,#12960) 
REPRESENTATION_RELATIONSHIP_WITH_TRANSFORMATION(#20841) 
SHAPE_REPRESENTATION_RELATIONSHIP() );
#20841 = ITEM_DEFINED_TRANSFORMATION('','',#11,#13037);
#20842 = PRODUCT_DEFINITION_SHAPE('Placement','Placement of an item',
  #20843);
#20843 = NEXT_ASSEMBLY_USAGE_OCCURRENCE('205','6130xx21121_PIN','',
  #12955,#20743,$);
#20844 = CONTEXT_DEPENDENT_SHAPE_REPRESENTATION(#20845,#20847);
#20845 = ( REPRESENTATION_RELATIONSHIP('','',#20393,#12960) 
REPRESENTATION_RELATIONSHIP_WITH_TRANSFORMATION(#20846) 
SHAPE_REPRESENTATION_RELATIONSHIP() );
#20846 = ITEM_DEFINED_TRANSFORMATION('','',#11,#13041);
#20847 = PRODUCT_DEFINITION_SHAPE('Placement','Placement of an item',
  #20848);
#20848 = NEXT_ASSEMBLY_USAGE_OCCURRENCE('206','6130xx21121_PIN','',
  #12955,#20743,$);
#20849 = CONTEXT_DEPENDENT_SHAPE_REPRESENTATION(#20850,#20852);
#20850 = ( REPRESENTATION_RELATIONSHIP('','',#20393,#12960) 
REPRESENTATION_RELATIONSHIP_WITH_TRANSFORMATION(#20851) 
SHAPE_REPRESENTATION_RELATIONSHIP() );
#20851 = ITEM_DEFINED_TRANSFORMATION('','',#11,#13045);
#20852 = PRODUCT_DEFINITION_SHAPE('Placement','Placement of an item',
  #20853);
#20853 = NEXT_ASSEMBLY_USAGE_OCCURRENCE('207','6130xx21121_PIN','',
  #12955,#20743,$);
#20854 = CONTEXT_DEPENDENT_SHAPE_REPRESENTATION(#20855,#20857);
#20855 = ( REPRESENTATION_RELATIONSHIP('','',#20393,#12960) 
REPRESENTATION_RELATIONSHIP_WITH_TRANSFORMATION(#20856) 
SHAPE_REPRESENTATION_RELATIONSHIP() );
#20856 = ITEM_DEFINED_TRANSFORMATION('','',#11,#13049);
#20857 = PRODUCT_DEFINITION_SHAPE('Placement','Placement of an item',
  #20858);
#20858 = NEXT_ASSEMBLY_USAGE_OCCURRENCE('208','6130xx21121_PIN','',
  #12955,#20743,$);
#20859 = CONTEXT_DEPENDENT_SHAPE_REPRESENTATION(#20860,#20862);
#20860 = ( REPRESENTATION_RELATIONSHIP('','',#20393,#12960) 
REPRESENTATION_RELATIONSHIP_WITH_TRANSFORMATION(#20861) 
SHAPE_REPRESENTATION_RELATIONSHIP() );
#20861 = ITEM_DEFINED_TRANSFORMATION('','',#11,#13053);
#20862 = PRODUCT_DEFINITION_SHAPE('Placement','Placement of an item',
  #20863);
#20863 = NEXT_ASSEMBLY_USAGE_OCCURRENCE('209','6130xx21121_PIN','',
  #12955,#20743,$);
#20864 = CONTEXT_DEPENDENT_SHAPE_REPRESENTATION(#20865,#20867);
#20865 = ( REPRESENTATION_RELATIONSHIP('','',#20393,#12960) 
REPRESENTATION_RELATIONSHIP_WITH_TRANSFORMATION(#20866) 
SHAPE_REPRESENTATION_RELATIONSHIP() );
#20866 = ITEM_DEFINED_TRANSFORMATION('','',#11,#13057);
#20867 = PRODUCT_DEFINITION_SHAPE('Placement','Placement of an item',
  #20868);
#20868 = NEXT_ASSEMBLY_USAGE_OCCURRENCE('210','6130xx21121_PIN','',
  #12955,#20743,$);
#20869 = CONTEXT_DEPENDENT_SHAPE_REPRESENTATION(#20870,#20872);
#20870 = ( REPRESENTATION_RELATIONSHIP('','',#12960,#12943) 
REPRESENTATION_RELATIONSHIP_WITH_TRANSFORMATION(#20871) 
SHAPE_REPRESENTATION_RELATIONSHIP() );
#20871 = ITEM_DEFINED_TRANSFORMATION('','',#11,#12944);
#20872 = PRODUCT_DEFINITION_SHAPE('Placement','Placement of an item',
  #20873);
#20873 = NEXT_ASSEMBLY_USAGE_OCCURRENCE('211','','',#12938,#12955,$);
#20874 = PRODUCT_RELATED_PRODUCT_CATEGORY('part',$,(#12957));
#20875 = CONTEXT_DEPENDENT_SHAPE_REPRESENTATION(#20876,#20878);
#20876 = ( REPRESENTATION_RELATIONSHIP('','',#12943,#10) 
REPRESENTATION_RELATIONSHIP_WITH_TRANSFORMATION(#20877) 
SHAPE_REPRESENTATION_RELATIONSHIP() );
#20877 = ITEM_DEFINED_TRANSFORMATION('','',#11,#23);
#20878 = PRODUCT_DEFINITION_SHAPE('Placement','Placement of an item',
  #20879);
#20879 = NEXT_ASSEMBLY_USAGE_OCCURRENCE('212','','',#5,#12938,$);
#20880 = PRODUCT_RELATED_PRODUCT_CATEGORY('part',$,(#12940));
#20881 = MECHANICAL_DESIGN_GEOMETRIC_PRESENTATION_REPRESENTATION('',(
    #20882),#20736);
#20882 = STYLED_ITEM('color',(#20883),#20394);
#20883 = PRESENTATION_STYLE_ASSIGNMENT((#20884));
#20884 = SURFACE_STYLE_USAGE(.BOTH.,#20885);
#20885 = SURFACE_SIDE_STYLE('',(#20886));
#20886 = SURFACE_STYLE_FILL_AREA(#20887);
#20887 = FILL_AREA_STYLE('',(#20888));
#20888 = FILL_AREA_STYLE_COLOUR('',#20889);
#20889 = COLOUR_RGB('',0.750000000934,0.569999999601,0.409999990672);
#20890 = MECHANICAL_DESIGN_GEOMETRIC_PRESENTATION_REPRESENTATION('',(
    #20891),#12851);
#20891 = STYLED_ITEM('color',(#20892),#12509);
#20892 = PRESENTATION_STYLE_ASSIGNMENT((#20893));
#20893 = SURFACE_STYLE_USAGE(.BOTH.,#20894);
#20894 = SURFACE_SIDE_STYLE('',(#20895));
#20895 = SURFACE_STYLE_FILL_AREA(#20896);
#20896 = FILL_AREA_STYLE('',(#20897));
#20897 = FILL_AREA_STYLE_COLOUR('',#20889);
#20898 = MECHANICAL_DESIGN_GEOMETRIC_PRESENTATION_REPRESENTATION('',(
    #20899),#20375);
#20899 = STYLED_ITEM('color',(#20900),#13067);
#20900 = PRESENTATION_STYLE_ASSIGNMENT((#20901));
#20901 = SURFACE_STYLE_USAGE(.BOTH.,#20902);
#20902 = SURFACE_SIDE_STYLE('',(#20903));
#20903 = SURFACE_STYLE_FILL_AREA(#20904);
#20904 = FILL_AREA_STYLE('',(#20905));
#20905 = FILL_AREA_STYLE_COLOUR('',#20906);
#20906 = COLOUR_RGB('',0.188235296286,0.188235296286,0.188235296286);
#20907 = MECHANICAL_DESIGN_GEOMETRIC_PRESENTATION_REPRESENTATION('',(
    #20908),#8687);
#20908 = STYLED_ITEM('color',(#20909),#51);
#20909 = PRESENTATION_STYLE_ASSIGNMENT((#20910,#20916));
#20910 = SURFACE_STYLE_USAGE(.BOTH.,#20911);
#20911 = SURFACE_SIDE_STYLE('',(#20912));
#20912 = SURFACE_STYLE_FILL_AREA(#20913);
#20913 = FILL_AREA_STYLE('',(#20914));
#20914 = FILL_AREA_STYLE_COLOUR('',#20915);
#20915 = COLOUR_RGB('',0.1411764689,0.47058824112,0.196078429142);
#20916 = CURVE_STYLE('',#20917,POSITIVE_LENGTH_MEASURE(0.1),#20915);
#20917 = DRAUGHTING_PRE_DEFINED_CURVE_FONT('continuous');
#20918 = MECHANICAL_DESIGN_GEOMETRIC_PRESENTATION_REPRESENTATION('',(
    #20919),#12490);
#20919 = STYLED_ITEM('color',(#20920),#8794);
#20920 = PRESENTATION_STYLE_ASSIGNMENT((#20921));
#20921 = SURFACE_STYLE_USAGE(.BOTH.,#20922);
#20922 = SURFACE_SIDE_STYLE('',(#20923));
#20923 = SURFACE_STYLE_FILL_AREA(#20924);
#20924 = FILL_AREA_STYLE('',(#20925));
#20925 = FILL_AREA_STYLE_COLOUR('',#20906);
ENDSEC;
END-ISO-10303-21;
